ISO-10303-21;
HEADER;
/* Generated by software containing ST-Developer
 * from STEP Tools, Inc. (www.steptools.com) 
 */
/* OPTION: using custom renumber hook */

FILE_DESCRIPTION(
/* description */ ('STEP AP242 Edition 2',
'CAx-IF Rec.Pracs.---Representation and Presentation of Product Manufa
cturing Information (PMI)---4.0---2014-10-13',
'CAx-IF Rec.Pracs.---3D Tessellated Geometry---0.4---2014-09-14','2;1',
'CAx-IF Rec.Pracs.---User Defined Attributes---1.5---2016-08-15'),
/* implementation_level */ '2;1');

FILE_NAME(
/* name */ 'Dockingstation - Top Shell',
/* time_stamp */ '2026-08-12T15:41:56Z',
/* author */ (''),
/* organization */ (''),
/* preprocessor_version */ 'ST-DEVELOPER v20',
/* originating_system */ 'ONSHAPE BY PTC INC, 1.219',
/* authorisation */ '  ');

FILE_SCHEMA (('AP242_MANAGED_MODEL_BASED_3D_ENGINEERING_MIM_LF { 1 0 10303 442 3 1 4 }'));
ENDSEC;

DATA;
#10=SHAPE_REPRESENTATION_RELATIONSHIP('','',#1230,#11);
#11=ADVANCED_BREP_SHAPE_REPRESENTATION('',(#1228),#2279);
#12=SPHERICAL_SURFACE('',#1305,0.0015);
#13=SPHERICAL_SURFACE('',#1316,0.0015);
#14=SPHERICAL_SURFACE('',#1318,0.0015);
#15=(
BOUNDED_SURFACE()
B_SPLINE_SURFACE(3,2,((#2042,#2043,#2044),(#2045,#2046,#2047),(#2048,#2049,
#2050),(#2051,#2052,#2053)),.UNSPECIFIED.,.F.,.F.,.F.)
B_SPLINE_SURFACE_WITH_KNOTS((4,4),(3,3),(0.0188016629504735,0.0212253448646075),
(0.184805979382408,1.),.PIECEWISE_BEZIER_KNOTS.)
GEOMETRIC_REPRESENTATION_ITEM()
RATIONAL_B_SPLINE_SURFACE(((0.958128417081412,0.886714750630591,1.),(0.957112801368791,
0.883966961527621,1.),(0.956325684390968,0.881837384929361,1.),(0.956333873993031,
0.88185954222668,1.)))
REPRESENTATION_ITEM('')
SURFACE()
);
#16=(
BOUNDED_SURFACE()
B_SPLINE_SURFACE(3,2,((#2067,#2068,#2069),(#2070,#2071,#2072),(#2073,#2074,
#2075),(#2076,#2077,#2078),(#2079,#2080,#2081),(#2082,#2083,#2084),(#2085,
#2086,#2087)),.UNSPECIFIED.,.F.,.F.,.F.)
B_SPLINE_SURFACE_WITH_KNOTS((4,1,1,1,4),(3,3),(4.71238898038469,5.10508806208341,
5.49778714378214,5.89048622548086,6.28318530717959),(0.,1.),
 .UNSPECIFIED.)
GEOMETRIC_REPRESENTATION_ITEM()
RATIONAL_B_SPLINE_SURFACE(((1.,1.,1.),(1.,0.999999999985521,1.),(1.,0.973464424252577,
1.),(1.,0.869029034424644,1.),(1.,0.746571860755486,1.),(1.,0.707106781348516,
1.),(1.,0.707106781186548,1.)))
REPRESENTATION_ITEM('')
SURFACE()
);
#17=(
BOUNDED_SURFACE()
B_SPLINE_SURFACE(3,2,((#2100,#2101,#2102),(#2103,#2104,#2105),(#2106,#2107,
#2108),(#2109,#2110,#2111),(#2112,#2113,#2114),(#2115,#2116,#2117),(#2118,
#2119,#2120)),.UNSPECIFIED.,.F.,.F.,.F.)
B_SPLINE_SURFACE_WITH_KNOTS((4,1,1,1,4),(3,3),(4.71238898038469,5.10508806208341,
5.49778714378214,5.89048622548086,6.28318530717959),(0.,1.),
 .UNSPECIFIED.)
GEOMETRIC_REPRESENTATION_ITEM()
RATIONAL_B_SPLINE_SURFACE(((1.,1.,1.),(1.,0.999999999985521,1.),(1.,0.973464424252578,
1.),(1.,0.869029034424645,1.),(1.,0.746571860755486,1.),(1.,0.707106781348516,
1.),(1.,0.707106781186548,1.)))
REPRESENTATION_ITEM('')
SURFACE()
);
#18=(
BOUNDED_SURFACE()
B_SPLINE_SURFACE(3,2,((#2132,#2133,#2134),(#2135,#2136,#2137),(#2138,#2139,
#2140),(#2141,#2142,#2143),(#2144,#2145,#2146),(#2147,#2148,#2149),(#2150,
#2151,#2152)),.UNSPECIFIED.,.F.,.F.,.F.)
B_SPLINE_SURFACE_WITH_KNOTS((4,1,1,1,4),(3,3),(4.71238898038469,5.10508806208341,
5.49778714378214,5.89048622548086,6.28318530717959),(0.,1.),
 .UNSPECIFIED.)
GEOMETRIC_REPRESENTATION_ITEM()
RATIONAL_B_SPLINE_SURFACE(((1.,1.,1.),(1.,0.999999999985521,1.),(1.,0.973464424252576,
1.),(1.,0.869029034424648,1.),(1.,0.746571860755475,1.),(1.,0.707106781348537,
1.),(1.,0.707106781186547,1.)))
REPRESENTATION_ITEM('')
SURFACE()
);
#19=(
BOUNDED_SURFACE()
B_SPLINE_SURFACE(3,2,((#2161,#2162,#2163),(#2164,#2165,#2166),(#2167,#2168,
#2169),(#2170,#2171,#2172)),.UNSPECIFIED.,.F.,.F.,.F.)
B_SPLINE_SURFACE_WITH_KNOTS((4,4),(3,3),(0.0188016629504733,0.0212253448646075),
(0.,0.815194013067939),.PIECEWISE_BEZIER_KNOTS.)
GEOMETRIC_REPRESENTATION_ITEM()
RATIONAL_B_SPLINE_SURFACE(((1.,0.886714751679745,0.958128415758663),(1.,
0.883966962601928,0.957112800013849),(1.,0.881837386023281,0.956325683011121),
(1.,0.881859543320798,0.956333872613591)))
REPRESENTATION_ITEM('')
SURFACE()
);
#20=(
BOUNDED_SURFACE()
B_SPLINE_SURFACE(3,2,((#2178,#2179,#2180),(#2181,#2182,#2183),(#2184,#2185,
#2186),(#2187,#2188,#2189),(#2190,#2191,#2192),(#2193,#2194,#2195),(#2196,
#2197,#2198)),.UNSPECIFIED.,.F.,.F.,.F.)
B_SPLINE_SURFACE_WITH_KNOTS((4,1,1,1,4),(3,3),(4.71238898038469,5.10508806208341,
5.49778714378214,5.89048622548086,6.28318530717959),(0.,1.),
 .UNSPECIFIED.)
GEOMETRIC_REPRESENTATION_ITEM()
RATIONAL_B_SPLINE_SURFACE(((1.,1.,1.),(1.,0.999999999985521,1.),(1.,0.973464424252575,
1.),(1.,0.869029034424642,1.),(1.,0.746571860755489,1.),(1.,0.707106781348509,
1.),(1.,0.707106781186548,1.)))
REPRESENTATION_ITEM('')
SURFACE()
);
#21=B_SPLINE_SURFACE_WITH_KNOTS('',1,3,((#1862,#1863,#1864,#1865,#1866,
#1867,#1868),(#1869,#1870,#1871,#1872,#1873,#1874,#1875),(#1876,#1877,#1878,
#1879,#1880,#1881,#1882)),.RULED_SURF.,.F.,.F.,.F.,(2,1,2),(4,3,4),(-0.00600401537933183,
0.,1.),(-1.97959738688681E-6,0.,0.000325382249979604),
 .PIECEWISE_BEZIER_KNOTS.);
#22=B_SPLINE_SURFACE_WITH_KNOTS('',1,3,((#1906,#1907,#1908,#1909),(#1910,
#1911,#1912,#1913),(#1914,#1915,#1916,#1917),(#1918,#1919,#1920,#1921)),
 .RULED_SURF.,.F.,.F.,.F.,(2,1,1,2),(4,4),(-0.00600411518876364,0.,1.,1.00601632677559),
(0.,0.000325382249979204),.PIECEWISE_BEZIER_KNOTS.);
#23=B_SPLINE_SURFACE_WITH_KNOTS('',1,3,((#1935,#1936,#1937,#1938,#1939,
#1940,#1941,#1942,#1943,#1944),(#1945,#1946,#1947,#1948,#1949,#1950,#1951,
#1952,#1953,#1954),(#1955,#1956,#1957,#1958,#1959,#1960,#1961,#1962,#1963,
#1964)),.RULED_SURF.,.F.,.F.,.F.,(2,1,2),(4,2,2,2,4),(0.,1.,1.00498450646054),
(3.5381555418773E-17,0.000358604410714546,0.000717208821429058,0.00107581323214357,
0.00143441764285808),.UNSPECIFIED.);
#24=B_SPLINE_SURFACE_WITH_KNOTS('',1,3,((#1994,#1995,#1996,#1997,#1998,
#1999,#2000,#2001,#2002,#2003),(#2004,#2005,#2006,#2007,#2008,#2009,#2010,
#2011,#2012,#2013),(#2014,#2015,#2016,#2017,#2018,#2019,#2020,#2021,#2022,
#2023)),.RULED_SURF.,.F.,.F.,.F.,(2,1,2),(4,2,2,2,4),(-0.00602666044876844,
0.,1.),(0.000295791194437771,0.000654642770635342,0.00101349434683291,0.00137234592303049,
0.00173119749922806),.UNSPECIFIED.);
#25=CYLINDRICAL_SURFACE('',#1255,0.0015);
#26=CYLINDRICAL_SURFACE('',#1257,0.0015);
#27=CYLINDRICAL_SURFACE('',#1259,0.0015);
#28=CYLINDRICAL_SURFACE('',#1261,0.0015);
#29=CYLINDRICAL_SURFACE('',#1271,0.000599973525784718);
#30=CYLINDRICAL_SURFACE('',#1273,0.00192994182477046);
#31=CYLINDRICAL_SURFACE('',#1274,0.0019301440751092);
#32=CYLINDRICAL_SURFACE('',#1277,0.000597886460090503);
#33=CYLINDRICAL_SURFACE('',#1278,0.0017);
#34=CYLINDRICAL_SURFACE('',#1282,0.0027);
#35=CYLINDRICAL_SURFACE('',#1285,0.0017);
#36=CYLINDRICAL_SURFACE('',#1288,0.0027);
#37=CYLINDRICAL_SURFACE('',#1291,0.0017);
#38=CYLINDRICAL_SURFACE('',#1294,0.0027);
#39=CYLINDRICAL_SURFACE('',#1296,0.0043);
#40=CYLINDRICAL_SURFACE('',#1299,0.0017);
#41=CYLINDRICAL_SURFACE('',#1300,0.0027);
#42=CYLINDRICAL_SURFACE('',#1303,0.0015);
#43=CYLINDRICAL_SURFACE('',#1308,0.0015);
#44=CYLINDRICAL_SURFACE('',#1310,0.0015);
#45=CYLINDRICAL_SURFACE('',#1312,0.0015);
#46=CYLINDRICAL_SURFACE('',#1314,0.0015);
#47=CYLINDRICAL_SURFACE('',#1320,0.0015);
#48=CYLINDRICAL_SURFACE('',#1322,0.0015);
#49=B_SPLINE_CURVE_WITH_KNOTS('',3,(#1724,#1725,#1726,#1727),
 .UNSPECIFIED.,.F.,.F.,(4,4),(0.,0.00143441764285803),.UNSPECIFIED.);
#50=B_SPLINE_CURVE_WITH_KNOTS('',3,(#1731,#1732,#1733,#1734),
 .UNSPECIFIED.,.F.,.F.,(4,4),(0.000295791194437759,0.00173119749922804),
 .UNSPECIFIED.);
#51=B_SPLINE_CURVE_WITH_KNOTS('',3,(#1736,#1737,#1738,#1739),
 .UNSPECIFIED.,.F.,.F.,(4,4),(0.,1.),.UNSPECIFIED.);
#52=B_SPLINE_CURVE_WITH_KNOTS('',3,(#1853,#1854,#1855,#1856),
 .UNSPECIFIED.,.F.,.F.,(4,4),(0.,1.),.UNSPECIFIED.);
#53=B_SPLINE_CURVE_WITH_KNOTS('',3,(#1858,#1859,#1860,#1861),
 .UNSPECIFIED.,.F.,.F.,(4,4),(0.00319933950821208,0.00329743668379966),
 .UNSPECIFIED.);
#54=B_SPLINE_CURVE_WITH_KNOTS('',3,(#1883,#1884,#1885,#1886),
 .UNSPECIFIED.,.F.,.F.,(4,4),(0.,0.000325382249979601),.UNSPECIFIED.);
#55=B_SPLINE_CURVE_WITH_KNOTS('',3,(#1888,#1889,#1890,#1891),
 .UNSPECIFIED.,.F.,.F.,(4,4),(0.,1.),.UNSPECIFIED.);
#56=B_SPLINE_CURVE_WITH_KNOTS('',3,(#1893,#1894,#1895,#1896),
 .UNSPECIFIED.,.F.,.F.,(4,4),(0.,1.),.UNSPECIFIED.);
#57=B_SPLINE_CURVE_WITH_KNOTS('',3,(#1900,#1901,#1902,#1903),
 .UNSPECIFIED.,.F.,.F.,(4,4),(0.,1.),.UNSPECIFIED.);
#58=B_SPLINE_CURVE_WITH_KNOTS('',3,(#1922,#1923,#1924,#1925),
 .UNSPECIFIED.,.F.,.F.,(4,4),(0.,0.000325382249979263),.UNSPECIFIED.);
#59=B_SPLINE_CURVE_WITH_KNOTS('',3,(#1926,#1927,#1928,#1929),
 .UNSPECIFIED.,.F.,.F.,(4,4),(0.,1.),.UNSPECIFIED.);
#60=B_SPLINE_CURVE_WITH_KNOTS('',3,(#1931,#1932,#1933,#1934),
 .UNSPECIFIED.,.F.,.F.,(4,4),(0.,1.),.UNSPECIFIED.);
#61=B_SPLINE_CURVE_WITH_KNOTS('',3,(#1965,#1966,#1967,#1968),
 .UNSPECIFIED.,.F.,.F.,(4,4),(0.,1.),.UNSPECIFIED.);
#62=B_SPLINE_CURVE_WITH_KNOTS('',3,(#1970,#1971,#1972,#1973),
 .UNSPECIFIED.,.F.,.F.,(4,4),(0.,1.),.UNSPECIFIED.);
#63=B_SPLINE_CURVE_WITH_KNOTS('',3,(#1975,#1976,#1977,#1978),
 .UNSPECIFIED.,.F.,.F.,(4,4),(0.,1.),.UNSPECIFIED.);
#64=B_SPLINE_CURVE_WITH_KNOTS('',3,(#1980,#1981,#1982,#1983),
 .UNSPECIFIED.,.F.,.F.,(4,4),(0.00139363537257358,0.00140790668896832),
 .UNSPECIFIED.);
#65=B_SPLINE_CURVE_WITH_KNOTS('',3,(#1985,#1986,#1987,#1988),
 .UNSPECIFIED.,.F.,.F.,(4,4),(0.,1.),.UNSPECIFIED.);
#66=B_SPLINE_CURVE_WITH_KNOTS('',3,(#1990,#1991,#1992,#1993),
 .UNSPECIFIED.,.F.,.F.,(4,4),(0.00155503395756864,0.00156929398992437),
 .UNSPECIFIED.);
#67=B_SPLINE_CURVE_WITH_KNOTS('',3,(#2024,#2025,#2026,#2027),
 .UNSPECIFIED.,.F.,.F.,(4,4),(0.,1.),.UNSPECIFIED.);
#68=B_SPLINE_CURVE_WITH_KNOTS('',3,(#2029,#2030,#2031,#2032),
 .UNSPECIFIED.,.F.,.F.,(4,4),(0.,1.),.UNSPECIFIED.);
#69=B_SPLINE_CURVE_WITH_KNOTS('',3,(#2038,#2039,#2040,#2041),
 .UNSPECIFIED.,.F.,.F.,(4,4),(0.00335734928020029,0.00345785819525921),
 .UNSPECIFIED.);
#70=B_SPLINE_CURVE_WITH_KNOTS('',3,(#2054,#2055,#2056,#2057),
 .UNSPECIFIED.,.F.,.F.,(4,4),(0.,0.00175303113262579),.UNSPECIFIED.);
#71=B_SPLINE_CURVE_WITH_KNOTS('',3,(#2058,#2059,#2060,#2061,#2062),
 .UNSPECIFIED.,.F.,.F.,(4,1,4),(0.00156929398992437,0.00246332163506232,
0.00335734928020027),.UNSPECIFIED.);
#72=B_SPLINE_CURVE_WITH_KNOTS('',3,(#2157,#2158,#2159,#2160),
 .UNSPECIFIED.,.F.,.F.,(4,4),(0.,0.00175043993230572),.UNSPECIFIED.);
#73=B_SPLINE_CURVE_WITH_KNOTS('',3,(#2173,#2174,#2175,#2176,#2177),
 .UNSPECIFIED.,.F.,.F.,(4,1,4),(0.00140790668896832,0.0023036230985902,
0.00319933950821208),.UNSPECIFIED.);
#74=ELLIPSE('',#1241,0.0562772924282817,0.00192994182477046);
#75=ELLIPSE('',#1267,0.00523503341597786,0.000597886460090503);
#76=ELLIPSE('',#1270,0.00529045446085606,0.000599973525784718);
#77=ELLIPSE('',#1280,0.00287923600977759,0.0027);
#78=ELLIPSE('',#1281,0.00287923600977759,0.0027);
#79=ELLIPSE('',#1283,0.00287923600977759,0.0027);
#80=ELLIPSE('',#1287,0.00287923600977759,0.0027);
#81=ELLIPSE('',#1289,0.00287923600977759,0.0027);
#82=ELLIPSE('',#1293,0.00287923600977759,0.0027);
#83=ELLIPSE('',#1295,0.00287923600977759,0.0027);
#84=ELLIPSE('',#1298,0.00287923600977759,0.0027);
#85=ELLIPSE('',#1321,0.00212132034355965,0.0015);
#86=CIRCLE('',#1233,0.0015);
#87=CIRCLE('',#1234,0.0015);
#88=CIRCLE('',#1235,0.0015);
#89=CIRCLE('',#1236,0.0015);
#90=CIRCLE('',#1237,0.0015);
#91=CIRCLE('',#1238,0.0015);
#92=CIRCLE('',#1239,0.0015);
#93=CIRCLE('',#1242,0.0017);
#94=CIRCLE('',#1243,0.0017);
#95=CIRCLE('',#1244,0.0017);
#96=CIRCLE('',#1245,0.0017);
#97=CIRCLE('',#1251,0.0015);
#98=CIRCLE('',#1252,0.0015);
#99=CIRCLE('',#1253,0.0015);
#100=CIRCLE('',#1254,0.0015);
#101=CIRCLE('',#1279,0.0017);
#102=CIRCLE('',#1286,0.0017);
#103=CIRCLE('',#1292,0.0017);
#104=CIRCLE('',#1297,0.0017);
#105=CIRCLE('',#1304,0.0015);
#106=CIRCLE('',#1306,0.0015);
#107=CIRCLE('',#1307,0.0015);
#108=CIRCLE('',#1309,0.0015);
#109=CIRCLE('',#1311,0.0015);
#110=CIRCLE('',#1313,0.0015);
#111=CIRCLE('',#1315,0.0015);
#112=CIRCLE('',#1317,0.0015);
#113=CIRCLE('',#1319,0.0015);
#114=ORIENTED_EDGE('',*,*,#458,.F.);
#115=ORIENTED_EDGE('',*,*,#459,.T.);
#116=ORIENTED_EDGE('',*,*,#460,.T.);
#117=ORIENTED_EDGE('',*,*,#461,.F.);
#118=ORIENTED_EDGE('',*,*,#462,.F.);
#119=ORIENTED_EDGE('',*,*,#463,.F.);
#120=ORIENTED_EDGE('',*,*,#464,.F.);
#121=ORIENTED_EDGE('',*,*,#465,.T.);
#122=ORIENTED_EDGE('',*,*,#466,.T.);
#123=ORIENTED_EDGE('',*,*,#467,.T.);
#124=ORIENTED_EDGE('',*,*,#468,.T.);
#125=ORIENTED_EDGE('',*,*,#469,.F.);
#126=ORIENTED_EDGE('',*,*,#470,.T.);
#127=ORIENTED_EDGE('',*,*,#471,.F.);
#128=ORIENTED_EDGE('',*,*,#472,.T.);
#129=ORIENTED_EDGE('',*,*,#473,.F.);
#130=ORIENTED_EDGE('',*,*,#474,.T.);
#131=ORIENTED_EDGE('',*,*,#475,.F.);
#132=ORIENTED_EDGE('',*,*,#476,.F.);
#133=ORIENTED_EDGE('',*,*,#477,.F.);
#134=ORIENTED_EDGE('',*,*,#478,.F.);
#135=ORIENTED_EDGE('',*,*,#479,.F.);
#136=ORIENTED_EDGE('',*,*,#480,.F.);
#137=ORIENTED_EDGE('',*,*,#481,.T.);
#138=ORIENTED_EDGE('',*,*,#482,.T.);
#139=ORIENTED_EDGE('',*,*,#483,.F.);
#140=ORIENTED_EDGE('',*,*,#484,.F.);
#141=ORIENTED_EDGE('',*,*,#485,.T.);
#142=ORIENTED_EDGE('',*,*,#486,.T.);
#143=ORIENTED_EDGE('',*,*,#487,.T.);
#144=ORIENTED_EDGE('',*,*,#488,.T.);
#145=ORIENTED_EDGE('',*,*,#489,.T.);
#146=ORIENTED_EDGE('',*,*,#490,.F.);
#147=ORIENTED_EDGE('',*,*,#491,.T.);
#148=ORIENTED_EDGE('',*,*,#492,.F.);
#149=ORIENTED_EDGE('',*,*,#493,.F.);
#150=ORIENTED_EDGE('',*,*,#494,.F.);
#151=ORIENTED_EDGE('',*,*,#495,.F.);
#152=ORIENTED_EDGE('',*,*,#496,.F.);
#153=ORIENTED_EDGE('',*,*,#497,.F.);
#154=ORIENTED_EDGE('',*,*,#498,.F.);
#155=ORIENTED_EDGE('',*,*,#499,.F.);
#156=ORIENTED_EDGE('',*,*,#500,.F.);
#157=ORIENTED_EDGE('',*,*,#501,.T.);
#158=ORIENTED_EDGE('',*,*,#502,.T.);
#159=ORIENTED_EDGE('',*,*,#503,.T.);
#160=ORIENTED_EDGE('',*,*,#466,.F.);
#161=ORIENTED_EDGE('',*,*,#504,.T.);
#162=ORIENTED_EDGE('',*,*,#505,.T.);
#163=ORIENTED_EDGE('',*,*,#464,.T.);
#164=ORIENTED_EDGE('',*,*,#506,.T.);
#165=ORIENTED_EDGE('',*,*,#507,.T.);
#166=ORIENTED_EDGE('',*,*,#508,.T.);
#167=ORIENTED_EDGE('',*,*,#469,.T.);
#168=ORIENTED_EDGE('',*,*,#509,.T.);
#169=ORIENTED_EDGE('',*,*,#510,.T.);
#170=ORIENTED_EDGE('',*,*,#511,.T.);
#171=ORIENTED_EDGE('',*,*,#467,.F.);
#172=ORIENTED_EDGE('',*,*,#503,.F.);
#173=ORIENTED_EDGE('',*,*,#512,.T.);
#174=ORIENTED_EDGE('',*,*,#513,.F.);
#175=ORIENTED_EDGE('',*,*,#514,.T.);
#176=ORIENTED_EDGE('',*,*,#515,.F.);
#177=ORIENTED_EDGE('',*,*,#516,.F.);
#178=ORIENTED_EDGE('',*,*,#517,.F.);
#179=ORIENTED_EDGE('',*,*,#518,.F.);
#180=ORIENTED_EDGE('',*,*,#519,.F.);
#181=ORIENTED_EDGE('',*,*,#520,.F.);
#182=ORIENTED_EDGE('',*,*,#521,.F.);
#183=ORIENTED_EDGE('',*,*,#522,.F.);
#184=ORIENTED_EDGE('',*,*,#523,.F.);
#185=ORIENTED_EDGE('',*,*,#471,.T.);
#186=ORIENTED_EDGE('',*,*,#524,.T.);
#187=ORIENTED_EDGE('',*,*,#519,.T.);
#188=ORIENTED_EDGE('',*,*,#525,.F.);
#189=ORIENTED_EDGE('',*,*,#525,.T.);
#190=ORIENTED_EDGE('',*,*,#518,.T.);
#191=ORIENTED_EDGE('',*,*,#526,.F.);
#192=ORIENTED_EDGE('',*,*,#472,.F.);
#193=ORIENTED_EDGE('',*,*,#473,.T.);
#194=ORIENTED_EDGE('',*,*,#526,.T.);
#195=ORIENTED_EDGE('',*,*,#517,.T.);
#196=ORIENTED_EDGE('',*,*,#527,.F.);
#197=ORIENTED_EDGE('',*,*,#527,.T.);
#198=ORIENTED_EDGE('',*,*,#516,.T.);
#199=ORIENTED_EDGE('',*,*,#528,.F.);
#200=ORIENTED_EDGE('',*,*,#474,.F.);
#201=ORIENTED_EDGE('',*,*,#475,.T.);
#202=ORIENTED_EDGE('',*,*,#528,.T.);
#203=ORIENTED_EDGE('',*,*,#515,.T.);
#204=ORIENTED_EDGE('',*,*,#529,.F.);
#205=ORIENTED_EDGE('',*,*,#476,.T.);
#206=ORIENTED_EDGE('',*,*,#529,.T.);
#207=ORIENTED_EDGE('',*,*,#514,.F.);
#208=ORIENTED_EDGE('',*,*,#530,.F.);
#209=ORIENTED_EDGE('',*,*,#477,.T.);
#210=ORIENTED_EDGE('',*,*,#530,.T.);
#211=ORIENTED_EDGE('',*,*,#513,.T.);
#212=ORIENTED_EDGE('',*,*,#531,.F.);
#213=ORIENTED_EDGE('',*,*,#478,.T.);
#214=ORIENTED_EDGE('',*,*,#531,.T.);
#215=ORIENTED_EDGE('',*,*,#512,.F.);
#216=ORIENTED_EDGE('',*,*,#524,.F.);
#217=ORIENTED_EDGE('',*,*,#532,.T.);
#218=ORIENTED_EDGE('',*,*,#523,.T.);
#219=ORIENTED_EDGE('',*,*,#533,.F.);
#220=ORIENTED_EDGE('',*,*,#534,.F.);
#221=ORIENTED_EDGE('',*,*,#533,.T.);
#222=ORIENTED_EDGE('',*,*,#522,.T.);
#223=ORIENTED_EDGE('',*,*,#535,.F.);
#224=ORIENTED_EDGE('',*,*,#536,.F.);
#225=ORIENTED_EDGE('',*,*,#535,.T.);
#226=ORIENTED_EDGE('',*,*,#521,.T.);
#227=ORIENTED_EDGE('',*,*,#537,.F.);
#228=ORIENTED_EDGE('',*,*,#538,.F.);
#229=ORIENTED_EDGE('',*,*,#539,.T.);
#230=ORIENTED_EDGE('',*,*,#540,.T.);
#231=ORIENTED_EDGE('',*,*,#541,.F.);
#232=ORIENTED_EDGE('',*,*,#542,.F.);
#233=ORIENTED_EDGE('',*,*,#541,.T.);
#234=ORIENTED_EDGE('',*,*,#543,.F.);
#235=ORIENTED_EDGE('',*,*,#544,.F.);
#236=ORIENTED_EDGE('',*,*,#545,.T.);
#237=ORIENTED_EDGE('',*,*,#544,.T.);
#238=ORIENTED_EDGE('',*,*,#546,.T.);
#239=ORIENTED_EDGE('',*,*,#547,.F.);
#240=ORIENTED_EDGE('',*,*,#548,.F.);
#241=ORIENTED_EDGE('',*,*,#547,.T.);
#242=ORIENTED_EDGE('',*,*,#549,.F.);
#243=ORIENTED_EDGE('',*,*,#550,.F.);
#244=ORIENTED_EDGE('',*,*,#549,.T.);
#245=ORIENTED_EDGE('',*,*,#551,.T.);
#246=ORIENTED_EDGE('',*,*,#552,.F.);
#247=ORIENTED_EDGE('',*,*,#553,.F.);
#248=ORIENTED_EDGE('',*,*,#552,.T.);
#249=ORIENTED_EDGE('',*,*,#554,.T.);
#250=ORIENTED_EDGE('',*,*,#555,.F.);
#251=ORIENTED_EDGE('',*,*,#556,.F.);
#252=ORIENTED_EDGE('',*,*,#555,.T.);
#253=ORIENTED_EDGE('',*,*,#557,.T.);
#254=ORIENTED_EDGE('',*,*,#558,.F.);
#255=ORIENTED_EDGE('',*,*,#559,.F.);
#256=ORIENTED_EDGE('',*,*,#560,.T.);
#257=ORIENTED_EDGE('',*,*,#490,.T.);
#258=ORIENTED_EDGE('',*,*,#561,.F.);
#259=ORIENTED_EDGE('',*,*,#562,.F.);
#260=ORIENTED_EDGE('',*,*,#561,.T.);
#261=ORIENTED_EDGE('',*,*,#489,.F.);
#262=ORIENTED_EDGE('',*,*,#563,.T.);
#263=ORIENTED_EDGE('',*,*,#493,.T.);
#264=ORIENTED_EDGE('',*,*,#564,.F.);
#265=ORIENTED_EDGE('',*,*,#565,.T.);
#266=ORIENTED_EDGE('',*,*,#564,.T.);
#267=ORIENTED_EDGE('',*,*,#492,.T.);
#268=ORIENTED_EDGE('',*,*,#566,.F.);
#269=ORIENTED_EDGE('',*,*,#567,.F.);
#270=ORIENTED_EDGE('',*,*,#568,.F.);
#271=ORIENTED_EDGE('',*,*,#537,.T.);
#272=ORIENTED_EDGE('',*,*,#520,.T.);
#273=ORIENTED_EDGE('',*,*,#532,.F.);
#274=ORIENTED_EDGE('',*,*,#569,.T.);
#275=ORIENTED_EDGE('',*,*,#566,.T.);
#276=ORIENTED_EDGE('',*,*,#491,.F.);
#277=ORIENTED_EDGE('',*,*,#560,.F.);
#278=ORIENTED_EDGE('',*,*,#570,.F.);
#279=ORIENTED_EDGE('',*,*,#558,.T.);
#280=ORIENTED_EDGE('',*,*,#539,.F.);
#281=ORIENTED_EDGE('',*,*,#567,.T.);
#282=ORIENTED_EDGE('',*,*,#571,.T.);
#283=ORIENTED_EDGE('',*,*,#559,.T.);
#284=ORIENTED_EDGE('',*,*,#570,.T.);
#285=ORIENTED_EDGE('',*,*,#572,.T.);
#286=ORIENTED_EDGE('',*,*,#494,.T.);
#287=ORIENTED_EDGE('',*,*,#565,.F.);
#288=ORIENTED_EDGE('',*,*,#572,.F.);
#289=ORIENTED_EDGE('',*,*,#542,.T.);
#290=ORIENTED_EDGE('',*,*,#573,.T.);
#291=ORIENTED_EDGE('',*,*,#574,.T.);
#292=ORIENTED_EDGE('',*,*,#573,.F.);
#293=ORIENTED_EDGE('',*,*,#575,.T.);
#294=ORIENTED_EDGE('',*,*,#576,.T.);
#295=ORIENTED_EDGE('',*,*,#577,.F.);
#296=ORIENTED_EDGE('',*,*,#576,.F.);
#297=ORIENTED_EDGE('',*,*,#538,.T.);
#298=ORIENTED_EDGE('',*,*,#578,.F.);
#299=ORIENTED_EDGE('',*,*,#495,.T.);
#300=ORIENTED_EDGE('',*,*,#574,.F.);
#301=ORIENTED_EDGE('',*,*,#577,.T.);
#302=ORIENTED_EDGE('',*,*,#579,.F.);
#303=ORIENTED_EDGE('',*,*,#496,.T.);
#304=ORIENTED_EDGE('',*,*,#579,.T.);
#305=ORIENTED_EDGE('',*,*,#580,.T.);
#306=ORIENTED_EDGE('',*,*,#581,.T.);
#307=ORIENTED_EDGE('',*,*,#580,.F.);
#308=ORIENTED_EDGE('',*,*,#578,.T.);
#309=ORIENTED_EDGE('',*,*,#582,.T.);
#310=ORIENTED_EDGE('',*,*,#568,.T.);
#311=ORIENTED_EDGE('',*,*,#583,.F.);
#312=ORIENTED_EDGE('',*,*,#584,.F.);
#313=ORIENTED_EDGE('',*,*,#582,.F.);
#314=ORIENTED_EDGE('',*,*,#497,.T.);
#315=ORIENTED_EDGE('',*,*,#581,.F.);
#316=ORIENTED_EDGE('',*,*,#584,.T.);
#317=ORIENTED_EDGE('',*,*,#585,.F.);
#318=ORIENTED_EDGE('',*,*,#498,.T.);
#319=ORIENTED_EDGE('',*,*,#585,.T.);
#320=ORIENTED_EDGE('',*,*,#586,.T.);
#321=ORIENTED_EDGE('',*,*,#587,.T.);
#322=ORIENTED_EDGE('',*,*,#586,.F.);
#323=ORIENTED_EDGE('',*,*,#583,.T.);
#324=ORIENTED_EDGE('',*,*,#588,.T.);
#325=ORIENTED_EDGE('',*,*,#536,.T.);
#326=ORIENTED_EDGE('',*,*,#575,.F.);
#327=ORIENTED_EDGE('',*,*,#545,.F.);
#328=ORIENTED_EDGE('',*,*,#589,.F.);
#329=ORIENTED_EDGE('',*,*,#590,.F.);
#330=ORIENTED_EDGE('',*,*,#556,.T.);
#331=ORIENTED_EDGE('',*,*,#571,.F.);
#332=ORIENTED_EDGE('',*,*,#569,.F.);
#333=ORIENTED_EDGE('',*,*,#562,.T.);
#334=ORIENTED_EDGE('',*,*,#591,.T.);
#335=ORIENTED_EDGE('',*,*,#550,.T.);
#336=ORIENTED_EDGE('',*,*,#553,.T.);
#337=ORIENTED_EDGE('',*,*,#590,.T.);
#338=ORIENTED_EDGE('',*,*,#592,.F.);
#339=ORIENTED_EDGE('',*,*,#593,.T.);
#340=ORIENTED_EDGE('',*,*,#589,.T.);
#341=ORIENTED_EDGE('',*,*,#500,.T.);
#342=ORIENTED_EDGE('',*,*,#594,.T.);
#343=ORIENTED_EDGE('',*,*,#592,.T.);
#344=ORIENTED_EDGE('',*,*,#548,.T.);
#345=ORIENTED_EDGE('',*,*,#591,.F.);
#346=ORIENTED_EDGE('',*,*,#563,.F.);
#347=ORIENTED_EDGE('',*,*,#534,.T.);
#348=ORIENTED_EDGE('',*,*,#593,.F.);
#349=ORIENTED_EDGE('',*,*,#595,.F.);
#350=ORIENTED_EDGE('',*,*,#588,.F.);
#351=ORIENTED_EDGE('',*,*,#499,.T.);
#352=ORIENTED_EDGE('',*,*,#587,.F.);
#353=ORIENTED_EDGE('',*,*,#595,.T.);
#354=ORIENTED_EDGE('',*,*,#594,.F.);
#355=ORIENTED_EDGE('',*,*,#546,.F.);
#356=ORIENTED_EDGE('',*,*,#543,.T.);
#357=ORIENTED_EDGE('',*,*,#540,.F.);
#358=ORIENTED_EDGE('',*,*,#557,.F.);
#359=ORIENTED_EDGE('',*,*,#554,.F.);
#360=ORIENTED_EDGE('',*,*,#551,.F.);
#361=ORIENTED_EDGE('',*,*,#596,.F.);
#362=ORIENTED_EDGE('',*,*,#506,.F.);
#363=ORIENTED_EDGE('',*,*,#470,.F.);
#364=ORIENTED_EDGE('',*,*,#508,.F.);
#365=ORIENTED_EDGE('',*,*,#597,.F.);
#366=ORIENTED_EDGE('',*,*,#596,.T.);
#367=ORIENTED_EDGE('',*,*,#598,.F.);
#368=ORIENTED_EDGE('',*,*,#468,.F.);
#369=ORIENTED_EDGE('',*,*,#511,.F.);
#370=ORIENTED_EDGE('',*,*,#599,.F.);
#371=ORIENTED_EDGE('',*,*,#509,.F.);
#372=ORIENTED_EDGE('',*,*,#598,.T.);
#373=ORIENTED_EDGE('',*,*,#507,.F.);
#374=ORIENTED_EDGE('',*,*,#600,.F.);
#375=ORIENTED_EDGE('',*,*,#488,.F.);
#376=ORIENTED_EDGE('',*,*,#597,.T.);
#377=ORIENTED_EDGE('',*,*,#487,.F.);
#378=ORIENTED_EDGE('',*,*,#601,.F.);
#379=ORIENTED_EDGE('',*,*,#504,.F.);
#380=ORIENTED_EDGE('',*,*,#465,.F.);
#381=ORIENTED_EDGE('',*,*,#505,.F.);
#382=ORIENTED_EDGE('',*,*,#602,.F.);
#383=ORIENTED_EDGE('',*,*,#501,.F.);
#384=ORIENTED_EDGE('',*,*,#600,.T.);
#385=ORIENTED_EDGE('',*,*,#599,.T.);
#386=ORIENTED_EDGE('',*,*,#603,.F.);
#387=ORIENTED_EDGE('',*,*,#602,.T.);
#388=ORIENTED_EDGE('',*,*,#601,.T.);
#389=ORIENTED_EDGE('',*,*,#604,.F.);
#390=ORIENTED_EDGE('',*,*,#603,.T.);
#391=ORIENTED_EDGE('',*,*,#510,.F.);
#392=ORIENTED_EDGE('',*,*,#605,.F.);
#393=ORIENTED_EDGE('',*,*,#485,.F.);
#394=ORIENTED_EDGE('',*,*,#604,.T.);
#395=ORIENTED_EDGE('',*,*,#486,.F.);
#396=ORIENTED_EDGE('',*,*,#605,.T.);
#397=ORIENTED_EDGE('',*,*,#502,.F.);
#398=ORIENTED_EDGE('',*,*,#458,.T.);
#399=ORIENTED_EDGE('',*,*,#606,.T.);
#400=ORIENTED_EDGE('',*,*,#607,.F.);
#401=ORIENTED_EDGE('',*,*,#608,.F.);
#402=ORIENTED_EDGE('',*,*,#608,.T.);
#403=ORIENTED_EDGE('',*,*,#609,.T.);
#404=ORIENTED_EDGE('',*,*,#610,.F.);
#405=ORIENTED_EDGE('',*,*,#459,.F.);
#406=ORIENTED_EDGE('',*,*,#610,.T.);
#407=ORIENTED_EDGE('',*,*,#611,.T.);
#408=ORIENTED_EDGE('',*,*,#612,.F.);
#409=ORIENTED_EDGE('',*,*,#460,.F.);
#410=ORIENTED_EDGE('',*,*,#461,.T.);
#411=ORIENTED_EDGE('',*,*,#612,.T.);
#412=ORIENTED_EDGE('',*,*,#613,.F.);
#413=ORIENTED_EDGE('',*,*,#614,.F.);
#414=ORIENTED_EDGE('',*,*,#462,.T.);
#415=ORIENTED_EDGE('',*,*,#614,.T.);
#416=ORIENTED_EDGE('',*,*,#615,.F.);
#417=ORIENTED_EDGE('',*,*,#616,.F.);
#418=ORIENTED_EDGE('',*,*,#463,.T.);
#419=ORIENTED_EDGE('',*,*,#616,.T.);
#420=ORIENTED_EDGE('',*,*,#617,.F.);
#421=ORIENTED_EDGE('',*,*,#606,.F.);
#422=ORIENTED_EDGE('',*,*,#607,.T.);
#423=ORIENTED_EDGE('',*,*,#617,.T.);
#424=ORIENTED_EDGE('',*,*,#615,.T.);
#425=ORIENTED_EDGE('',*,*,#613,.T.);
#426=ORIENTED_EDGE('',*,*,#611,.F.);
#427=ORIENTED_EDGE('',*,*,#609,.F.);
#428=ORIENTED_EDGE('',*,*,#479,.T.);
#429=ORIENTED_EDGE('',*,*,#618,.T.);
#430=ORIENTED_EDGE('',*,*,#619,.F.);
#431=ORIENTED_EDGE('',*,*,#620,.F.);
#432=ORIENTED_EDGE('',*,*,#480,.T.);
#433=ORIENTED_EDGE('',*,*,#620,.T.);
#434=ORIENTED_EDGE('',*,*,#621,.F.);
#435=ORIENTED_EDGE('',*,*,#622,.F.);
#436=ORIENTED_EDGE('',*,*,#622,.T.);
#437=ORIENTED_EDGE('',*,*,#623,.T.);
#438=ORIENTED_EDGE('',*,*,#624,.F.);
#439=ORIENTED_EDGE('',*,*,#481,.F.);
#440=ORIENTED_EDGE('',*,*,#624,.T.);
#441=ORIENTED_EDGE('',*,*,#625,.T.);
#442=ORIENTED_EDGE('',*,*,#626,.F.);
#443=ORIENTED_EDGE('',*,*,#482,.F.);
#444=ORIENTED_EDGE('',*,*,#483,.T.);
#445=ORIENTED_EDGE('',*,*,#626,.T.);
#446=ORIENTED_EDGE('',*,*,#627,.F.);
#447=ORIENTED_EDGE('',*,*,#628,.F.);
#448=ORIENTED_EDGE('',*,*,#484,.T.);
#449=ORIENTED_EDGE('',*,*,#628,.T.);
#450=ORIENTED_EDGE('',*,*,#629,.F.);
#451=ORIENTED_EDGE('',*,*,#618,.F.);
#452=ORIENTED_EDGE('',*,*,#619,.T.);
#453=ORIENTED_EDGE('',*,*,#629,.T.);
#454=ORIENTED_EDGE('',*,*,#627,.T.);
#455=ORIENTED_EDGE('',*,*,#625,.F.);
#456=ORIENTED_EDGE('',*,*,#623,.F.);
#457=ORIENTED_EDGE('',*,*,#621,.T.);
#458=EDGE_CURVE('',#630,#631,#732,.T.);
#459=EDGE_CURVE('',#630,#632,#733,.T.);
#460=EDGE_CURVE('',#632,#633,#734,.T.);
#461=EDGE_CURVE('',#634,#633,#735,.T.);
#462=EDGE_CURVE('',#635,#634,#736,.T.);
#463=EDGE_CURVE('',#631,#635,#737,.T.);
#464=EDGE_CURVE('',#636,#637,#738,.T.);
#465=EDGE_CURVE('',#636,#638,#86,.F.);
#466=EDGE_CURVE('',#638,#639,#739,.T.);
#467=EDGE_CURVE('',#639,#640,#740,.T.);
#468=EDGE_CURVE('',#640,#641,#87,.F.);
#469=EDGE_CURVE('',#642,#641,#741,.T.);
#470=EDGE_CURVE('',#642,#637,#88,.F.);
#471=EDGE_CURVE('',#643,#644,#89,.F.);
#472=EDGE_CURVE('',#643,#645,#742,.T.);
#473=EDGE_CURVE('',#646,#645,#90,.F.);
#474=EDGE_CURVE('',#646,#647,#743,.T.);
#475=EDGE_CURVE('',#648,#647,#91,.F.);
#476=EDGE_CURVE('',#649,#648,#744,.T.);
#477=EDGE_CURVE('',#650,#649,#92,.F.);
#478=EDGE_CURVE('',#644,#650,#745,.T.);
#479=EDGE_CURVE('',#651,#652,#746,.T.);
#480=EDGE_CURVE('',#653,#651,#747,.T.);
#481=EDGE_CURVE('',#653,#654,#748,.T.);
#482=EDGE_CURVE('',#654,#655,#749,.T.);
#483=EDGE_CURVE('',#656,#655,#750,.T.);
#484=EDGE_CURVE('',#652,#656,#751,.T.);
#485=EDGE_CURVE('',#657,#658,#752,.F.);
#486=EDGE_CURVE('',#658,#659,#753,.F.);
#487=EDGE_CURVE('',#659,#660,#754,.T.);
#488=EDGE_CURVE('',#660,#657,#755,.T.);
#489=EDGE_CURVE('',#661,#662,#74,.T.);
#490=EDGE_CURVE('',#663,#662,#49,.T.);
#491=EDGE_CURVE('',#663,#664,#756,.T.);
#492=EDGE_CURVE('',#665,#664,#50,.T.);
#493=EDGE_CURVE('',#666,#665,#51,.T.);
#494=EDGE_CURVE('',#667,#666,#93,.F.);
#495=EDGE_CURVE('',#668,#667,#757,.T.);
#496=EDGE_CURVE('',#669,#668,#94,.F.);
#497=EDGE_CURVE('',#670,#669,#758,.F.);
#498=EDGE_CURVE('',#671,#670,#95,.F.);
#499=EDGE_CURVE('',#672,#671,#759,.T.);
#500=EDGE_CURVE('',#661,#672,#96,.F.);
#501=EDGE_CURVE('',#638,#673,#760,.F.);
#502=EDGE_CURVE('',#673,#674,#761,.T.);
#503=EDGE_CURVE('',#674,#639,#762,.T.);
#504=EDGE_CURVE('',#675,#676,#763,.F.);
#505=EDGE_CURVE('',#676,#636,#764,.T.);
#506=EDGE_CURVE('',#637,#675,#765,.F.);
#507=EDGE_CURVE('',#677,#678,#766,.F.);
#508=EDGE_CURVE('',#678,#642,#767,.T.);
#509=EDGE_CURVE('',#641,#677,#768,.F.);
#510=EDGE_CURVE('',#674,#679,#769,.T.);
#511=EDGE_CURVE('',#679,#640,#770,.T.);
#512=EDGE_CURVE('',#680,#681,#771,.T.);
#513=EDGE_CURVE('',#682,#681,#97,.F.);
#514=EDGE_CURVE('',#682,#683,#772,.T.);
#515=EDGE_CURVE('',#684,#683,#98,.F.);
#516=EDGE_CURVE('',#685,#684,#773,.T.);
#517=EDGE_CURVE('',#686,#685,#99,.F.);
#518=EDGE_CURVE('',#687,#686,#774,.T.);
#519=EDGE_CURVE('',#680,#687,#100,.F.);
#520=EDGE_CURVE('',#688,#689,#775,.T.);
#521=EDGE_CURVE('',#690,#688,#776,.T.);
#522=EDGE_CURVE('',#691,#690,#777,.T.);
#523=EDGE_CURVE('',#689,#691,#778,.T.);
#524=EDGE_CURVE('',#644,#680,#779,.T.);
#525=EDGE_CURVE('',#643,#687,#780,.T.);
#526=EDGE_CURVE('',#645,#686,#781,.T.);
#527=EDGE_CURVE('',#646,#685,#782,.T.);
#528=EDGE_CURVE('',#647,#684,#783,.T.);
#529=EDGE_CURVE('',#648,#683,#784,.T.);
#530=EDGE_CURVE('',#649,#682,#785,.T.);
#531=EDGE_CURVE('',#650,#681,#786,.T.);
#532=EDGE_CURVE('',#692,#689,#787,.T.);
#533=EDGE_CURVE('',#693,#691,#788,.T.);
#534=EDGE_CURVE('',#692,#693,#789,.T.);
#535=EDGE_CURVE('',#694,#690,#790,.T.);
#536=EDGE_CURVE('',#693,#694,#791,.T.);
#537=EDGE_CURVE('',#695,#688,#792,.T.);
#538=EDGE_CURVE('',#694,#695,#793,.T.);
#539=EDGE_CURVE('',#696,#697,#75,.T.);
#540=EDGE_CURVE('',#697,#698,#794,.T.);
#541=EDGE_CURVE('',#699,#698,#795,.T.);
#542=EDGE_CURVE('',#696,#699,#796,.T.);
#543=EDGE_CURVE('',#700,#698,#797,.T.);
#544=EDGE_CURVE('',#701,#700,#798,.T.);
#545=EDGE_CURVE('',#701,#699,#799,.T.);
#546=EDGE_CURVE('',#700,#702,#800,.F.);
#547=EDGE_CURVE('',#703,#702,#76,.T.);
#548=EDGE_CURVE('',#701,#703,#801,.F.);
#549=EDGE_CURVE('',#704,#702,#52,.F.);
#550=EDGE_CURVE('',#703,#704,#53,.T.);
#551=EDGE_CURVE('',#702,#705,#54,.T.);
#552=EDGE_CURVE('',#706,#705,#55,.F.);
#553=EDGE_CURVE('',#704,#706,#56,.T.);
#554=EDGE_CURVE('',#705,#707,#802,.T.);
#555=EDGE_CURVE('',#708,#707,#57,.T.);
#556=EDGE_CURVE('',#706,#708,#803,.T.);
#557=EDGE_CURVE('',#707,#697,#58,.F.);
#558=EDGE_CURVE('',#709,#697,#59,.T.);
#559=EDGE_CURVE('',#708,#709,#60,.T.);
#560=EDGE_CURVE('',#710,#663,#61,.T.);
#561=EDGE_CURVE('',#711,#662,#62,.T.);
#562=EDGE_CURVE('',#710,#711,#63,.T.);
#563=EDGE_CURVE('',#661,#711,#64,.T.);
#564=EDGE_CURVE('',#712,#665,#65,.F.);
#565=EDGE_CURVE('',#712,#666,#66,.F.);
#566=EDGE_CURVE('',#713,#664,#67,.F.);
#567=EDGE_CURVE('',#712,#713,#68,.T.);
#568=EDGE_CURVE('',#695,#692,#804,.T.);
#569=EDGE_CURVE('',#710,#713,#805,.T.);
#570=EDGE_CURVE('',#709,#696,#69,.F.);
#571=EDGE_CURVE('',#713,#708,#70,.T.);
#572=EDGE_CURVE('',#696,#712,#71,.F.);
#573=EDGE_CURVE('',#699,#714,#101,.T.);
#574=EDGE_CURVE('',#714,#667,#806,.F.);
#575=EDGE_CURVE('',#699,#694,#77,.T.);
#576=EDGE_CURVE('',#694,#714,#78,.F.);
#577=EDGE_CURVE('',#714,#715,#807,.F.);
#578=EDGE_CURVE('',#715,#695,#79,.T.);
#579=EDGE_CURVE('',#668,#715,#808,.T.);
#580=EDGE_CURVE('',#715,#716,#102,.T.);
#581=EDGE_CURVE('',#716,#669,#809,.F.);
#582=EDGE_CURVE('',#695,#716,#80,.F.);
#583=EDGE_CURVE('',#717,#692,#81,.T.);
#584=EDGE_CURVE('',#716,#717,#810,.T.);
#585=EDGE_CURVE('',#670,#717,#811,.T.);
#586=EDGE_CURVE('',#717,#718,#103,.T.);
#587=EDGE_CURVE('',#718,#671,#812,.F.);
#588=EDGE_CURVE('',#692,#718,#82,.F.);
#589=EDGE_CURVE('',#693,#701,#83,.F.);
#590=EDGE_CURVE('',#706,#710,#72,.T.);
#591=EDGE_CURVE('',#711,#703,#73,.T.);
#592=EDGE_CURVE('',#719,#701,#104,.T.);
#593=EDGE_CURVE('',#719,#693,#84,.T.);
#594=EDGE_CURVE('',#672,#719,#813,.T.);
#595=EDGE_CURVE('',#718,#719,#814,.F.);
#596=EDGE_CURVE('',#675,#678,#105,.T.);
#597=EDGE_CURVE('',#675,#660,#106,.F.);
#598=EDGE_CURVE('',#660,#678,#107,.F.);
#599=EDGE_CURVE('',#677,#679,#108,.T.);
#600=EDGE_CURVE('',#657,#677,#109,.T.);
#601=EDGE_CURVE('',#676,#659,#110,.T.);
#602=EDGE_CURVE('',#673,#676,#111,.T.);
#603=EDGE_CURVE('',#657,#679,#112,.F.);
#604=EDGE_CURVE('',#673,#659,#113,.F.);
#605=EDGE_CURVE('',#658,#674,#85,.F.);
#606=EDGE_CURVE('',#631,#720,#815,.T.);
#607=EDGE_CURVE('',#721,#720,#816,.T.);
#608=EDGE_CURVE('',#630,#721,#817,.T.);
#609=EDGE_CURVE('',#721,#722,#818,.T.);
#610=EDGE_CURVE('',#632,#722,#819,.T.);
#611=EDGE_CURVE('',#722,#723,#820,.T.);
#612=EDGE_CURVE('',#633,#723,#821,.T.);
#613=EDGE_CURVE('',#724,#723,#822,.T.);
#614=EDGE_CURVE('',#634,#724,#823,.T.);
#615=EDGE_CURVE('',#725,#724,#824,.T.);
#616=EDGE_CURVE('',#635,#725,#825,.T.);
#617=EDGE_CURVE('',#720,#725,#826,.T.);
#618=EDGE_CURVE('',#652,#726,#827,.T.);
#619=EDGE_CURVE('',#727,#726,#828,.T.);
#620=EDGE_CURVE('',#651,#727,#829,.T.);
#621=EDGE_CURVE('',#728,#727,#830,.T.);
#622=EDGE_CURVE('',#653,#728,#831,.T.);
#623=EDGE_CURVE('',#728,#729,#832,.T.);
#624=EDGE_CURVE('',#654,#729,#833,.T.);
#625=EDGE_CURVE('',#729,#730,#834,.T.);
#626=EDGE_CURVE('',#655,#730,#835,.T.);
#627=EDGE_CURVE('',#731,#730,#836,.T.);
#628=EDGE_CURVE('',#656,#731,#837,.T.);
#629=EDGE_CURVE('',#726,#731,#838,.T.);
#630=VERTEX_POINT('',#1659);
#631=VERTEX_POINT('',#1660);
#632=VERTEX_POINT('',#1662);
#633=VERTEX_POINT('',#1664);
#634=VERTEX_POINT('',#1666);
#635=VERTEX_POINT('',#1668);
#636=VERTEX_POINT('',#1671);
#637=VERTEX_POINT('',#1672);
#638=VERTEX_POINT('',#1674);
#639=VERTEX_POINT('',#1676);
#640=VERTEX_POINT('',#1678);
#641=VERTEX_POINT('',#1680);
#642=VERTEX_POINT('',#1682);
#643=VERTEX_POINT('',#1685);
#644=VERTEX_POINT('',#1686);
#645=VERTEX_POINT('',#1688);
#646=VERTEX_POINT('',#1690);
#647=VERTEX_POINT('',#1692);
#648=VERTEX_POINT('',#1694);
#649=VERTEX_POINT('',#1696);
#650=VERTEX_POINT('',#1698);
#651=VERTEX_POINT('',#1701);
#652=VERTEX_POINT('',#1702);
#653=VERTEX_POINT('',#1704);
#654=VERTEX_POINT('',#1706);
#655=VERTEX_POINT('',#1708);
#656=VERTEX_POINT('',#1710);
#657=VERTEX_POINT('',#1714);
#658=VERTEX_POINT('',#1715);
#659=VERTEX_POINT('',#1717);
#660=VERTEX_POINT('',#1719);
#661=VERTEX_POINT('',#1722);
#662=VERTEX_POINT('',#1723);
#663=VERTEX_POINT('',#1728);
#664=VERTEX_POINT('',#1730);
#665=VERTEX_POINT('',#1735);
#666=VERTEX_POINT('',#1740);
#667=VERTEX_POINT('',#1742);
#668=VERTEX_POINT('',#1744);
#669=VERTEX_POINT('',#1746);
#670=VERTEX_POINT('',#1748);
#671=VERTEX_POINT('',#1750);
#672=VERTEX_POINT('',#1752);
#673=VERTEX_POINT('',#1756);
#674=VERTEX_POINT('',#1758);
#675=VERTEX_POINT('',#1762);
#676=VERTEX_POINT('',#1763);
#677=VERTEX_POINT('',#1768);
#678=VERTEX_POINT('',#1769);
#679=VERTEX_POINT('',#1774);
#680=VERTEX_POINT('',#1778);
#681=VERTEX_POINT('',#1779);
#682=VERTEX_POINT('',#1781);
#683=VERTEX_POINT('',#1783);
#684=VERTEX_POINT('',#1785);
#685=VERTEX_POINT('',#1787);
#686=VERTEX_POINT('',#1789);
#687=VERTEX_POINT('',#1791);
#688=VERTEX_POINT('',#1794);
#689=VERTEX_POINT('',#1795);
#690=VERTEX_POINT('',#1797);
#691=VERTEX_POINT('',#1799);
#692=VERTEX_POINT('',#1819);
#693=VERTEX_POINT('',#1821);
#694=VERTEX_POINT('',#1825);
#695=VERTEX_POINT('',#1829);
#696=VERTEX_POINT('',#1833);
#697=VERTEX_POINT('',#1834);
#698=VERTEX_POINT('',#1836);
#699=VERTEX_POINT('',#1838);
#700=VERTEX_POINT('',#1842);
#701=VERTEX_POINT('',#1844);
#702=VERTEX_POINT('',#1848);
#703=VERTEX_POINT('',#1850);
#704=VERTEX_POINT('',#1857);
#705=VERTEX_POINT('',#1887);
#706=VERTEX_POINT('',#1892);
#707=VERTEX_POINT('',#1899);
#708=VERTEX_POINT('',#1904);
#709=VERTEX_POINT('',#1930);
#710=VERTEX_POINT('',#1969);
#711=VERTEX_POINT('',#1974);
#712=VERTEX_POINT('',#1989);
#713=VERTEX_POINT('',#2028);
#714=VERTEX_POINT('',#2065);
#715=VERTEX_POINT('',#2092);
#716=VERTEX_POINT('',#2098);
#717=VERTEX_POINT('',#2124);
#718=VERTEX_POINT('',#2130);
#719=VERTEX_POINT('',#2200);
#720=VERTEX_POINT('',#2230);
#721=VERTEX_POINT('',#2232);
#722=VERTEX_POINT('',#2236);
#723=VERTEX_POINT('',#2240);
#724=VERTEX_POINT('',#2244);
#725=VERTEX_POINT('',#2248);
#726=VERTEX_POINT('',#2255);
#727=VERTEX_POINT('',#2257);
#728=VERTEX_POINT('',#2261);
#729=VERTEX_POINT('',#2265);
#730=VERTEX_POINT('',#2269);
#731=VERTEX_POINT('',#2273);
#732=LINE('',#1658,#839);
#733=LINE('',#1661,#840);
#734=LINE('',#1663,#841);
#735=LINE('',#1665,#842);
#736=LINE('',#1667,#843);
#737=LINE('',#1669,#844);
#738=LINE('',#1670,#845);
#739=LINE('',#1675,#846);
#740=LINE('',#1677,#847);
#741=LINE('',#1681,#848);
#742=LINE('',#1687,#849);
#743=LINE('',#1691,#850);
#744=LINE('',#1695,#851);
#745=LINE('',#1699,#852);
#746=LINE('',#1700,#853);
#747=LINE('',#1703,#854);
#748=LINE('',#1705,#855);
#749=LINE('',#1707,#856);
#750=LINE('',#1709,#857);
#751=LINE('',#1711,#858);
#752=LINE('',#1713,#859);
#753=LINE('',#1716,#860);
#754=LINE('',#1718,#861);
#755=LINE('',#1720,#862);
#756=LINE('',#1729,#863);
#757=LINE('',#1743,#864);
#758=LINE('',#1747,#865);
#759=LINE('',#1751,#866);
#760=LINE('',#1755,#867);
#761=LINE('',#1757,#868);
#762=LINE('',#1759,#869);
#763=LINE('',#1761,#870);
#764=LINE('',#1764,#871);
#765=LINE('',#1765,#872);
#766=LINE('',#1767,#873);
#767=LINE('',#1770,#874);
#768=LINE('',#1771,#875);
#769=LINE('',#1773,#876);
#770=LINE('',#1775,#877);
#771=LINE('',#1777,#878);
#772=LINE('',#1782,#879);
#773=LINE('',#1786,#880);
#774=LINE('',#1790,#881);
#775=LINE('',#1793,#882);
#776=LINE('',#1796,#883);
#777=LINE('',#1798,#884);
#778=LINE('',#1800,#885);
#779=LINE('',#1802,#886);
#780=LINE('',#1803,#887);
#781=LINE('',#1805,#888);
#782=LINE('',#1807,#889);
#783=LINE('',#1809,#890);
#784=LINE('',#1811,#891);
#785=LINE('',#1813,#892);
#786=LINE('',#1815,#893);
#787=LINE('',#1818,#894);
#788=LINE('',#1820,#895);
#789=LINE('',#1822,#896);
#790=LINE('',#1824,#897);
#791=LINE('',#1826,#898);
#792=LINE('',#1828,#899);
#793=LINE('',#1830,#900);
#794=LINE('',#1835,#901);
#795=LINE('',#1837,#902);
#796=LINE('',#1839,#903);
#797=LINE('',#1841,#904);
#798=LINE('',#1843,#905);
#799=LINE('',#1845,#906);
#800=LINE('',#1847,#907);
#801=LINE('',#1851,#908);
#802=LINE('',#1898,#909);
#803=LINE('',#1905,#910);
#804=LINE('',#2034,#911);
#805=LINE('',#2036,#912);
#806=LINE('',#2066,#913);
#807=LINE('',#2091,#914);
#808=LINE('',#2095,#915);
#809=LINE('',#2099,#916);
#810=LINE('',#2125,#917);
#811=LINE('',#2127,#918);
#812=LINE('',#2131,#919);
#813=LINE('',#2203,#920);
#814=LINE('',#2205,#921);
#815=LINE('',#2229,#922);
#816=LINE('',#2231,#923);
#817=LINE('',#2233,#924);
#818=LINE('',#2235,#925);
#819=LINE('',#2237,#926);
#820=LINE('',#2239,#927);
#821=LINE('',#2241,#928);
#822=LINE('',#2243,#929);
#823=LINE('',#2245,#930);
#824=LINE('',#2247,#931);
#825=LINE('',#2249,#932);
#826=LINE('',#2251,#933);
#827=LINE('',#2254,#934);
#828=LINE('',#2256,#935);
#829=LINE('',#2258,#936);
#830=LINE('',#2260,#937);
#831=LINE('',#2262,#938);
#832=LINE('',#2264,#939);
#833=LINE('',#2266,#940);
#834=LINE('',#2268,#941);
#835=LINE('',#2270,#942);
#836=LINE('',#2272,#943);
#837=LINE('',#2274,#944);
#838=LINE('',#2276,#945);
#839=VECTOR('',#1341,1.);
#840=VECTOR('',#1342,1.);
#841=VECTOR('',#1343,1.);
#842=VECTOR('',#1344,1.);
#843=VECTOR('',#1345,1.);
#844=VECTOR('',#1346,1.);
#845=VECTOR('',#1347,1.);
#846=VECTOR('',#1350,1.);
#847=VECTOR('',#1351,1.);
#848=VECTOR('',#1354,1.);
#849=VECTOR('',#1359,1.);
#850=VECTOR('',#1362,1.);
#851=VECTOR('',#1365,1.);
#852=VECTOR('',#1368,1.);
#853=VECTOR('',#1369,1.);
#854=VECTOR('',#1370,1.);
#855=VECTOR('',#1371,1.);
#856=VECTOR('',#1372,1.);
#857=VECTOR('',#1373,1.);
#858=VECTOR('',#1374,1.);
#859=VECTOR('',#1377,1.);
#860=VECTOR('',#1378,1.);
#861=VECTOR('',#1379,1.);
#862=VECTOR('',#1380,1.);
#863=VECTOR('',#1383,1.);
#864=VECTOR('',#1386,1.);
#865=VECTOR('',#1389,1.);
#866=VECTOR('',#1392,1.);
#867=VECTOR('',#1397,1.);
#868=VECTOR('',#1398,1.);
#869=VECTOR('',#1399,1.);
#870=VECTOR('',#1402,1.);
#871=VECTOR('',#1403,1.);
#872=VECTOR('',#1404,1.);
#873=VECTOR('',#1407,1.);
#874=VECTOR('',#1408,1.);
#875=VECTOR('',#1409,1.);
#876=VECTOR('',#1412,1.);
#877=VECTOR('',#1413,1.);
#878=VECTOR('',#1416,1.);
#879=VECTOR('',#1419,1.);
#880=VECTOR('',#1422,1.);
#881=VECTOR('',#1425,1.);
#882=VECTOR('',#1428,1.);
#883=VECTOR('',#1429,1.);
#884=VECTOR('',#1430,1.);
#885=VECTOR('',#1431,1.);
#886=VECTOR('',#1434,1.);
#887=VECTOR('',#1435,1.);
#888=VECTOR('',#1438,1.);
#889=VECTOR('',#1441,1.);
#890=VECTOR('',#1444,1.);
#891=VECTOR('',#1447,1.);
#892=VECTOR('',#1450,1.);
#893=VECTOR('',#1453,1.);
#894=VECTOR('',#1458,1.);
#895=VECTOR('',#1459,1.);
#896=VECTOR('',#1460,1.);
#897=VECTOR('',#1463,1.);
#898=VECTOR('',#1464,1.);
#899=VECTOR('',#1467,1.);
#900=VECTOR('',#1468,1.);
#901=VECTOR('',#1473,1.);
#902=VECTOR('',#1474,1.);
#903=VECTOR('',#1475,1.);
#904=VECTOR('',#1478,1.);
#905=VECTOR('',#1479,1.);
#906=VECTOR('',#1480,1.);
#907=VECTOR('',#1483,1.);
#908=VECTOR('',#1486,1.);
#909=VECTOR('',#1491,1.);
#910=VECTOR('',#1492,1.);
#911=VECTOR('',#1499,1.);
#912=VECTOR('',#1502,1.);
#913=VECTOR('',#1509,1.);
#914=VECTOR('',#1516,1.);
#915=VECTOR('',#1521,1.);
#916=VECTOR('',#1526,1.);
#917=VECTOR('',#1533,1.);
#918=VECTOR('',#1536,1.);
#919=VECTOR('',#1541,1.);
#920=VECTOR('',#1556,1.);
#921=VECTOR('',#1559,1.);
#922=VECTOR('',#1606,1.);
#923=VECTOR('',#1607,1.);
#924=VECTOR('',#1608,1.);
#925=VECTOR('',#1611,1.);
#926=VECTOR('',#1612,1.);
#927=VECTOR('',#1615,1.);
#928=VECTOR('',#1616,1.);
#929=VECTOR('',#1619,1.);
#930=VECTOR('',#1620,1.);
#931=VECTOR('',#1623,1.);
#932=VECTOR('',#1624,1.);
#933=VECTOR('',#1627,1.);
#934=VECTOR('',#1632,1.);
#935=VECTOR('',#1633,1.);
#936=VECTOR('',#1634,1.);
#937=VECTOR('',#1637,1.);
#938=VECTOR('',#1638,1.);
#939=VECTOR('',#1641,1.);
#940=VECTOR('',#1642,1.);
#941=VECTOR('',#1645,1.);
#942=VECTOR('',#1646,1.);
#943=VECTOR('',#1649,1.);
#944=VECTOR('',#1650,1.);
#945=VECTOR('',#1653,1.);
#946=EDGE_LOOP('',(#114,#115,#116,#117,#118,#119));
#947=EDGE_LOOP('',(#120,#121,#122,#123,#124,#125,#126));
#948=EDGE_LOOP('',(#127,#128,#129,#130,#131,#132,#133,#134));
#949=EDGE_LOOP('',(#135,#136,#137,#138,#139,#140));
#950=EDGE_LOOP('',(#141,#142,#143,#144));
#951=EDGE_LOOP('',(#145,#146,#147,#148,#149,#150,#151,#152,#153,#154,#155,
#156));
#952=EDGE_LOOP('',(#157,#158,#159,#160));
#953=EDGE_LOOP('',(#161,#162,#163,#164));
#954=EDGE_LOOP('',(#165,#166,#167,#168));
#955=EDGE_LOOP('',(#169,#170,#171,#172));
#956=EDGE_LOOP('',(#173,#174,#175,#176,#177,#178,#179,#180));
#957=EDGE_LOOP('',(#181,#182,#183,#184));
#958=EDGE_LOOP('',(#185,#186,#187,#188));
#959=EDGE_LOOP('',(#189,#190,#191,#192));
#960=EDGE_LOOP('',(#193,#194,#195,#196));
#961=EDGE_LOOP('',(#197,#198,#199,#200));
#962=EDGE_LOOP('',(#201,#202,#203,#204));
#963=EDGE_LOOP('',(#205,#206,#207,#208));
#964=EDGE_LOOP('',(#209,#210,#211,#212));
#965=EDGE_LOOP('',(#213,#214,#215,#216));
#966=EDGE_LOOP('',(#217,#218,#219,#220));
#967=EDGE_LOOP('',(#221,#222,#223,#224));
#968=EDGE_LOOP('',(#225,#226,#227,#228));
#969=EDGE_LOOP('',(#229,#230,#231,#232));
#970=EDGE_LOOP('',(#233,#234,#235,#236));
#971=EDGE_LOOP('',(#237,#238,#239,#240));
#972=EDGE_LOOP('',(#241,#242,#243));
#973=EDGE_LOOP('',(#244,#245,#246,#247));
#974=EDGE_LOOP('',(#248,#249,#250,#251));
#975=EDGE_LOOP('',(#252,#253,#254,#255));
#976=EDGE_LOOP('',(#256,#257,#258,#259));
#977=EDGE_LOOP('',(#260,#261,#262));
#978=EDGE_LOOP('',(#263,#264,#265));
#979=EDGE_LOOP('',(#266,#267,#268,#269));
#980=EDGE_LOOP('',(#270,#271,#272,#273));
#981=EDGE_LOOP('',(#274,#275,#276,#277));
#982=EDGE_LOOP('',(#278,#279,#280));
#983=EDGE_LOOP('',(#281,#282,#283,#284,#285));
#984=EDGE_LOOP('',(#286,#287,#288,#289,#290,#291));
#985=EDGE_LOOP('',(#292,#293,#294));
#986=EDGE_LOOP('',(#295,#296,#297,#298));
#987=EDGE_LOOP('',(#299,#300,#301,#302));
#988=EDGE_LOOP('',(#303,#304,#305,#306));
#989=EDGE_LOOP('',(#307,#308,#309));
#990=EDGE_LOOP('',(#310,#311,#312,#313));
#991=EDGE_LOOP('',(#314,#315,#316,#317));
#992=EDGE_LOOP('',(#318,#319,#320,#321));
#993=EDGE_LOOP('',(#322,#323,#324));
#994=EDGE_LOOP('',(#325,#326,#327,#328));
#995=EDGE_LOOP('',(#329,#330,#331,#332));
#996=EDGE_LOOP('',(#333,#334,#335,#336,#337));
#997=EDGE_LOOP('',(#338,#339,#340));
#998=EDGE_LOOP('',(#341,#342,#343,#344,#345,#346));
#999=EDGE_LOOP('',(#347,#348,#349,#350));
#1000=EDGE_LOOP('',(#351,#352,#353,#354));
#1001=EDGE_LOOP('',(#355,#356,#357,#358,#359,#360));
#1002=EDGE_LOOP('',(#361,#362,#363,#364));
#1003=EDGE_LOOP('',(#365,#366,#367));
#1004=EDGE_LOOP('',(#368,#369,#370,#371));
#1005=EDGE_LOOP('',(#372,#373,#374,#375));
#1006=EDGE_LOOP('',(#376,#377,#378,#379));
#1007=EDGE_LOOP('',(#380,#381,#382,#383));
#1008=EDGE_LOOP('',(#384,#385,#386));
#1009=EDGE_LOOP('',(#387,#388,#389));
#1010=EDGE_LOOP('',(#390,#391,#392,#393));
#1011=EDGE_LOOP('',(#394,#395,#396,#397));
#1012=EDGE_LOOP('',(#398,#399,#400,#401));
#1013=EDGE_LOOP('',(#402,#403,#404,#405));
#1014=EDGE_LOOP('',(#406,#407,#408,#409));
#1015=EDGE_LOOP('',(#410,#411,#412,#413));
#1016=EDGE_LOOP('',(#414,#415,#416,#417));
#1017=EDGE_LOOP('',(#418,#419,#420,#421));
#1018=EDGE_LOOP('',(#422,#423,#424,#425,#426,#427));
#1019=EDGE_LOOP('',(#428,#429,#430,#431));
#1020=EDGE_LOOP('',(#432,#433,#434,#435));
#1021=EDGE_LOOP('',(#436,#437,#438,#439));
#1022=EDGE_LOOP('',(#440,#441,#442,#443));
#1023=EDGE_LOOP('',(#444,#445,#446,#447));
#1024=EDGE_LOOP('',(#448,#449,#450,#451));
#1025=EDGE_LOOP('',(#452,#453,#454,#455,#456,#457));
#1026=FACE_BOUND('',#946,.T.);
#1027=FACE_BOUND('',#947,.T.);
#1028=FACE_BOUND('',#948,.T.);
#1029=FACE_BOUND('',#949,.T.);
#1030=FACE_BOUND('',#950,.T.);
#1031=FACE_BOUND('',#951,.T.);
#1032=FACE_BOUND('',#952,.T.);
#1033=FACE_BOUND('',#953,.T.);
#1034=FACE_BOUND('',#954,.T.);
#1035=FACE_BOUND('',#955,.T.);
#1036=FACE_BOUND('',#956,.T.);
#1037=FACE_BOUND('',#957,.T.);
#1038=FACE_BOUND('',#958,.T.);
#1039=FACE_BOUND('',#959,.T.);
#1040=FACE_BOUND('',#960,.T.);
#1041=FACE_BOUND('',#961,.T.);
#1042=FACE_BOUND('',#962,.T.);
#1043=FACE_BOUND('',#963,.T.);
#1044=FACE_BOUND('',#964,.T.);
#1045=FACE_BOUND('',#965,.T.);
#1046=FACE_BOUND('',#966,.T.);
#1047=FACE_BOUND('',#967,.T.);
#1048=FACE_BOUND('',#968,.T.);
#1049=FACE_BOUND('',#969,.T.);
#1050=FACE_BOUND('',#970,.T.);
#1051=FACE_BOUND('',#971,.T.);
#1052=FACE_BOUND('',#972,.T.);
#1053=FACE_BOUND('',#973,.T.);
#1054=FACE_BOUND('',#974,.T.);
#1055=FACE_BOUND('',#975,.T.);
#1056=FACE_BOUND('',#976,.T.);
#1057=FACE_BOUND('',#977,.T.);
#1058=FACE_BOUND('',#978,.T.);
#1059=FACE_BOUND('',#979,.T.);
#1060=FACE_BOUND('',#980,.T.);
#1061=FACE_BOUND('',#981,.T.);
#1062=FACE_BOUND('',#982,.T.);
#1063=FACE_BOUND('',#983,.T.);
#1064=FACE_BOUND('',#984,.T.);
#1065=FACE_BOUND('',#985,.T.);
#1066=FACE_BOUND('',#986,.T.);
#1067=FACE_BOUND('',#987,.T.);
#1068=FACE_BOUND('',#988,.T.);
#1069=FACE_BOUND('',#989,.T.);
#1070=FACE_BOUND('',#990,.T.);
#1071=FACE_BOUND('',#991,.T.);
#1072=FACE_BOUND('',#992,.T.);
#1073=FACE_BOUND('',#993,.T.);
#1074=FACE_BOUND('',#994,.T.);
#1075=FACE_BOUND('',#995,.T.);
#1076=FACE_BOUND('',#996,.T.);
#1077=FACE_BOUND('',#997,.T.);
#1078=FACE_BOUND('',#998,.T.);
#1079=FACE_BOUND('',#999,.T.);
#1080=FACE_BOUND('',#1000,.T.);
#1081=FACE_BOUND('',#1001,.T.);
#1082=FACE_BOUND('',#1002,.T.);
#1083=FACE_BOUND('',#1003,.T.);
#1084=FACE_BOUND('',#1004,.T.);
#1085=FACE_BOUND('',#1005,.T.);
#1086=FACE_BOUND('',#1006,.T.);
#1087=FACE_BOUND('',#1007,.T.);
#1088=FACE_BOUND('',#1008,.T.);
#1089=FACE_BOUND('',#1009,.T.);
#1090=FACE_BOUND('',#1010,.T.);
#1091=FACE_BOUND('',#1011,.T.);
#1092=FACE_BOUND('',#1012,.T.);
#1093=FACE_BOUND('',#1013,.T.);
#1094=FACE_BOUND('',#1014,.T.);
#1095=FACE_BOUND('',#1015,.T.);
#1096=FACE_BOUND('',#1016,.T.);
#1097=FACE_BOUND('',#1017,.T.);
#1098=FACE_BOUND('',#1018,.T.);
#1099=FACE_BOUND('',#1019,.T.);
#1100=FACE_BOUND('',#1020,.T.);
#1101=FACE_BOUND('',#1021,.T.);
#1102=FACE_BOUND('',#1022,.T.);
#1103=FACE_BOUND('',#1023,.T.);
#1104=FACE_BOUND('',#1024,.T.);
#1105=FACE_BOUND('',#1025,.T.);
#1106=PLANE('',#1232);
#1107=PLANE('',#1240);
#1108=PLANE('',#1246);
#1109=PLANE('',#1247);
#1110=PLANE('',#1248);
#1111=PLANE('',#1249);
#1112=PLANE('',#1250);
#1113=PLANE('',#1256);
#1114=PLANE('',#1258);
#1115=PLANE('',#1260);
#1116=PLANE('',#1262);
#1117=PLANE('',#1263);
#1118=PLANE('',#1264);
#1119=PLANE('',#1265);
#1120=PLANE('',#1266);
#1121=PLANE('',#1268);
#1122=PLANE('',#1269);
#1123=PLANE('',#1272);
#1124=PLANE('',#1275);
#1125=PLANE('',#1276);
#1126=PLANE('',#1284);
#1127=PLANE('',#1290);
#1128=PLANE('',#1301);
#1129=PLANE('',#1302);
#1130=PLANE('',#1323);
#1131=PLANE('',#1324);
#1132=PLANE('',#1325);
#1133=PLANE('',#1326);
#1134=PLANE('',#1327);
#1135=PLANE('',#1328);
#1136=PLANE('',#1329);
#1137=PLANE('',#1330);
#1138=PLANE('',#1331);
#1139=PLANE('',#1332);
#1140=PLANE('',#1333);
#1141=PLANE('',#1334);
#1142=PLANE('',#1335);
#1143=PLANE('',#1336);
#1144=ADVANCED_FACE('',(#1026,#1027,#1028,#1029),#1106,.F.);
#1145=ADVANCED_FACE('',(#1030,#1031),#1107,.T.);
#1146=ADVANCED_FACE('',(#1032),#1108,.T.);
#1147=ADVANCED_FACE('',(#1033),#1109,.F.);
#1148=ADVANCED_FACE('',(#1034),#1110,.F.);
#1149=ADVANCED_FACE('',(#1035),#1111,.T.);
#1150=ADVANCED_FACE('',(#1036,#1037),#1112,.F.);
#1151=ADVANCED_FACE('',(#1038),#25,.F.);
#1152=ADVANCED_FACE('',(#1039),#1113,.F.);
#1153=ADVANCED_FACE('',(#1040),#26,.F.);
#1154=ADVANCED_FACE('',(#1041),#1114,.F.);
#1155=ADVANCED_FACE('',(#1042),#27,.F.);
#1156=ADVANCED_FACE('',(#1043),#1115,.T.);
#1157=ADVANCED_FACE('',(#1044),#28,.F.);
#1158=ADVANCED_FACE('',(#1045),#1116,.T.);
#1159=ADVANCED_FACE('',(#1046),#1117,.T.);
#1160=ADVANCED_FACE('',(#1047),#1118,.T.);
#1161=ADVANCED_FACE('',(#1048),#1119,.T.);
#1162=ADVANCED_FACE('',(#1049),#1120,.T.);
#1163=ADVANCED_FACE('',(#1050),#1121,.F.);
#1164=ADVANCED_FACE('',(#1051),#1122,.F.);
#1165=ADVANCED_FACE('',(#1052),#29,.T.);
#1166=ADVANCED_FACE('',(#1053),#21,.T.);
#1167=ADVANCED_FACE('',(#1054),#1123,.F.);
#1168=ADVANCED_FACE('',(#1055),#22,.F.);
#1169=ADVANCED_FACE('',(#1056),#23,.T.);
#1170=ADVANCED_FACE('',(#1057),#30,.T.);
#1171=ADVANCED_FACE('',(#1058),#31,.T.);
#1172=ADVANCED_FACE('',(#1059),#24,.T.);
#1173=ADVANCED_FACE('',(#1060),#1124,.T.);
#1174=ADVANCED_FACE('',(#1061),#1125,.T.);
#1175=ADVANCED_FACE('',(#1062),#32,.T.);
#1176=ADVANCED_FACE('',(#1063),#15,.F.);
#1177=ADVANCED_FACE('',(#1064),#33,.F.);
#1178=ADVANCED_FACE('',(#1065),#16,.F.);
#1179=ADVANCED_FACE('',(#1066),#34,.F.);
#1180=ADVANCED_FACE('',(#1067),#1126,.F.);
#1181=ADVANCED_FACE('',(#1068),#35,.F.);
#1182=ADVANCED_FACE('',(#1069),#17,.F.);
#1183=ADVANCED_FACE('',(#1070),#36,.F.);
#1184=ADVANCED_FACE('',(#1071),#1127,.F.);
#1185=ADVANCED_FACE('',(#1072),#37,.F.);
#1186=ADVANCED_FACE('',(#1073),#18,.F.);
#1187=ADVANCED_FACE('',(#1074),#38,.F.);
#1188=ADVANCED_FACE('',(#1075),#39,.T.);
#1189=ADVANCED_FACE('',(#1076),#19,.F.);
#1190=ADVANCED_FACE('',(#1077),#20,.F.);
#1191=ADVANCED_FACE('',(#1078),#40,.F.);
#1192=ADVANCED_FACE('',(#1079),#41,.F.);
#1193=ADVANCED_FACE('',(#1080),#1128,.F.);
#1194=ADVANCED_FACE('',(#1081),#1129,.F.);
#1195=ADVANCED_FACE('',(#1082),#42,.T.);
#1196=ADVANCED_FACE('',(#1083),#12,.T.);
#1197=ADVANCED_FACE('',(#1084),#43,.T.);
#1198=ADVANCED_FACE('',(#1085),#44,.T.);
#1199=ADVANCED_FACE('',(#1086),#45,.T.);
#1200=ADVANCED_FACE('',(#1087),#46,.T.);
#1201=ADVANCED_FACE('',(#1088),#13,.T.);
#1202=ADVANCED_FACE('',(#1089),#14,.T.);
#1203=ADVANCED_FACE('',(#1090),#47,.T.);
#1204=ADVANCED_FACE('',(#1091),#48,.T.);
#1205=ADVANCED_FACE('',(#1092),#1130,.T.);
#1206=ADVANCED_FACE('',(#1093),#1131,.F.);
#1207=ADVANCED_FACE('',(#1094),#1132,.F.);
#1208=ADVANCED_FACE('',(#1095),#1133,.T.);
#1209=ADVANCED_FACE('',(#1096),#1134,.T.);
#1210=ADVANCED_FACE('',(#1097),#1135,.T.);
#1211=ADVANCED_FACE('',(#1098),#1136,.F.);
#1212=ADVANCED_FACE('',(#1099),#1137,.T.);
#1213=ADVANCED_FACE('',(#1100),#1138,.T.);
#1214=ADVANCED_FACE('',(#1101),#1139,.F.);
#1215=ADVANCED_FACE('',(#1102),#1140,.F.);
#1216=ADVANCED_FACE('',(#1103),#1141,.T.);
#1217=ADVANCED_FACE('',(#1104),#1142,.T.);
#1218=ADVANCED_FACE('',(#1105),#1143,.F.);
#1219=CLOSED_SHELL('',(#1144,#1145,#1146,#1147,#1148,#1149,#1150,#1151,
#1152,#1153,#1154,#1155,#1156,#1157,#1158,#1159,#1160,#1161,#1162,#1163,
#1164,#1165,#1166,#1167,#1168,#1169,#1170,#1171,#1172,#1173,#1174,#1175,
#1176,#1177,#1178,#1179,#1180,#1181,#1182,#1183,#1184,#1185,#1186,#1187,
#1188,#1189,#1190,#1191,#1192,#1193,#1194,#1195,#1196,#1197,#1198,#1199,
#1200,#1201,#1202,#1203,#1204,#1205,#1206,#1207,#1208,#1209,#1210,#1211,
#1212,#1213,#1214,#1215,#1216,#1217,#1218));
#1220=STYLED_ITEM('',(#1221),#1228);
#1221=PRESENTATION_STYLE_ASSIGNMENT((#1222));
#1222=SURFACE_STYLE_USAGE(.BOTH.,#1223);
#1223=SURFACE_SIDE_STYLE('',(#1224));
#1224=SURFACE_STYLE_FILL_AREA(#1225);
#1225=FILL_AREA_STYLE('',(#1226));
#1226=FILL_AREA_STYLE_COLOUR('',#1227);
#1227=COLOUR_RGB('',0.615686274509804,0.811764705882353,0.929411764705882);
#1228=MANIFOLD_SOLID_BREP('Top Shell',#1219);
#1229=SHAPE_DEFINITION_REPRESENTATION(#2284,#1230);
#1230=SHAPE_REPRESENTATION('Top Shell',(#1231),#2279);
#1231=AXIS2_PLACEMENT_3D('',#1656,#1337,#1338);
#1232=AXIS2_PLACEMENT_3D('',#1657,#1339,#1340);
#1233=AXIS2_PLACEMENT_3D('',#1673,#1348,#1349);
#1234=AXIS2_PLACEMENT_3D('',#1679,#1352,#1353);
#1235=AXIS2_PLACEMENT_3D('',#1683,#1355,#1356);
#1236=AXIS2_PLACEMENT_3D('',#1684,#1357,#1358);
#1237=AXIS2_PLACEMENT_3D('',#1689,#1360,#1361);
#1238=AXIS2_PLACEMENT_3D('',#1693,#1363,#1364);
#1239=AXIS2_PLACEMENT_3D('',#1697,#1366,#1367);
#1240=AXIS2_PLACEMENT_3D('',#1712,#1375,#1376);
#1241=AXIS2_PLACEMENT_3D('',#1721,#1381,#1382);
#1242=AXIS2_PLACEMENT_3D('',#1741,#1384,#1385);
#1243=AXIS2_PLACEMENT_3D('',#1745,#1387,#1388);
#1244=AXIS2_PLACEMENT_3D('',#1749,#1390,#1391);
#1245=AXIS2_PLACEMENT_3D('',#1753,#1393,#1394);
#1246=AXIS2_PLACEMENT_3D('',#1754,#1395,#1396);
#1247=AXIS2_PLACEMENT_3D('',#1760,#1400,#1401);
#1248=AXIS2_PLACEMENT_3D('',#1766,#1405,#1406);
#1249=AXIS2_PLACEMENT_3D('',#1772,#1410,#1411);
#1250=AXIS2_PLACEMENT_3D('',#1776,#1414,#1415);
#1251=AXIS2_PLACEMENT_3D('',#1780,#1417,#1418);
#1252=AXIS2_PLACEMENT_3D('',#1784,#1420,#1421);
#1253=AXIS2_PLACEMENT_3D('',#1788,#1423,#1424);
#1254=AXIS2_PLACEMENT_3D('',#1792,#1426,#1427);
#1255=AXIS2_PLACEMENT_3D('',#1801,#1432,#1433);
#1256=AXIS2_PLACEMENT_3D('',#1804,#1436,#1437);
#1257=AXIS2_PLACEMENT_3D('',#1806,#1439,#1440);
#1258=AXIS2_PLACEMENT_3D('',#1808,#1442,#1443);
#1259=AXIS2_PLACEMENT_3D('',#1810,#1445,#1446);
#1260=AXIS2_PLACEMENT_3D('',#1812,#1448,#1449);
#1261=AXIS2_PLACEMENT_3D('',#1814,#1451,#1452);
#1262=AXIS2_PLACEMENT_3D('',#1816,#1454,#1455);
#1263=AXIS2_PLACEMENT_3D('',#1817,#1456,#1457);
#1264=AXIS2_PLACEMENT_3D('',#1823,#1461,#1462);
#1265=AXIS2_PLACEMENT_3D('',#1827,#1465,#1466);
#1266=AXIS2_PLACEMENT_3D('',#1831,#1469,#1470);
#1267=AXIS2_PLACEMENT_3D('',#1832,#1471,#1472);
#1268=AXIS2_PLACEMENT_3D('',#1840,#1476,#1477);
#1269=AXIS2_PLACEMENT_3D('',#1846,#1481,#1482);
#1270=AXIS2_PLACEMENT_3D('',#1849,#1484,#1485);
#1271=AXIS2_PLACEMENT_3D('',#1852,#1487,#1488);
#1272=AXIS2_PLACEMENT_3D('',#1897,#1489,#1490);
#1273=AXIS2_PLACEMENT_3D('',#1979,#1493,#1494);
#1274=AXIS2_PLACEMENT_3D('',#1984,#1495,#1496);
#1275=AXIS2_PLACEMENT_3D('',#2033,#1497,#1498);
#1276=AXIS2_PLACEMENT_3D('',#2035,#1500,#1501);
#1277=AXIS2_PLACEMENT_3D('',#2037,#1503,#1504);
#1278=AXIS2_PLACEMENT_3D('',#2063,#1505,#1506);
#1279=AXIS2_PLACEMENT_3D('',#2064,#1507,#1508);
#1280=AXIS2_PLACEMENT_3D('',#2088,#1510,#1511);
#1281=AXIS2_PLACEMENT_3D('',#2089,#1512,#1513);
#1282=AXIS2_PLACEMENT_3D('',#2090,#1514,#1515);
#1283=AXIS2_PLACEMENT_3D('',#2093,#1517,#1518);
#1284=AXIS2_PLACEMENT_3D('',#2094,#1519,#1520);
#1285=AXIS2_PLACEMENT_3D('',#2096,#1522,#1523);
#1286=AXIS2_PLACEMENT_3D('',#2097,#1524,#1525);
#1287=AXIS2_PLACEMENT_3D('',#2121,#1527,#1528);
#1288=AXIS2_PLACEMENT_3D('',#2122,#1529,#1530);
#1289=AXIS2_PLACEMENT_3D('',#2123,#1531,#1532);
#1290=AXIS2_PLACEMENT_3D('',#2126,#1534,#1535);
#1291=AXIS2_PLACEMENT_3D('',#2128,#1537,#1538);
#1292=AXIS2_PLACEMENT_3D('',#2129,#1539,#1540);
#1293=AXIS2_PLACEMENT_3D('',#2153,#1542,#1543);
#1294=AXIS2_PLACEMENT_3D('',#2154,#1544,#1545);
#1295=AXIS2_PLACEMENT_3D('',#2155,#1546,#1547);
#1296=AXIS2_PLACEMENT_3D('',#2156,#1548,#1549);
#1297=AXIS2_PLACEMENT_3D('',#2199,#1550,#1551);
#1298=AXIS2_PLACEMENT_3D('',#2201,#1552,#1553);
#1299=AXIS2_PLACEMENT_3D('',#2202,#1554,#1555);
#1300=AXIS2_PLACEMENT_3D('',#2204,#1557,#1558);
#1301=AXIS2_PLACEMENT_3D('',#2206,#1560,#1561);
#1302=AXIS2_PLACEMENT_3D('',#2207,#1562,#1563);
#1303=AXIS2_PLACEMENT_3D('',#2208,#1564,#1565);
#1304=AXIS2_PLACEMENT_3D('',#2209,#1566,#1567);
#1305=AXIS2_PLACEMENT_3D('',#2210,#1568,#1569);
#1306=AXIS2_PLACEMENT_3D('',#2211,#1570,#1571);
#1307=AXIS2_PLACEMENT_3D('',#2212,#1572,#1573);
#1308=AXIS2_PLACEMENT_3D('',#2213,#1574,#1575);
#1309=AXIS2_PLACEMENT_3D('',#2214,#1576,#1577);
#1310=AXIS2_PLACEMENT_3D('',#2215,#1578,#1579);
#1311=AXIS2_PLACEMENT_3D('',#2216,#1580,#1581);
#1312=AXIS2_PLACEMENT_3D('',#2217,#1582,#1583);
#1313=AXIS2_PLACEMENT_3D('',#2218,#1584,#1585);
#1314=AXIS2_PLACEMENT_3D('',#2219,#1586,#1587);
#1315=AXIS2_PLACEMENT_3D('',#2220,#1588,#1589);
#1316=AXIS2_PLACEMENT_3D('',#2221,#1590,#1591);
#1317=AXIS2_PLACEMENT_3D('',#2222,#1592,#1593);
#1318=AXIS2_PLACEMENT_3D('',#2223,#1594,#1595);
#1319=AXIS2_PLACEMENT_3D('',#2224,#1596,#1597);
#1320=AXIS2_PLACEMENT_3D('',#2225,#1598,#1599);
#1321=AXIS2_PLACEMENT_3D('',#2226,#1600,#1601);
#1322=AXIS2_PLACEMENT_3D('',#2227,#1602,#1603);
#1323=AXIS2_PLACEMENT_3D('',#2228,#1604,#1605);
#1324=AXIS2_PLACEMENT_3D('',#2234,#1609,#1610);
#1325=AXIS2_PLACEMENT_3D('',#2238,#1613,#1614);
#1326=AXIS2_PLACEMENT_3D('',#2242,#1617,#1618);
#1327=AXIS2_PLACEMENT_3D('',#2246,#1621,#1622);
#1328=AXIS2_PLACEMENT_3D('',#2250,#1625,#1626);
#1329=AXIS2_PLACEMENT_3D('',#2252,#1628,#1629);
#1330=AXIS2_PLACEMENT_3D('',#2253,#1630,#1631);
#1331=AXIS2_PLACEMENT_3D('',#2259,#1635,#1636);
#1332=AXIS2_PLACEMENT_3D('',#2263,#1639,#1640);
#1333=AXIS2_PLACEMENT_3D('',#2267,#1643,#1644);
#1334=AXIS2_PLACEMENT_3D('',#2271,#1647,#1648);
#1335=AXIS2_PLACEMENT_3D('',#2275,#1651,#1652);
#1336=AXIS2_PLACEMENT_3D('',#2277,#1654,#1655);
#1337=DIRECTION('',(0.,0.,1.));
#1338=DIRECTION('',(1.,0.,0.));
#1339=DIRECTION('',(0.,0.,1.));
#1340=DIRECTION('',(1.,0.,0.));
#1341=DIRECTION('',(-1.,0.,0.));
#1342=DIRECTION('',(0.,1.,0.));
#1343=DIRECTION('',(1.,0.,0.));
#1344=DIRECTION('',(0.,-1.,0.));
#1345=DIRECTION('',(1.,0.,0.));
#1346=DIRECTION('',(0.,1.,0.));
#1347=DIRECTION('',(0.,-1.,0.));
#1348=DIRECTION('',(0.,0.,1.));
#1349=DIRECTION('',(1.,0.,0.));
#1350=DIRECTION('',(1.,0.,0.));
#1351=DIRECTION('',(0.,-1.,0.));
#1352=DIRECTION('',(0.,0.,1.));
#1353=DIRECTION('',(1.,0.,0.));
#1354=DIRECTION('',(1.,0.,0.));
#1355=DIRECTION('',(0.,0.,1.));
#1356=DIRECTION('',(1.,0.,0.));
#1357=DIRECTION('',(0.,0.,1.));
#1358=DIRECTION('',(1.,0.,0.));
#1359=DIRECTION('',(1.,0.,0.));
#1360=DIRECTION('',(0.,0.,1.));
#1361=DIRECTION('',(1.,0.,0.));
#1362=DIRECTION('',(3.17198522628835E-16,1.,0.));
#1363=DIRECTION('',(0.,0.,1.));
#1364=DIRECTION('',(1.,0.,0.));
#1365=DIRECTION('',(1.,0.,0.));
#1366=DIRECTION('',(0.,0.,1.));
#1367=DIRECTION('',(1.,0.,0.));
#1368=DIRECTION('',(7.04885605841856E-17,1.,0.));
#1369=DIRECTION('',(0.,-1.,0.));
#1370=DIRECTION('',(1.,0.,0.));
#1371=DIRECTION('',(0.,-1.,0.));
#1372=DIRECTION('',(-1.,0.,0.));
#1373=DIRECTION('',(0.,1.,0.));
#1374=DIRECTION('',(-1.,0.,0.));
#1375=DIRECTION('',(0.,0.,1.));
#1376=DIRECTION('',(1.,0.,0.));
#1377=DIRECTION('',(0.,-1.,0.));
#1378=DIRECTION('',(1.,0.,0.));
#1379=DIRECTION('',(0.,-1.,0.));
#1380=DIRECTION('',(1.,0.,0.));
#1381=DIRECTION('',(0.,0.,1.));
#1382=DIRECTION('',(-0.669738488355942,0.742597035554746,0.));
#1383=DIRECTION('',(-1.,0.,0.));
#1384=DIRECTION('',(0.,0.,-1.));
#1385=DIRECTION('',(-1.,0.,0.));
#1386=DIRECTION('',(1.22464679914735E-16,-1.,0.));
#1387=DIRECTION('',(0.,0.,-1.));
#1388=DIRECTION('',(-1.,0.,0.));
#1389=DIRECTION('',(1.,0.,0.));
#1390=DIRECTION('',(0.,0.,-1.));
#1391=DIRECTION('',(-1.,0.,0.));
#1392=DIRECTION('',(-6.12323399573677E-17,1.,0.));
#1393=DIRECTION('',(0.,0.,-1.));
#1394=DIRECTION('',(-1.,0.,0.));
#1395=DIRECTION('',(0.,1.,0.));
#1396=DIRECTION('',(0.,0.,1.));
#1397=DIRECTION('',(0.,0.,-1.));
#1398=DIRECTION('',(1.,0.,0.));
#1399=DIRECTION('',(0.,0.,-1.));
#1400=DIRECTION('',(1.,0.,0.));
#1401=DIRECTION('',(0.,0.,-1.));
#1402=DIRECTION('',(0.,-1.,0.));
#1403=DIRECTION('',(0.,0.,-1.));
#1404=DIRECTION('',(0.,0.,-1.));
#1405=DIRECTION('',(0.,1.,0.));
#1406=DIRECTION('',(0.,0.,1.));
#1407=DIRECTION('',(1.,0.,0.));
#1408=DIRECTION('',(0.,0.,-1.));
#1409=DIRECTION('',(0.,0.,-1.));
#1410=DIRECTION('',(1.,0.,0.));
#1411=DIRECTION('',(0.,0.,-1.));
#1412=DIRECTION('',(0.,-1.,0.));
#1413=DIRECTION('',(0.,0.,-1.));
#1414=DIRECTION('',(0.,0.,-1.));
#1415=DIRECTION('',(-1.,0.,0.));
#1416=DIRECTION('',(7.04885605841856E-17,1.,0.));
#1417=DIRECTION('',(0.,0.,-1.));
#1418=DIRECTION('',(-1.,0.,0.));
#1419=DIRECTION('',(1.,0.,0.));
#1420=DIRECTION('',(0.,0.,-1.));
#1421=DIRECTION('',(-1.,0.,0.));
#1422=DIRECTION('',(3.17198522628835E-16,1.,0.));
#1423=DIRECTION('',(0.,0.,-1.));
#1424=DIRECTION('',(-1.,0.,0.));
#1425=DIRECTION('',(1.,0.,0.));
#1426=DIRECTION('',(0.,0.,-1.));
#1427=DIRECTION('',(-1.,0.,0.));
#1428=DIRECTION('',(1.,0.,0.));
#1429=DIRECTION('',(-1.22464679914735E-16,1.,0.));
#1430=DIRECTION('',(-1.,0.,0.));
#1431=DIRECTION('',(6.12323399573677E-17,-1.,0.));
#1432=DIRECTION('',(0.,0.,1.));
#1433=DIRECTION('',(1.,0.,0.));
#1434=DIRECTION('',(0.,0.,1.));
#1435=DIRECTION('',(0.,0.,1.));
#1436=DIRECTION('',(0.,-1.,0.));
#1437=DIRECTION('',(0.,0.,-1.));
#1438=DIRECTION('',(0.,0.,1.));
#1439=DIRECTION('',(0.,0.,1.));
#1440=DIRECTION('',(1.,0.,0.));
#1441=DIRECTION('',(0.,0.,1.));
#1442=DIRECTION('',(1.,-3.17198522628835E-16,0.));
#1443=DIRECTION('',(3.17198522628835E-16,1.,0.));
#1444=DIRECTION('',(0.,0.,1.));
#1445=DIRECTION('',(0.,0.,1.));
#1446=DIRECTION('',(1.,0.,0.));
#1447=DIRECTION('',(0.,0.,1.));
#1448=DIRECTION('',(0.,-1.,0.));
#1449=DIRECTION('',(0.,0.,-1.));
#1450=DIRECTION('',(0.,0.,1.));
#1451=DIRECTION('',(0.,0.,1.));
#1452=DIRECTION('',(1.,0.,0.));
#1453=DIRECTION('',(0.,0.,1.));
#1454=DIRECTION('',(1.,-7.04885605841856E-17,0.));
#1455=DIRECTION('',(7.04885605841856E-17,1.,0.));
#1456=DIRECTION('',(1.,6.12323399573677E-17,-5.55111512312579E-15));
#1457=DIRECTION('',(6.12323399573677E-17,-1.,0.));
#1458=DIRECTION('',(5.61847069707891E-15,0.,1.));
#1459=DIRECTION('',(3.46944695195363E-16,-8.3266726846887E-15,1.));
#1460=DIRECTION('',(6.12323399573677E-17,-1.,0.));
#1461=DIRECTION('',(0.,-1.,-5.55111512312579E-15));
#1462=DIRECTION('',(-1.,0.,0.));
#1463=DIRECTION('',(-8.46138383259493E-15,0.,1.));
#1464=DIRECTION('',(-1.,0.,0.));
#1465=DIRECTION('',(-1.,-1.22464679914735E-16,-5.55111512312579E-15));
#1466=DIRECTION('',(-1.22464679914735E-16,1.,0.));
#1467=DIRECTION('',(0.,6.93889390390726E-15,1.));
#1468=DIRECTION('',(-1.22464679914735E-16,1.,0.));
#1469=DIRECTION('',(-1.,0.,0.));
#1470=DIRECTION('',(0.,0.,-1.));
#1471=DIRECTION('',(-1.,0.,0.));
#1472=DIRECTION('',(0.,-0.944828404483116,-0.327565697352287));
#1473=DIRECTION('',(0.,0.,-1.));
#1474=DIRECTION('',(5.55111512312581E-15,1.,-6.93889390390726E-15));
#1475=DIRECTION('',(0.,0.,-1.));
#1476=DIRECTION('',(0.,6.93889390390726E-15,1.));
#1477=DIRECTION('',(-1.,0.,0.));
#1478=DIRECTION('',(-1.,0.,0.));
#1479=DIRECTION('',(0.,1.,0.));
#1480=DIRECTION('',(-1.,0.,0.));
#1481=DIRECTION('',(-1.,0.,0.));
#1482=DIRECTION('',(0.,0.,-1.));
#1483=DIRECTION('',(0.,0.,-1.));
#1484=DIRECTION('',(-1.,0.,0.));
#1485=DIRECTION('',(0.,-0.945381346739791,-0.32596642348018));
#1486=DIRECTION('',(0.,0.,-1.));
#1487=DIRECTION('',(-0.113406802803787,-0.939282349922619,-0.323863496247517));
#1488=DIRECTION('',(-0.896607644711392,-0.0436866601631097,0.440665641012416));
#1489=DIRECTION('',(0.,0.,-1.));
#1490=DIRECTION('',(-1.,0.,0.));
#1491=DIRECTION('',(-1.,0.,0.));
#1492=DIRECTION('',(-1.,0.,0.));
#1493=DIRECTION('',(-0.669344552917567,0.742160245234609,0.0342934377525345));
#1494=DIRECTION('',(-0.742597035554746,-0.669738488355942,0.));
#1495=DIRECTION('',(-0.669345178170946,-0.742159811045599,-0.0342906303246997));
#1496=DIRECTION('',(0.742596529534468,-0.669739049424,0.));
#1497=DIRECTION('',(0.,1.,-5.55111512312579E-15));
#1498=DIRECTION('',(1.,0.,0.));
#1499=DIRECTION('',(1.,0.,0.));
#1500=DIRECTION('',(0.,0.387755777777778,-0.921762147628091));
#1501=DIRECTION('',(-1.,0.,0.));
#1502=DIRECTION('',(-1.,0.,0.));
#1503=DIRECTION('',(0.114208718948325,-0.938646181891995,-0.325422362070835));
#1504=DIRECTION('',(0.896466229761469,-0.0437952923175471,0.440942480679824));
#1505=DIRECTION('',(0.,0.,-1.));
#1506=DIRECTION('',(-1.,0.,0.));
#1507=DIRECTION('',(0.,0.,-1.));
#1508=DIRECTION('',(-1.,0.,0.));
#1509=DIRECTION('',(0.,0.,-1.));
#1510=DIRECTION('',(0.937748760723704,-0.347314355823594,0.));
#1511=DIRECTION('',(-0.347314355823594,-0.937748760723704,0.));
#1512=DIRECTION('',(0.347314355823594,-0.937748760723704,0.));
#1513=DIRECTION('',(-0.937748760723704,-0.347314355823594,0.));
#1514=DIRECTION('',(-1.22464679914735E-16,1.,0.));
#1515=DIRECTION('',(-1.,-1.22464679914735E-16,0.));
#1516=DIRECTION('',(1.22464679914735E-16,-1.,0.));
#1517=DIRECTION('',(-0.347314355823594,-0.937748760723704,0.));
#1518=DIRECTION('',(-0.937748760723704,0.347314355823594,0.));
#1519=DIRECTION('',(-1.,-1.22464679914735E-16,0.));
#1520=DIRECTION('',(1.22464679914735E-16,-1.,0.));
#1521=DIRECTION('',(0.,0.,-1.));
#1522=DIRECTION('',(0.,0.,-1.));
#1523=DIRECTION('',(-1.,0.,0.));
#1524=DIRECTION('',(0.,0.,-1.));
#1525=DIRECTION('',(-1.,0.,0.));
#1526=DIRECTION('',(0.,0.,-1.));
#1527=DIRECTION('',(-0.937748760723704,-0.347314355823594,0.));
#1528=DIRECTION('',(-0.347314355823594,0.937748760723704,0.));
#1529=DIRECTION('',(1.,0.,0.));
#1530=DIRECTION('',(0.,0.,-1.));
#1531=DIRECTION('',(-0.937748760723704,0.347314355823594,0.));
#1532=DIRECTION('',(0.347314355823594,0.937748760723704,0.));
#1533=DIRECTION('',(1.,0.,0.));
#1534=DIRECTION('',(0.,1.,0.));
#1535=DIRECTION('',(0.,0.,1.));
#1536=DIRECTION('',(0.,0.,-1.));
#1537=DIRECTION('',(0.,0.,-1.));
#1538=DIRECTION('',(-1.,0.,0.));
#1539=DIRECTION('',(0.,0.,-1.));
#1540=DIRECTION('',(-1.,0.,0.));
#1541=DIRECTION('',(0.,0.,-1.));
#1542=DIRECTION('',(-0.347314355823594,0.937748760723704,0.));
#1543=DIRECTION('',(0.937748760723704,0.347314355823594,0.));
#1544=DIRECTION('',(-1.,0.,0.));
#1545=DIRECTION('',(0.,0.,1.));
#1546=DIRECTION('',(0.937748760723704,0.347314355823594,0.));
#1547=DIRECTION('',(0.347314355823594,-0.937748760723704,0.));
#1548=DIRECTION('',(-1.,0.,0.));
#1549=DIRECTION('',(0.,0.,1.));
#1550=DIRECTION('',(0.,0.,-1.));
#1551=DIRECTION('',(-1.,0.,0.));
#1552=DIRECTION('',(0.347314355823591,0.937748760723704,0.));
#1553=DIRECTION('',(0.937748760723704,-0.347314355823591,0.));
#1554=DIRECTION('',(0.,0.,-1.));
#1555=DIRECTION('',(-1.,0.,0.));
#1556=DIRECTION('',(0.,0.,-1.));
#1557=DIRECTION('',(6.12323399573677E-17,-1.,0.));
#1558=DIRECTION('',(1.,6.12323399573677E-17,0.));
#1559=DIRECTION('',(-6.12323399573677E-17,1.,0.));
#1560=DIRECTION('',(1.,6.12323399573677E-17,0.));
#1561=DIRECTION('',(-6.12323399573677E-17,1.,0.));
#1562=DIRECTION('',(0.,-1.,0.));
#1563=DIRECTION('',(0.,0.,-1.));
#1564=DIRECTION('',(0.,0.,-1.));
#1565=DIRECTION('',(-1.,0.,0.));
#1566=DIRECTION('',(0.,0.,1.));
#1567=DIRECTION('',(1.,0.,0.));
#1568=DIRECTION('',(4.62592926927148E-15,-1.,0.));
#1569=DIRECTION('',(1.,4.62592926927148E-15,0.));
#1570=DIRECTION('',(0.,-1.,0.));
#1571=DIRECTION('',(0.,0.,-1.));
#1572=DIRECTION('',(-1.,0.,-4.62592926927149E-15));
#1573=DIRECTION('',(-4.62592926927149E-15,0.,1.));
#1574=DIRECTION('',(0.,0.,1.));
#1575=DIRECTION('',(1.,0.,0.));
#1576=DIRECTION('',(0.,0.,1.));
#1577=DIRECTION('',(1.,0.,0.));
#1578=DIRECTION('',(-1.,0.,0.));
#1579=DIRECTION('',(0.,0.,1.));
#1580=DIRECTION('',(1.,0.,0.));
#1581=DIRECTION('',(0.,0.,-1.));
#1582=DIRECTION('',(0.,1.,0.));
#1583=DIRECTION('',(0.,0.,1.));
#1584=DIRECTION('',(0.,1.,0.));
#1585=DIRECTION('',(0.,0.,1.));
#1586=DIRECTION('',(0.,0.,1.));
#1587=DIRECTION('',(1.,0.,0.));
#1588=DIRECTION('',(0.,0.,1.));
#1589=DIRECTION('',(1.,0.,0.));
#1590=DIRECTION('',(0.,-1.,0.));
#1591=DIRECTION('',(0.,0.,-1.));
#1592=DIRECTION('',(0.,-1.,0.));
#1593=DIRECTION('',(0.,0.,-1.));
#1594=DIRECTION('',(-1.,0.,0.));
#1595=DIRECTION('',(0.,0.,1.));
#1596=DIRECTION('',(-1.,0.,0.));
#1597=DIRECTION('',(0.,0.,1.));
#1598=DIRECTION('',(0.,-1.,0.));
#1599=DIRECTION('',(0.,0.,-1.));
#1600=DIRECTION('',(0.707106781186548,-0.707106781186548,0.));
#1601=DIRECTION('',(-0.707106781186548,-0.707106781186548,0.));
#1602=DIRECTION('',(1.,0.,0.));
#1603=DIRECTION('',(0.,0.,-1.));
#1604=DIRECTION('',(0.,1.,0.));
#1605=DIRECTION('',(0.,0.,1.));
#1606=DIRECTION('',(0.,0.,1.));
#1607=DIRECTION('',(-1.,0.,0.));
#1608=DIRECTION('',(0.,0.,1.));
#1609=DIRECTION('',(1.,0.,0.));
#1610=DIRECTION('',(0.,0.,-1.));
#1611=DIRECTION('',(0.,1.,0.));
#1612=DIRECTION('',(0.,0.,1.));
#1613=DIRECTION('',(0.,-1.,0.));
#1614=DIRECTION('',(0.,0.,-1.));
#1615=DIRECTION('',(1.,0.,0.));
#1616=DIRECTION('',(0.,0.,1.));
#1617=DIRECTION('',(-1.,0.,0.));
#1618=DIRECTION('',(0.,0.,1.));
#1619=DIRECTION('',(0.,-1.,0.));
#1620=DIRECTION('',(0.,0.,1.));
#1621=DIRECTION('',(0.,-1.,0.));
#1622=DIRECTION('',(0.,0.,-1.));
#1623=DIRECTION('',(1.,0.,0.));
#1624=DIRECTION('',(0.,0.,1.));
#1625=DIRECTION('',(1.,0.,0.));
#1626=DIRECTION('',(0.,0.,-1.));
#1627=DIRECTION('',(0.,1.,0.));
#1628=DIRECTION('',(0.,0.,1.));
#1629=DIRECTION('',(1.,0.,0.));
#1630=DIRECTION('',(-1.,0.,0.));
#1631=DIRECTION('',(0.,0.,1.));
#1632=DIRECTION('',(0.,0.,1.));
#1633=DIRECTION('',(0.,-1.,0.));
#1634=DIRECTION('',(0.,0.,1.));
#1635=DIRECTION('',(0.,-1.,0.));
#1636=DIRECTION('',(0.,0.,-1.));
#1637=DIRECTION('',(1.,0.,0.));
#1638=DIRECTION('',(0.,0.,1.));
#1639=DIRECTION('',(-1.,0.,0.));
#1640=DIRECTION('',(0.,0.,1.));
#1641=DIRECTION('',(0.,-1.,0.));
#1642=DIRECTION('',(0.,0.,1.));
#1643=DIRECTION('',(0.,1.,0.));
#1644=DIRECTION('',(0.,0.,1.));
#1645=DIRECTION('',(-1.,0.,0.));
#1646=DIRECTION('',(0.,0.,1.));
#1647=DIRECTION('',(1.,0.,0.));
#1648=DIRECTION('',(0.,0.,-1.));
#1649=DIRECTION('',(0.,1.,0.));
#1650=DIRECTION('',(0.,0.,1.));
#1651=DIRECTION('',(0.,1.,0.));
#1652=DIRECTION('',(0.,0.,1.));
#1653=DIRECTION('',(-1.,0.,0.));
#1654=DIRECTION('',(0.,0.,1.));
#1655=DIRECTION('',(1.,0.,0.));
#1656=CARTESIAN_POINT('',(0.,0.,0.));
#1657=CARTESIAN_POINT('',(0.,0.,0.));
#1658=CARTESIAN_POINT('',(0.,0.035103246020683,0.));
#1659=CARTESIAN_POINT('',(-0.0302766451720794,0.035103246020683,0.));
#1660=CARTESIAN_POINT('',(-0.0322766451720794,0.035103246020683,0.));
#1661=CARTESIAN_POINT('',(-0.0302766451720794,0.,0.));
#1662=CARTESIAN_POINT('',(-0.0302766451720794,0.043103246020683,0.));
#1663=CARTESIAN_POINT('',(0.,0.043103246020683,0.));
#1664=CARTESIAN_POINT('',(-0.0222766451720794,0.043103246020683,0.));
#1665=CARTESIAN_POINT('',(-0.0222766451720794,0.,0.));
#1666=CARTESIAN_POINT('',(-0.0222766451720794,0.045103246020683,0.));
#1667=CARTESIAN_POINT('',(0.,0.045103246020683,0.));
#1668=CARTESIAN_POINT('',(-0.0322766451720794,0.045103246020683,0.));
#1669=CARTESIAN_POINT('',(-0.0322766451720794,0.,0.));
#1670=CARTESIAN_POINT('',(-0.0337766451720794,-6.93889390390723E-18,0.));
#1671=CARTESIAN_POINT('',(-0.0337766451720794,0.045103246020683,0.));
#1672=CARTESIAN_POINT('',(-0.0337766451720794,-0.045103246020683,0.));
#1673=CARTESIAN_POINT('',(-0.0322766451720794,0.045103246020683,0.));
#1674=CARTESIAN_POINT('',(-0.0322766451720794,0.046603246020683,0.));
#1675=CARTESIAN_POINT('',(0.,0.046603246020683,0.));
#1676=CARTESIAN_POINT('',(0.0337766451720794,0.046603246020683,0.));
#1677=CARTESIAN_POINT('',(0.0337766451720794,0.,0.));
#1678=CARTESIAN_POINT('',(0.0337766451720794,-0.045103246020683,0.));
#1679=CARTESIAN_POINT('',(0.0322766451720794,-0.045103246020683,0.));
#1680=CARTESIAN_POINT('',(0.0322766451720794,-0.046603246020683,0.));
#1681=CARTESIAN_POINT('',(-3.46944695195361E-18,-0.046603246020683,0.));
#1682=CARTESIAN_POINT('',(-0.0322766451720794,-0.046603246020683,0.));
#1683=CARTESIAN_POINT('',(-0.0322766451720794,-0.045103246020683,0.));
#1684=CARTESIAN_POINT('',(-0.0142720168215099,-0.0100628795950388,0.));
#1685=CARTESIAN_POINT('',(-0.0142720168215099,-0.0115628795950388,0.));
#1686=CARTESIAN_POINT('',(-0.0157720168215099,-0.0100628795950388,0.));
#1687=CARTESIAN_POINT('',(0.,-0.0115628795950388,0.));
#1688=CARTESIAN_POINT('',(-0.0122220168215099,-0.0115628795950388,0.));
#1689=CARTESIAN_POINT('',(-0.0122220168215099,-0.0100628795950388,0.));
#1690=CARTESIAN_POINT('',(-0.0107220168215099,-0.0100628795950388,0.));
#1691=CARTESIAN_POINT('',(-0.0107220168215099,3.40100789538447E-18,0.));
#1692=CARTESIAN_POINT('',(-0.0107220168215099,0.0115471204049612,0.));
#1693=CARTESIAN_POINT('',(-0.0122220168215099,0.0115471204049612,0.));
#1694=CARTESIAN_POINT('',(-0.0122220168215099,0.0130471204049612,0.));
#1695=CARTESIAN_POINT('',(0.,0.0130471204049612,0.));
#1696=CARTESIAN_POINT('',(-0.0142720168215099,0.0130471204049612,0.));
#1697=CARTESIAN_POINT('',(-0.0142720168215099,0.0115471204049612,0.));
#1698=CARTESIAN_POINT('',(-0.0157720168215099,0.0115471204049612,0.));
#1699=CARTESIAN_POINT('',(-0.0157720168215099,1.1117467632578E-18,0.));
#1700=CARTESIAN_POINT('',(0.0322766451720794,0.,0.));
#1701=CARTESIAN_POINT('',(0.0322766451720794,-0.035103246020683,0.));
#1702=CARTESIAN_POINT('',(0.0322766451720794,-0.045103246020683,0.));
#1703=CARTESIAN_POINT('',(0.,-0.035103246020683,0.));
#1704=CARTESIAN_POINT('',(0.0302766451720794,-0.035103246020683,0.));
#1705=CARTESIAN_POINT('',(0.0302766451720794,0.,0.));
#1706=CARTESIAN_POINT('',(0.0302766451720794,-0.043103246020683,0.));
#1707=CARTESIAN_POINT('',(0.,-0.043103246020683,0.));
#1708=CARTESIAN_POINT('',(0.0222766451720794,-0.043103246020683,0.));
#1709=CARTESIAN_POINT('',(0.0222766451720794,0.,0.));
#1710=CARTESIAN_POINT('',(0.0222766451720794,-0.045103246020683,0.));
#1711=CARTESIAN_POINT('',(0.,-0.045103246020683,0.));
#1712=CARTESIAN_POINT('',(0.,0.,0.0065));
#1713=CARTESIAN_POINT('',(0.0322766451720794,0.,0.0065));
#1714=CARTESIAN_POINT('',(0.0322766451720794,-0.045103246020683,0.0065));
#1715=CARTESIAN_POINT('',(0.0322766451720794,0.045103246020683,0.0065));
#1716=CARTESIAN_POINT('',(0.,0.045103246020683,0.0065));
#1717=CARTESIAN_POINT('',(-0.0322766451720794,0.045103246020683,0.0065));
#1718=CARTESIAN_POINT('',(-0.0322766451720794,-0.046603246020683,0.0065));
#1719=CARTESIAN_POINT('',(-0.0322766451720794,-0.045103246020683,0.0065));
#1720=CARTESIAN_POINT('',(0.0337766451720794,-0.045103246020683,0.0065));
#1721=CARTESIAN_POINT('',(0.0239177945850315,-0.044541308553562,0.0064999999999884));
#1722=CARTESIAN_POINT('',(0.0156541982297891,-0.0325931363184164,0.00650000000001529));
#1723=CARTESIAN_POINT('',(0.0155174883205113,-0.0324443149796216,0.00650000000001529));
#1724=CARTESIAN_POINT('',(0.0142593075714032,-0.0330499499307123,0.0065));
#1725=CARTESIAN_POINT('',(0.0147448295864511,-0.0330499499307123,0.0065));
#1726=CARTESIAN_POINT('',(0.0152112808986803,-0.0328123537976517,0.0065));
#1727=CARTESIAN_POINT('',(0.0155174883205105,-0.0324443149796209,0.0065));
#1728=CARTESIAN_POINT('',(0.0142593075714032,-0.0330499499307124,0.0065000000000001));
#1729=CARTESIAN_POINT('',(0.0164329831784901,-0.0330499499307123,0.0065));
#1730=CARTESIAN_POINT('',(-0.0181183412144181,-0.0330499499307123,0.0065));
#1731=CARTESIAN_POINT('',(-0.0193765219635228,-0.0324443149796241,0.0065));
#1732=CARTESIAN_POINT('',(-0.0190704979930442,-0.0328121333026101,0.0065));
#1733=CARTESIAN_POINT('',(-0.0186044463573253,-0.0330499499307123,0.0065));
#1734=CARTESIAN_POINT('',(-0.0181183412144181,-0.0330499499307123,0.0065));
#1735=CARTESIAN_POINT('',(-0.0193765219635228,-0.0324443149796241,0.0065));
#1736=CARTESIAN_POINT('',(-0.0195132318624408,-0.032593136327661,0.00650000000379719));
#1737=CARTESIAN_POINT('',(-0.0194676650537896,-0.0325435263115925,0.00649999886216066));
#1738=CARTESIAN_POINT('',(-0.0194220950829628,-0.0324939191997924,0.00649999885682507));
#1739=CARTESIAN_POINT('',(-0.019376521953836,-0.0324443149898243,0.00650000000370186));
#1740=CARTESIAN_POINT('',(-0.0195132318728042,-0.0325931363184161,0.0065));
#1741=CARTESIAN_POINT('',(-0.0185420168215049,-0.0311978795950388,0.0065));
#1742=CARTESIAN_POINT('',(-0.0202420168215049,-0.0311978795950388,0.0065));
#1743=CARTESIAN_POINT('',(-0.0202420168215049,-0.0329478795950388,0.0065));
#1744=CARTESIAN_POINT('',(-0.0202420168215049,0.0312921204049612,0.0065));
#1745=CARTESIAN_POINT('',(-0.0185420168215049,0.0312921204049612,0.0065));
#1746=CARTESIAN_POINT('',(-0.0185420168215049,0.0329921204049612,0.0065));
#1747=CARTESIAN_POINT('',(-0.020292016821505,0.0329921204049612,0.0065));
#1748=CARTESIAN_POINT('',(0.0146829831784901,0.0329921204049612,0.0065));
#1749=CARTESIAN_POINT('',(0.0146829831784901,0.0312921204049612,0.0065));
#1750=CARTESIAN_POINT('',(0.01638298317849,0.0312921204049612,0.0065));
#1751=CARTESIAN_POINT('',(0.01638298317849,0.0330421204049612,0.0065));
#1752=CARTESIAN_POINT('',(0.01638298317849,-0.0311978795950388,0.0065));
#1753=CARTESIAN_POINT('',(0.0146829831784901,-0.0311978795950388,0.00650000000001529));
#1754=CARTESIAN_POINT('',(0.,0.046603246020683,0.0065));
#1755=CARTESIAN_POINT('',(-0.0322766451720794,0.046603246020683,0.0065));
#1756=CARTESIAN_POINT('',(-0.0322766451720794,0.046603246020683,0.005));
#1757=CARTESIAN_POINT('',(0.,0.046603246020683,0.005));
#1758=CARTESIAN_POINT('',(0.0337766451720794,0.046603246020683,0.005));
#1759=CARTESIAN_POINT('',(0.0337766451720794,0.046603246020683,0.0065));
#1760=CARTESIAN_POINT('',(-0.0337766451720794,-6.93889390390723E-18,0.0065));
#1761=CARTESIAN_POINT('',(-0.0337766451720794,0.046603246020683,0.005));
#1762=CARTESIAN_POINT('',(-0.0337766451720794,-0.045103246020683,0.005));
#1763=CARTESIAN_POINT('',(-0.0337766451720794,0.045103246020683,0.005));
#1764=CARTESIAN_POINT('',(-0.0337766451720794,0.045103246020683,0.));
#1765=CARTESIAN_POINT('',(-0.0337766451720794,-0.045103246020683,0.0065));
#1766=CARTESIAN_POINT('',(-3.46944695195361E-18,-0.046603246020683,0.0065));
#1767=CARTESIAN_POINT('',(-0.0337766451720794,-0.046603246020683,0.005));
#1768=CARTESIAN_POINT('',(0.0322766451720794,-0.046603246020683,0.005));
#1769=CARTESIAN_POINT('',(-0.0322766451720794,-0.046603246020683,0.005));
#1770=CARTESIAN_POINT('',(-0.0322766451720794,-0.046603246020683,0.0065));
#1771=CARTESIAN_POINT('',(0.0322766451720794,-0.046603246020683,0.0065));
#1772=CARTESIAN_POINT('',(0.0337766451720794,0.,0.0065));
#1773=CARTESIAN_POINT('',(0.0337766451720794,0.,0.005));
#1774=CARTESIAN_POINT('',(0.0337766451720794,-0.045103246020683,0.005));
#1775=CARTESIAN_POINT('',(0.0337766451720794,-0.045103246020683,0.));
#1776=CARTESIAN_POINT('',(0.0164329831784901,-0.0287027666904011,0.002));
#1777=CARTESIAN_POINT('',(-0.0157720168215099,0.000742120404961236,0.002));
#1778=CARTESIAN_POINT('',(-0.0157720168215099,-0.0100628795950388,0.002));
#1779=CARTESIAN_POINT('',(-0.0157720168215099,0.0115471204049612,0.002));
#1780=CARTESIAN_POINT('',(-0.0142720168215099,0.0115471204049612,0.002));
#1781=CARTESIAN_POINT('',(-0.0142720168215099,0.0130471204049612,0.002));
#1782=CARTESIAN_POINT('',(-0.0132470168215099,0.0130471204049612,0.002));
#1783=CARTESIAN_POINT('',(-0.0122220168215099,0.0130471204049612,0.002));
#1784=CARTESIAN_POINT('',(-0.0122220168215099,0.0115471204049612,0.002));
#1785=CARTESIAN_POINT('',(-0.0107220168215099,0.0115471204049612,0.002));
#1786=CARTESIAN_POINT('',(-0.0107220168215099,0.000742120404961236,0.002));
#1787=CARTESIAN_POINT('',(-0.0107220168215099,-0.0100628795950388,0.002));
#1788=CARTESIAN_POINT('',(-0.0122220168215099,-0.0100628795950388,0.002));
#1789=CARTESIAN_POINT('',(-0.0122220168215099,-0.0115628795950388,0.002));
#1790=CARTESIAN_POINT('',(-0.0132470168215099,-0.0115628795950388,0.002));
#1791=CARTESIAN_POINT('',(-0.0142720168215099,-0.0115628795950388,0.002));
#1792=CARTESIAN_POINT('',(-0.0142720168215099,-0.0100628795950388,0.002));
#1793=CARTESIAN_POINT('',(-0.020292016821505,0.0302921204049613,0.002));
#1794=CARTESIAN_POINT('',(-0.0175420168215049,0.0302921204049613,0.002));
#1795=CARTESIAN_POINT('',(0.0136829831784901,0.0302921204049613,0.002));
#1796=CARTESIAN_POINT('',(-0.0175420168215049,-0.0329478795950388,0.002));
#1797=CARTESIAN_POINT('',(-0.0175420168215049,-0.0301978795950388,0.002));
#1798=CARTESIAN_POINT('',(0.0164329831784901,-0.0301978795950388,0.002));
#1799=CARTESIAN_POINT('',(0.0136829831784901,-0.0301978795950388,0.002));
#1800=CARTESIAN_POINT('',(0.0136829831784901,0.0330421204049612,0.002));
#1801=CARTESIAN_POINT('',(-0.0142720168215099,-0.0100628795950388,-0.111805911440864));
#1802=CARTESIAN_POINT('',(-0.0157720168215099,-0.0100628795950388,-0.111805911440864));
#1803=CARTESIAN_POINT('',(-0.0142720168215099,-0.0115628795950388,-0.111805911440864));
#1804=CARTESIAN_POINT('',(-0.0132470168215099,-0.0115628795950388,-0.111805911440864));
#1805=CARTESIAN_POINT('',(-0.0122220168215099,-0.0115628795950388,-0.111805911440864));
#1806=CARTESIAN_POINT('',(-0.0122220168215099,-0.0100628795950388,-0.111805911440864));
#1807=CARTESIAN_POINT('',(-0.0107220168215099,-0.0100628795950388,-0.111805911440864));
#1808=CARTESIAN_POINT('',(-0.0107220168215099,0.000742120404961236,-0.111805911440864));
#1809=CARTESIAN_POINT('',(-0.0107220168215099,0.0115471204049612,-0.111805911440864));
#1810=CARTESIAN_POINT('',(-0.0122220168215099,0.0115471204049612,-0.111805911440864));
#1811=CARTESIAN_POINT('',(-0.0122220168215099,0.0130471204049612,-0.111805911440864));
#1812=CARTESIAN_POINT('',(-0.0132470168215099,0.0130471204049612,-0.111805911440864));
#1813=CARTESIAN_POINT('',(-0.0142720168215099,0.0130471204049612,-0.111805911440864));
#1814=CARTESIAN_POINT('',(-0.0142720168215099,0.0115471204049612,-0.111805911440864));
#1815=CARTESIAN_POINT('',(-0.0157720168215099,0.0115471204049612,-0.111805911440864));
#1816=CARTESIAN_POINT('',(-0.0157720168215099,0.000742120404961236,-0.111805911440864));
#1817=CARTESIAN_POINT('',(0.0136829831784901,4.71204049612498E-5,0.002));
#1818=CARTESIAN_POINT('',(0.0136829831784901,0.0302921204049613,0.002));
#1819=CARTESIAN_POINT('',(0.0136829831784901,0.0302921204049613,0.0018));
#1820=CARTESIAN_POINT('',(0.0136829831784901,-0.0301978795950388,0.002));
#1821=CARTESIAN_POINT('',(0.0136829831784901,-0.0301978795950388,0.0018));
#1822=CARTESIAN_POINT('',(0.0136829831784901,0.0330421204049612,0.0018));
#1823=CARTESIAN_POINT('',(-0.00192951682150743,-0.0301978795950388,0.002));
#1824=CARTESIAN_POINT('',(-0.0175420168215049,-0.0301978795950388,0.002));
#1825=CARTESIAN_POINT('',(-0.0175420168215049,-0.0301978795950388,0.0018));
#1826=CARTESIAN_POINT('',(0.0164329831784901,-0.0301978795950388,0.0018));
#1827=CARTESIAN_POINT('',(-0.0175420168215049,4.71204049612428E-5,0.002));
#1828=CARTESIAN_POINT('',(-0.0175420168215049,0.0302921204049613,0.002));
#1829=CARTESIAN_POINT('',(-0.0175420168215049,0.0302921204049613,0.0018));
#1830=CARTESIAN_POINT('',(-0.0175420168215049,-0.0329478795950388,0.0018));
#1831=CARTESIAN_POINT('',(-0.0185420168215049,-0.0326978795950387,0.00476982096046353));
#1832=CARTESIAN_POINT('',(-0.0185420168215049,-0.0370769025785933,0.00324878160129549));
#1833=CARTESIAN_POINT('',(-0.0185420168215004,-0.0328978795950387,0.00501545567844442));
#1834=CARTESIAN_POINT('',(-0.0185420168215049,-0.0326978795950387,0.00503964192092705));
#1835=CARTESIAN_POINT('',(-0.0185420168215049,-0.0326978795950387,0.011255099));
#1836=CARTESIAN_POINT('',(-0.0185420168215049,-0.0326978795950387,0.0045));
#1837=CARTESIAN_POINT('',(-0.0185420168215049,-0.0326978795950387,0.0045));
#1838=CARTESIAN_POINT('',(-0.0185420168215049,-0.0328978795950387,0.0045));
#1839=CARTESIAN_POINT('',(-0.0185420168215049,-0.0328978795950387,0.011255099));
#1840=CARTESIAN_POINT('',(-0.00192951682150743,-0.0326978795950387,0.0045));
#1841=CARTESIAN_POINT('',(0.0164329831784901,-0.0326978795950387,0.0045));
#1842=CARTESIAN_POINT('',(0.0146829831784901,-0.0326978795950387,0.0045));
#1843=CARTESIAN_POINT('',(0.0146829831784901,-0.0326978795950387,0.0045));
#1844=CARTESIAN_POINT('',(0.0146829831784901,-0.0328978795950387,0.0045));
#1845=CARTESIAN_POINT('',(0.0164329831784901,-0.0328978795950387,0.0045));
#1846=CARTESIAN_POINT('',(0.0146829831784901,-0.0326978795950387,0.0047698209604637));
#1847=CARTESIAN_POINT('',(0.0146829831784901,-0.0326978795950387,0.011255099));
#1848=CARTESIAN_POINT('',(0.0146829831784901,-0.0326978795950387,0.0050396419209274));
#1849=CARTESIAN_POINT('',(0.0146829831784901,-0.0371248834638761,0.00323923202561593));
#1850=CARTESIAN_POINT('',(0.0146829831784899,-0.0328978795950387,0.00501545567845191));
#1851=CARTESIAN_POINT('',(0.0146829831784901,-0.0328978795950387,0.011255099));
#1852=CARTESIAN_POINT('',(0.0151979488284246,-0.0328597235806827,0.00470985434907324));
#1853=CARTESIAN_POINT('',(0.0146830117460581,-0.0326979119639701,0.00503968642880833));
#1854=CARTESIAN_POINT('',(0.0146673878845133,-0.0327643916518701,0.00500134577904878));
#1855=CARTESIAN_POINT('',(0.014652349483283,-0.0328308425644882,0.0049627166642479));
#1856=CARTESIAN_POINT('',(0.0146379172468614,-0.0328972827335555,0.00492384413071825));
#1857=CARTESIAN_POINT('',(0.0146379522803971,-0.0328972830839731,0.00492383172338217));
#1858=CARTESIAN_POINT('',(0.01468298317849,-0.0328978795950388,0.00501545567845183));
#1859=CARTESIAN_POINT('',(0.0146660300588168,-0.0328978795950388,0.00498637789267877));
#1860=CARTESIAN_POINT('',(0.0146504983960478,-0.0328976155317216,0.0049555743429308));
#1861=CARTESIAN_POINT('',(0.0146379522803571,-0.0328972830839767,0.00492383172339802));
#1862=CARTESIAN_POINT('',(0.014706022670356,-0.0328975169911203,0.00502965089071816));
#1863=CARTESIAN_POINT('',(0.0147056682627065,-0.0328975231833742,0.00502908965816478));
#1864=CARTESIAN_POINT('',(0.014705313855057,-0.0328975293756282,0.00502852842561141));
#1865=CARTESIAN_POINT('',(0.0147049594474075,-0.0328975355678821,0.00502796719305804));
#1866=CARTESIAN_POINT('',(0.014646706209063,-0.0328985533756066,0.00493571858120013));
#1867=CARTESIAN_POINT('',(0.0145866100716753,-0.0328990803981146,0.00484488731470737));
#1868=CARTESIAN_POINT('',(0.0145251614674795,-0.0328990803981146,0.004755099));
#1869=CARTESIAN_POINT('',(0.0147058907102823,-0.0328963255187424,0.00502972095457057));
#1870=CARTESIAN_POINT('',(0.0147055365698641,-0.0328963316740399,0.00502915959303455));
#1871=CARTESIAN_POINT('',(0.014705182429446,-0.0328963378293373,0.00502859823149853));
#1872=CARTESIAN_POINT('',(0.0147048282890279,-0.0328963439846347,0.00502803686996251));
#1873=CARTESIAN_POINT('',(0.0146466189749423,-0.0328973557178971,0.00493576705749854));
#1874=CARTESIAN_POINT('',(0.014586566661783,-0.0328978795950387,0.00484491233314385));
#1875=CARTESIAN_POINT('',(0.0145251614674795,-0.0328978795950387,0.004755099));
#1876=CARTESIAN_POINT('',(0.0146839120734133,-0.0326978795950387,0.00504139045372902));
#1877=CARTESIAN_POINT('',(0.0146836024417722,-0.0326978795950387,0.00504080760946182));
#1878=CARTESIAN_POINT('',(0.0146832928101311,-0.0326978795950387,0.00504022476519461));
#1879=CARTESIAN_POINT('',(0.0146829831784901,-0.0326978795950387,0.0050396419209274));
#1880=CARTESIAN_POINT('',(0.014632089678272,-0.0326978795950387,0.00494384103721871));
#1881=CARTESIAN_POINT('',(0.0145793365183628,-0.0326978795950387,0.0048490792839085));
#1882=CARTESIAN_POINT('',(0.0145251614674795,-0.0326978795950387,0.004755099));
#1883=CARTESIAN_POINT('',(0.0146829831784901,-0.0326978795950387,0.0050396419209274));
#1884=CARTESIAN_POINT('',(0.0146320911363334,-0.0326978795950387,0.00494384378184376));
#1885=CARTESIAN_POINT('',(0.0145793284710541,-0.0326978795950387,0.00484906532382312));
#1886=CARTESIAN_POINT('',(0.0145251614674795,-0.0326978795950387,0.004755099));
#1887=CARTESIAN_POINT('',(0.0145251614674795,-0.0326978795950387,0.004755099));
#1888=CARTESIAN_POINT('',(0.0145251614674795,-0.0326978795950387,0.004755099));
#1889=CARTESIAN_POINT('',(0.0145251614674795,-0.0327645462617054,0.004755099));
#1890=CARTESIAN_POINT('',(0.0145251614674795,-0.0328312129283721,0.004755099));
#1891=CARTESIAN_POINT('',(0.0145251614674795,-0.0328978795950387,0.004755099));
#1892=CARTESIAN_POINT('',(0.0145251614674795,-0.0328978795950387,0.004755099));
#1893=CARTESIAN_POINT('',(0.0146379524917394,-0.0328972813260059,0.00492383157316936));
#1894=CARTESIAN_POINT('',(0.0146009563328079,-0.0328976772906613,0.0048671254456051));
#1895=CARTESIAN_POINT('',(0.0145633201195747,-0.0328978795950387,0.00481091114703125));
#1896=CARTESIAN_POINT('',(0.0145251614674795,-0.0328978795950387,0.004755099));
#1897=CARTESIAN_POINT('',(-0.00192951682150743,-0.0326978795950387,0.004755099));
#1898=CARTESIAN_POINT('',(0.0164329831784901,-0.0326978795950387,0.004755099));
#1899=CARTESIAN_POINT('',(-0.0183841951104944,-0.0326978795950387,0.004755099));
#1900=CARTESIAN_POINT('',(-0.0183841951104944,-0.0328978795950387,0.004755099));
#1901=CARTESIAN_POINT('',(-0.0183841951104944,-0.0328312129283721,0.004755099));
#1902=CARTESIAN_POINT('',(-0.0183841951104944,-0.0327645462617054,0.004755099));
#1903=CARTESIAN_POINT('',(-0.0183841951104944,-0.0326978795950387,0.004755099));
#1904=CARTESIAN_POINT('',(-0.0183841951104944,-0.0328978795950387,0.004755099));
#1905=CARTESIAN_POINT('',(0.0164329831784901,-0.0328978795950387,0.004755099));
#1906=CARTESIAN_POINT('',(-0.0185639930926027,-0.0328975355876907,0.0050279671918994));
#1907=CARTESIAN_POINT('',(-0.0185057398535273,-0.0328985533955162,0.0049357185803927));
#1908=CARTESIAN_POINT('',(-0.0184456437153917,-0.0328990804180765,0.00484488731430643));
#1909=CARTESIAN_POINT('',(-0.0183841951104943,-0.0328990804180765,0.004755099));
#1910=CARTESIAN_POINT('',(-0.0185638619320428,-0.0328963439846347,0.00502803686996217));
#1911=CARTESIAN_POINT('',(-0.0185056526179565,-0.0328973557178971,0.00493576705749698));
#1912=CARTESIAN_POINT('',(-0.0184456003047778,-0.0328978795950387,0.00484491233315879));
#1913=CARTESIAN_POINT('',(-0.0183841951104944,-0.0328978795950387,0.004755099));
#1914=CARTESIAN_POINT('',(-0.0185420168215049,-0.0326978795950387,0.00503964192092705));
#1915=CARTESIAN_POINT('',(-0.0184911233212863,-0.0326978795950387,0.00494384103721726));
#1916=CARTESIAN_POINT('',(-0.018438370161358,-0.0326978795950387,0.0048490792839209));
#1917=CARTESIAN_POINT('',(-0.0183841951104944,-0.0326978795950387,0.004755099));
#1918=CARTESIAN_POINT('',(-0.0185418853941815,-0.0326966855684176,0.0050397117407059));
#1919=CARTESIAN_POINT('',(-0.0184910359082898,-0.0326966794814997,0.00494388961291764));
#1920=CARTESIAN_POINT('',(-0.0184383266624526,-0.0326966763296836,0.00484910435365834));
#1921=CARTESIAN_POINT('',(-0.0183841951104944,-0.0326966763296836,0.004755099));
#1922=CARTESIAN_POINT('',(-0.0185420168215049,-0.0326978795950387,0.00503964192092705));
#1923=CARTESIAN_POINT('',(-0.0184911247793484,-0.0326978795950387,0.00494384378184347));
#1924=CARTESIAN_POINT('',(-0.0184383621140489,-0.0326978795950387,0.00484906532383456));
#1925=CARTESIAN_POINT('',(-0.0183841951104944,-0.0326978795950387,0.004755099));
#1926=CARTESIAN_POINT('',(-0.0184969507048626,-0.0328972827287794,0.00492384419678212));
#1927=CARTESIAN_POINT('',(-0.0185113824955977,-0.0328308302570411,0.0049626958367912));
#1928=CARTESIAN_POINT('',(-0.0185264102521137,-0.032764367372822,0.00500130828572851));
#1929=CARTESIAN_POINT('',(-0.0185420137931564,-0.0326978763778495,0.00503963757752805));
#1930=CARTESIAN_POINT('',(-0.0184969859233077,-0.0328972830839746,0.00492383172323499));
#1931=CARTESIAN_POINT('',(-0.0183841951104944,-0.0328978795950387,0.004755099));
#1932=CARTESIAN_POINT('',(-0.0184223537625433,-0.0328978795950387,0.00481091114699111));
#1933=CARTESIAN_POINT('',(-0.0184599899757464,-0.0328976772906616,0.00486712544551198));
#1934=CARTESIAN_POINT('',(-0.0184969861346503,-0.0328972813260069,0.00492383157302195));
#1935=CARTESIAN_POINT('',(0.0142593075714032,-0.0332343023602379,0.00642244884444443));
#1936=CARTESIAN_POINT('',(0.0143957134021665,-0.0332361553212309,0.00642685365129005));
#1937=CARTESIAN_POINT('',(0.0145291306939478,-0.0332216290498169,0.0064318178988177));
#1938=CARTESIAN_POINT('',(0.0147906393615651,-0.0331630905186669,0.00644242596005493));
#1939=CARTESIAN_POINT('',(0.0149197555400842,-0.0331182649421319,0.00644812901436957));
#1940=CARTESIAN_POINT('',(0.0151614237049901,-0.0330034177677608,0.00645949303575397));
#1941=CARTESIAN_POINT('',(0.015275473062792,-0.032933224168737,0.00646521272254938));
#1942=CARTESIAN_POINT('',(0.0154890382408457,-0.0327674515172449,0.00647659625795431));
#1943=CARTESIAN_POINT('',(0.0155851517603722,-0.0326745468653707,0.00648207898236234));
#1944=CARTESIAN_POINT('',(0.0156709265358953,-0.0325719752101221,0.0064873675177446));
#1945=CARTESIAN_POINT('',(0.0142593075714032,-0.0330499499307123,0.0065));
#1946=CARTESIAN_POINT('',(0.014380672861569,-0.0330499499307123,0.0065));
#1947=CARTESIAN_POINT('',(0.014499489877659,-0.0330353321100336,0.0065));
#1948=CARTESIAN_POINT('',(0.0147324827152098,-0.0329799595243115,0.0065));
#1949=CARTESIAN_POINT('',(0.0148475713825793,-0.0329384682073873,0.0065));
#1950=CARTESIAN_POINT('',(0.0150630244848377,-0.0328334036598439,0.0065));
#1951=CARTESIAN_POINT('',(0.015164723647969,-0.0327696567182636,0.0065));
#1952=CARTESIAN_POINT('',(0.0153551974514665,-0.0326199089594284,0.0065));
#1953=CARTESIAN_POINT('',(0.0154409383514483,-0.0325363224168201,0.0065));
#1954=CARTESIAN_POINT('',(0.0155174883205106,-0.0324443149796209,0.0065));
#1955=CARTESIAN_POINT('',(0.0142593075714032,-0.0330490310248363,0.00650038655423588));
#1956=CARTESIAN_POINT('',(0.0143805978918973,-0.0330490217887403,0.0065003645984477));
#1957=CARTESIAN_POINT('',(0.0144993421328187,-0.0330344035117336,0.00650033985412383));
#1958=CARTESIAN_POINT('',(0.0147321928330303,-0.032979046706687,0.00650028697817407));
#1959=CARTESIAN_POINT('',(0.0148472115801799,-0.0329375720094013,0.00650025855126299));
#1960=CARTESIAN_POINT('',(0.0150625340132892,-0.0328325562234246,0.00650020190722498));
#1961=CARTESIAN_POINT('',(0.0151641716167953,-0.03276884141525,0.0065001733974092));
#1962=CARTESIAN_POINT('',(0.0153545303211871,-0.0326191735325957,0.00650011665610343));
#1963=CARTESIAN_POINT('',(0.0154402195187798,-0.0325356334361633,0.0065000893274282));
#1964=CARTESIAN_POINT('',(0.0155167235067347,-0.0324436786563772,0.00650006296668941));
#1965=CARTESIAN_POINT('',(0.0142593075714032,-0.033234302360238,0.00642244884444444));
#1966=CARTESIAN_POINT('',(0.0142593075714032,-0.0331728515503961,0.00644829922962963));
#1967=CARTESIAN_POINT('',(0.0142593075714032,-0.0331114007405542,0.00647414961481481));
#1968=CARTESIAN_POINT('',(0.0142593075714032,-0.0330499499307123,0.0065));
#1969=CARTESIAN_POINT('',(0.0142593075714032,-0.033234302360238,0.00642244884444454));
#1970=CARTESIAN_POINT('',(0.0156511145428558,-0.0325952776563735,0.0064861540354582));
#1971=CARTESIAN_POINT('',(0.0156068598820606,-0.0325450098113017,0.00649139699044778));
#1972=CARTESIAN_POINT('',(0.0155623160746857,-0.0324946905121225,0.00649601295474468));
#1973=CARTESIAN_POINT('',(0.0155174883456366,-0.0324443149569565,0.00649999999081204));
#1974=CARTESIAN_POINT('',(0.015651114999066,-0.0325952774546293,0.00648615596720665));
#1975=CARTESIAN_POINT('',(0.0142593075714032,-0.0332343023602379,0.00642244884444443));
#1976=CARTESIAN_POINT('',(0.0147945257400542,-0.033241572029077,0.00643973241837794));
#1977=CARTESIAN_POINT('',(0.0153083635885899,-0.0329919449336047,0.00646528697557519));
#1978=CARTESIAN_POINT('',(0.015651114948565,-0.0325952773109918,0.00648615406615043));
#1979=CARTESIAN_POINT('',(-4016.05303736862,4452.92761620455,205.767620294407));
#1980=CARTESIAN_POINT('',(0.0156541982297893,-0.0325931363184161,0.00650000000001518));
#1981=CARTESIAN_POINT('',(0.01565318553457,-0.032593841238753,0.00649538022850394));
#1982=CARTESIAN_POINT('',(0.0156521578334104,-0.0325945549681124,0.00649076554334435));
#1983=CARTESIAN_POINT('',(0.0156511149990685,-0.0325952774546276,0.00648615596720577));
#1984=CARTESIAN_POINT('',(4016.05292999911,4452.92501093831,205.750775779912));
#1985=CARTESIAN_POINT('',(-0.019376521953836,-0.0324443149898243,0.00650000000370186));
#1986=CARTESIAN_POINT('',(-0.0194213885562701,-0.0324947323007478,0.00649601436523547));
#1987=CARTESIAN_POINT('',(-0.0194659323133699,-0.0325450516180716,0.00649139816612626));
#1988=CARTESIAN_POINT('',(-0.0195101479707163,-0.0325952777707717,0.00648615335486466));
#1989=CARTESIAN_POINT('',(-0.019510148646791,-0.0325952774513661,0.00648615598801425));
#1990=CARTESIAN_POINT('',(-0.0195132318728011,-0.0325931363184183,0.00650000000000117));
#1991=CARTESIAN_POINT('',(-0.0195122193417976,-0.0325938411244472,0.00649538097761915));
#1992=CARTESIAN_POINT('',(-0.0195111916473763,-0.0325945548496705,0.00649076629920552));
#1993=CARTESIAN_POINT('',(-0.019510148646791,-0.0325952774513661,0.00648615598801442));
#1994=CARTESIAN_POINT('',(-0.0195308848989312,-0.0325727445749876,0.00648729138606323));
#1995=CARTESIAN_POINT('',(-0.0194456406854372,-0.0326746789752566,0.00648200731325381));
#1996=CARTESIAN_POINT('',(-0.0193473020185983,-0.0327696831480288,0.00647636835506084));
#1997=CARTESIAN_POINT('',(-0.0191346747074278,-0.0329344775811377,0.00646497870505067));
#1998=CARTESIAN_POINT('',(-0.0190209664413777,-0.0330045146166753,0.00645924421094789));
#1999=CARTESIAN_POINT('',(-0.0187785834352977,-0.0331196205372015,0.00644778684999867));
#2000=CARTESIAN_POINT('',(-0.0186494007156661,-0.0331643563417039,0.00644205290274129));
#2001=CARTESIAN_POINT('',(-0.018388390027747,-0.0332227184258384,0.00643140958860705));
#2002=CARTESIAN_POINT('',(-0.0182549996168538,-0.0332372797293365,0.006426418080064));
#2003=CARTESIAN_POINT('',(-0.0181183412144181,-0.0332354133897336,0.0064219814699625));
#2004=CARTESIAN_POINT('',(-0.0195299601789072,-0.0325719752101256,0.00648736751774441));
#2005=CARTESIAN_POINT('',(-0.019444771186998,-0.0326738463704493,0.00648211509947643));
#2006=CARTESIAN_POINT('',(-0.0193464964314063,-0.0327687931643869,0.00647650992178615));
#2007=CARTESIAN_POINT('',(-0.0191340075843569,-0.0329334916730594,0.00646518850212806));
#2008=CARTESIAN_POINT('',(-0.019020373477237,-0.0330034899566552,0.00645948836084132));
#2009=CARTESIAN_POINT('',(-0.0187781488248048,-0.0331185368294377,0.00644809963587044));
#2010=CARTESIAN_POINT('',(-0.0186490506338369,-0.0331632526127423,0.0064424000381532));
#2011=CARTESIAN_POINT('',(-0.0183882113621805,-0.0332215956961363,0.00643182048340314));
#2012=CARTESIAN_POINT('',(-0.0182549088654642,-0.0332361575194264,0.0064268588767785));
#2013=CARTESIAN_POINT('',(-0.0181183412144181,-0.0332343023602379,0.00642244884444445));
#2014=CARTESIAN_POINT('',(-0.0193765219635228,-0.0324443149796241,0.0065));
#2015=CARTESIAN_POINT('',(-0.0193004958546419,-0.032535692775383,0.0065));
#2016=CARTESIAN_POINT('',(-0.0192128258523399,-0.0326211187351722,0.0065));
#2017=CARTESIAN_POINT('',(-0.0190233122703278,-0.0327699005620715,0.0065));
#2018=CARTESIAN_POINT('',(-0.0189219833081385,-0.0328334687602,0.0065));
#2019=CARTESIAN_POINT('',(-0.0187060341774588,-0.0329387178778003,0.0065));
#2020=CARTESIAN_POINT('',(-0.0185909617748135,-0.0329801115562556,0.0065));
#2021=CARTESIAN_POINT('',(-0.0183585654964434,-0.0330353018586651,0.0065));
#2022=CARTESIAN_POINT('',(-0.0182398505441265,-0.0330499499307123,0.0065));
#2023=CARTESIAN_POINT('',(-0.0181183412144181,-0.0330499499307123,0.0065));
#2024=CARTESIAN_POINT('',(-0.0181183412144181,-0.0330499499307123,0.0065));
#2025=CARTESIAN_POINT('',(-0.0181183412144181,-0.0331114007405542,0.00647414961481482));
#2026=CARTESIAN_POINT('',(-0.0181183412144181,-0.0331728515503961,0.00644829922962963));
#2027=CARTESIAN_POINT('',(-0.0181183412144181,-0.033234302360238,0.00642244884444445));
#2028=CARTESIAN_POINT('',(-0.0181183412144181,-0.0332343023602379,0.00642244884444445));
#2029=CARTESIAN_POINT('',(-0.0195101444848343,-0.0325952737362292,0.00648615375334785));
#2030=CARTESIAN_POINT('',(-0.0191681658438075,-0.0329906556513357,0.00646534134311873));
#2031=CARTESIAN_POINT('',(-0.0186541448774474,-0.0332415808122069,0.00643975097610273));
#2032=CARTESIAN_POINT('',(-0.0181183412144181,-0.0332343023602379,0.00642244884444445));
#2033=CARTESIAN_POINT('',(-0.00192951682150744,0.0302921204049613,0.002));
#2034=CARTESIAN_POINT('',(-0.020292016821505,0.0302921204049613,0.0018));
#2035=CARTESIAN_POINT('',(-0.00192951682150745,-0.0330499499307123,0.0065));
#2036=CARTESIAN_POINT('',(0.0164329831784901,-0.0332343023602379,0.00642244884444445));
#2037=CARTESIAN_POINT('',(-0.0190551744379377,-0.032859418643839,0.00471095511301972));
#2038=CARTESIAN_POINT('',(-0.0185420168215005,-0.0328978795950388,0.00501545567844443));
#2039=CARTESIAN_POINT('',(-0.0185247946520903,-0.0328978795950387,0.00498591642181668));
#2040=CARTESIAN_POINT('',(-0.0185094557106739,-0.0328976135091674,0.00495538122637489));
#2041=CARTESIAN_POINT('',(-0.0184969859233077,-0.0328972830839747,0.004923831723235));
#2042=CARTESIAN_POINT('',(-0.0193834076974835,-0.0327953437788925,0.00694993343206428));
#2043=CARTESIAN_POINT('',(-0.018887820834287,-0.0333105642876442,0.00660258295026096));
#2044=CARTESIAN_POINT('',(-0.0181149730981552,-0.033238227076845,0.0064317480196705));
#2045=CARTESIAN_POINT('',(-0.0196144515708694,-0.0324459723603712,0.00626477001719159));
#2046=CARTESIAN_POINT('',(-0.0191073320038772,-0.033038185660309,0.00602228324267186));
#2047=CARTESIAN_POINT('',(-0.0183049776769149,-0.0330170394271852,0.00590938095077666));
#2048=CARTESIAN_POINT('',(-0.019710601047883,-0.0322605666714789,0.00550048318571022));
#2049=CARTESIAN_POINT('',(-0.0192001778954944,-0.0328962277428146,0.00538108740049922));
#2050=CARTESIAN_POINT('',(-0.018385198537903,-0.0328965003224819,0.00532478780430297));
#2051=CARTESIAN_POINT('',(-0.0197093794044478,-0.0322627263905564,0.00474159994458532));
#2052=CARTESIAN_POINT('',(-0.0191990028354569,-0.0328978944182106,0.0047437624192493));
#2053=CARTESIAN_POINT('',(-0.0183841861058665,-0.0328978919724997,0.00474478173240393));
#2054=CARTESIAN_POINT('',(-0.0181183412144181,-0.0332343023602379,0.00642244884444445));
#2055=CARTESIAN_POINT('',(-0.0183027309164626,-0.033019231093835,0.00591118746866607));
#2056=CARTESIAN_POINT('',(-0.0183841951104944,-0.0328978795950387,0.00533942320528383));
#2057=CARTESIAN_POINT('',(-0.0183841951104944,-0.0328978795950387,0.004755099));
#2058=CARTESIAN_POINT('',(-0.0195101486467911,-0.0325952774513661,0.00648615598801441));
#2059=CARTESIAN_POINT('',(-0.019444758096904,-0.0326405807070795,0.0061971141713681));
#2060=CARTESIAN_POINT('',(-0.0191810109584904,-0.0328199916297546,0.00565957219255765));
#2061=CARTESIAN_POINT('',(-0.0186952081633123,-0.0328978795950392,0.00527820761469346));
#2062=CARTESIAN_POINT('',(-0.0185420168215005,-0.0328978795950388,0.00501545567844436));
#2063=CARTESIAN_POINT('',(-0.0185420168215049,-0.0311978795950388,0.011255099));
#2064=CARTESIAN_POINT('',(-0.0185420168215049,-0.0311978795950388,0.0045));
#2065=CARTESIAN_POINT('',(-0.0202420168215049,-0.0311978795950388,0.0045));
#2066=CARTESIAN_POINT('',(-0.0202420168215049,-0.0311978795950388,0.011255099));
#2067=CARTESIAN_POINT('',(-0.017542016821505,-0.0301978795950388,0.0018));
#2068=CARTESIAN_POINT('',(-0.0175420168215049,-0.0301978795950387,0.0018));
#2069=CARTESIAN_POINT('',(-0.017542016821505,-0.0301978795950388,0.0018));
#2070=CARTESIAN_POINT('',(-0.0176729165372214,-0.0305513088274733,0.0018));
#2071=CARTESIAN_POINT('',(-0.017784181244858,-0.0304400440183927,0.00180015735585555));
#2072=CARTESIAN_POINT('',(-0.0178954460539395,-0.0303287793107552,0.0018));
#2073=CARTESIAN_POINT('',(-0.0179346548705099,-0.0312580023273488,0.00194058564950223));
#2074=CARTESIAN_POINT('',(-0.0182877781039497,-0.0309436408774831,0.00185222781539897));
#2075=CARTESIAN_POINT('',(-0.018602139553815,-0.0305905176440437,0.00194058564950223));
#2076=CARTESIAN_POINT('',(-0.0182675346706037,-0.0321567777876164,0.00254110180005934));
#2077=CARTESIAN_POINT('',(-0.0190766141516752,-0.0317324769252092,0.00213623398045456));
#2078=CARTESIAN_POINT('',(-0.0195009150140826,-0.0309233974441375,0.00254110180005934));
#2079=CARTESIAN_POINT('',(-0.0184899480632244,-0.0327572939476403,0.0034398772950383));
#2080=CARTESIAN_POINT('',(-0.0199235110200513,-0.0325793737935851,0.0028815857901544));
#2081=CARTESIAN_POINT('',(-0.0201014311741064,-0.0311458108367582,0.0034398772950383));
#2082=CARTESIAN_POINT('',(-0.0185420168214722,-0.0328978795950388,0.00414657070866141));
#2083=CARTESIAN_POINT('',(-0.0202420168201666,-0.0328978795937005,0.00392404084083184));
#2084=CARTESIAN_POINT('',(-0.0202420168215049,-0.0311978795950061,0.00414657070866141));
#2085=CARTESIAN_POINT('',(-0.0185420168215049,-0.0328978795950388,0.0045));
#2086=CARTESIAN_POINT('',(-0.0202420168215049,-0.0328978795950387,0.00450000000000001));
#2087=CARTESIAN_POINT('',(-0.0202420168215049,-0.0311978795950388,0.0045));
#2088=CARTESIAN_POINT('',(-0.0175420168215049,-0.0301978795950388,0.0045));
#2089=CARTESIAN_POINT('',(-0.0175420168215049,-0.0301978795950388,0.0045));
#2090=CARTESIAN_POINT('',(-0.0175420168215049,-0.0329478795950388,0.0045));
#2091=CARTESIAN_POINT('',(-0.0202420168215049,-0.0329478795950388,0.0045));
#2092=CARTESIAN_POINT('',(-0.0202420168215049,0.0312921204049612,0.0045));
#2093=CARTESIAN_POINT('',(-0.0175420168215049,0.0302921204049613,0.0045));
#2094=CARTESIAN_POINT('',(-0.0202420168215049,-0.0329478795950388,0.011255099));
#2095=CARTESIAN_POINT('',(-0.0202420168215049,0.0312921204049612,0.011255099));
#2096=CARTESIAN_POINT('',(-0.0185420168215049,0.0312921204049612,0.011255099));
#2097=CARTESIAN_POINT('',(-0.0185420168215049,0.0312921204049612,0.0045));
#2098=CARTESIAN_POINT('',(-0.0185420168215049,0.0329921204049612,0.0045));
#2099=CARTESIAN_POINT('',(-0.0185420168215049,0.0329921204049612,0.011255099));
#2100=CARTESIAN_POINT('',(-0.0175420168215049,0.0302921204049613,0.0018));
#2101=CARTESIAN_POINT('',(-0.0175420168215049,0.0302921204049612,0.0018));
#2102=CARTESIAN_POINT('',(-0.017542016821505,0.0302921204049613,0.0018));
#2103=CARTESIAN_POINT('',(-0.0178954460539391,0.0304230201206777,0.0018));
#2104=CARTESIAN_POINT('',(-0.0177841812448577,0.0305342848283146,0.00180015735585555));
#2105=CARTESIAN_POINT('',(-0.0176729165372214,0.0306455496373958,0.0018));
#2106=CARTESIAN_POINT('',(-0.0186021395538151,0.0306847584539662,0.00194058564950222));
#2107=CARTESIAN_POINT('',(-0.0182877781039498,0.0310378816874059,0.00185222781539897));
#2108=CARTESIAN_POINT('',(-0.0179346548705099,0.0313522431372713,0.00194058564950223));
#2109=CARTESIAN_POINT('',(-0.0195009150140825,0.03101763825406,0.00254110180005933));
#2110=CARTESIAN_POINT('',(-0.0190766141516752,0.0318267177351314,0.00213623398045456));
#2111=CARTESIAN_POINT('',(-0.0182675346706037,0.0322510185975389,0.00254110180005934));
#2112=CARTESIAN_POINT('',(-0.0201014311741065,0.0312400516466807,0.0034398772950383));
#2113=CARTESIAN_POINT('',(-0.0199235110200514,0.0326736146035082,0.00288158579015439));
#2114=CARTESIAN_POINT('',(-0.0184899480632244,0.0328515347575628,0.0034398772950383));
#2115=CARTESIAN_POINT('',(-0.0202420168215049,0.0312921204049285,0.00414657070866141));
#2116=CARTESIAN_POINT('',(-0.0202420168201666,0.0329921204036216,0.00392404084083184));
#2117=CARTESIAN_POINT('',(-0.0185420168214722,0.0329921204049613,0.00414657070866141));
#2118=CARTESIAN_POINT('',(-0.0202420168215049,0.0312921204049613,0.0045));
#2119=CARTESIAN_POINT('',(-0.0202420168215049,0.0329921204049612,0.00450000000000001));
#2120=CARTESIAN_POINT('',(-0.0185420168215049,0.0329921204049613,0.0045));
#2121=CARTESIAN_POINT('',(-0.0175420168215049,0.0302921204049613,0.0045));
#2122=CARTESIAN_POINT('',(-0.020292016821505,0.0302921204049613,0.0045));
#2123=CARTESIAN_POINT('',(0.0136829831784901,0.0302921204049613,0.0045));
#2124=CARTESIAN_POINT('',(0.0146829831784901,0.0329921204049612,0.0045));
#2125=CARTESIAN_POINT('',(-0.020292016821505,0.0329921204049612,0.0045));
#2126=CARTESIAN_POINT('',(-0.020292016821505,0.0329921204049612,0.011255099));
#2127=CARTESIAN_POINT('',(0.0146829831784901,0.0329921204049612,0.011255099));
#2128=CARTESIAN_POINT('',(0.0146829831784901,0.0312921204049612,0.011255099));
#2129=CARTESIAN_POINT('',(0.0146829831784901,0.0312921204049612,0.0045));
#2130=CARTESIAN_POINT('',(0.01638298317849,0.0312921204049612,0.0045));
#2131=CARTESIAN_POINT('',(0.01638298317849,0.0312921204049612,0.011255099));
#2132=CARTESIAN_POINT('',(0.0136829831784901,0.0302921204049613,0.0018));
#2133=CARTESIAN_POINT('',(0.0136829831784901,0.0302921204049612,0.0018));
#2134=CARTESIAN_POINT('',(0.0136829831784901,0.0302921204049613,0.0018));
#2135=CARTESIAN_POINT('',(0.013813882894206,0.0306455496373958,0.0018));
#2136=CARTESIAN_POINT('',(0.0139251476018415,0.0305342848283146,0.00180015735585555));
#2137=CARTESIAN_POINT('',(0.014036412410923,0.0304230201206777,0.0018));
#2138=CARTESIAN_POINT('',(0.0140756212274952,0.0313522431372713,0.00194058564950223));
#2139=CARTESIAN_POINT('',(0.0144287444609355,0.0310378816874058,0.00185222781539897));
#2140=CARTESIAN_POINT('',(0.0147431059108008,0.0306847584539662,0.00194058564950223));
#2141=CARTESIAN_POINT('',(0.0144085010275887,0.0322510185975389,0.00254110180005934));
#2142=CARTESIAN_POINT('',(0.0152175805086602,0.0318267177351316,0.00213623398045455));
#2143=CARTESIAN_POINT('',(0.0156418813710675,0.03101763825406,0.00254110180005934));
#2144=CARTESIAN_POINT('',(0.0146309144202095,0.0328515347575628,0.0034398772950383));
#2145=CARTESIAN_POINT('',(0.0160644773770363,0.0326736146035075,0.00288158579015444));
#2146=CARTESIAN_POINT('',(0.0162423975310916,0.0312400516466807,0.0034398772950383));
#2147=CARTESIAN_POINT('',(0.0146829831784574,0.0329921204049613,0.00414657070866141));
#2148=CARTESIAN_POINT('',(0.0163829831771521,0.0329921204036231,0.00392404084083172));
#2149=CARTESIAN_POINT('',(0.0163829831784901,0.0312921204049285,0.00414657070866141));
#2150=CARTESIAN_POINT('',(0.0146829831784901,0.0329921204049613,0.0045));
#2151=CARTESIAN_POINT('',(0.0163829831784901,0.0329921204049612,0.00450000000000001));
#2152=CARTESIAN_POINT('',(0.0163829831784901,0.0312921204049613,0.0045));
#2153=CARTESIAN_POINT('',(0.0136829831784901,0.0302921204049613,0.0045));
#2154=CARTESIAN_POINT('',(0.0164329831784901,-0.0301978795950388,0.0045));
#2155=CARTESIAN_POINT('',(0.0136829831784901,-0.0301978795950388,0.0045));
#2156=CARTESIAN_POINT('',(0.0164329831784901,-0.0371978795950388,0.004755099));
#2157=CARTESIAN_POINT('',(0.0145251614674795,-0.0328978795950387,0.004755099));
#2158=CARTESIAN_POINT('',(0.0145251614674795,-0.0328978795950387,0.00533942320528386));
#2159=CARTESIAN_POINT('',(0.0144436972734477,-0.033019231093835,0.00591118746866614));
#2160=CARTESIAN_POINT('',(0.0142593075714032,-0.033234302360238,0.00642244884444454));
#2161=CARTESIAN_POINT('',(0.0142559394551402,-0.0332382270768451,0.0064317480196706));
#2162=CARTESIAN_POINT('',(0.0150287871832002,-0.0333105642868887,0.00660258294847681));
#2163=CARTESIAN_POINT('',(0.0155243740459733,-0.0327953437877244,0.00694993342611019));
#2164=CARTESIAN_POINT('',(0.0144459440338901,-0.0330170394271833,0.00590938095077219));
#2165=CARTESIAN_POINT('',(0.0152482983524397,-0.0330381856600877,0.0060222832414859));
#2166=CARTESIAN_POINT('',(0.015755417919176,-0.0324459723704991,0.00626477001303918));
#2167=CARTESIAN_POINT('',(0.0145261648948874,-0.0328965003224819,0.00532478780430224));
#2168=CARTESIAN_POINT('',(0.0153411442439161,-0.0328962277428442,0.00538108739990737));
#2169=CARTESIAN_POINT('',(0.0158515673961452,-0.0322605666823516,0.00550048318366915));
#2170=CARTESIAN_POINT('',(0.0145251524628516,-0.0328978919724997,0.00474478173240394));
#2171=CARTESIAN_POINT('',(0.0153399691838849,-0.0328978944182105,0.00474376241926001));
#2172=CARTESIAN_POINT('',(0.0158503457527157,-0.032262726401405,0.00474159994462226));
#2173=CARTESIAN_POINT('',(0.0156511149990686,-0.0325952774546275,0.00648615596720576));
#2174=CARTESIAN_POINT('',(0.0155856631650092,-0.0326406231683291,0.00619684327351047));
#2175=CARTESIAN_POINT('',(0.0153230721746889,-0.0328192874492785,0.00566067309116717));
#2176=CARTESIAN_POINT('',(0.0148377805760156,-0.0328978795950388,0.00528096230202581));
#2177=CARTESIAN_POINT('',(0.01468298317849,-0.0328978795950388,0.00501545567845184));
#2178=CARTESIAN_POINT('',(0.0136829831784901,-0.0301978795950388,0.0018));
#2179=CARTESIAN_POINT('',(0.0136829831784901,-0.0301978795950387,0.0018));
#2180=CARTESIAN_POINT('',(0.0136829831784901,-0.0301978795950388,0.0018));
#2181=CARTESIAN_POINT('',(0.014036412410923,-0.0303287793107552,0.0018));
#2182=CARTESIAN_POINT('',(0.0139251476018473,-0.0304400440183978,0.00180015734842126));
#2183=CARTESIAN_POINT('',(0.013813882894206,-0.0305513088274733,0.0018));
#2184=CARTESIAN_POINT('',(0.0147431059108009,-0.0305905176440437,0.00194058564950224));
#2185=CARTESIAN_POINT('',(0.0144287444609328,-0.0309436408774806,0.00185222781894469));
#2186=CARTESIAN_POINT('',(0.0140756212274952,-0.0312580023273488,0.00194058564950223));
#2187=CARTESIAN_POINT('',(0.0156418813710675,-0.0309233974441375,0.00254110180005935));
#2188=CARTESIAN_POINT('',(0.015217580508661,-0.0317324769252099,0.00213623397938521));
#2189=CARTESIAN_POINT('',(0.0144085010275887,-0.0321567777876164,0.00254110180005934));
#2190=CARTESIAN_POINT('',(0.0162423975310916,-0.0311458108367582,0.00343987729503832));
#2191=CARTESIAN_POINT('',(0.0160644773770361,-0.0325793737935847,0.00288158579051011));
#2192=CARTESIAN_POINT('',(0.0146309144202095,-0.0327572939476403,0.0034398772950383));
#2193=CARTESIAN_POINT('',(0.0163829831784901,-0.0311978795950061,0.00414657070866141));
#2194=CARTESIAN_POINT('',(0.016382983177152,-0.0328978795937008,0.00392404084083172));
#2195=CARTESIAN_POINT('',(0.0146829831784574,-0.0328978795950388,0.00414657070866141));
#2196=CARTESIAN_POINT('',(0.0163829831784901,-0.0311978795950388,0.0045));
#2197=CARTESIAN_POINT('',(0.0163829831784901,-0.0328978795950387,0.00450000000000001));
#2198=CARTESIAN_POINT('',(0.0146829831784901,-0.0328978795950388,0.0045));
#2199=CARTESIAN_POINT('',(0.0146829831784901,-0.0311978795950388,0.0045));
#2200=CARTESIAN_POINT('',(0.01638298317849,-0.0311978795950388,0.0045));
#2201=CARTESIAN_POINT('',(0.0136829831784901,-0.0301978795950388,0.0045));
#2202=CARTESIAN_POINT('',(0.0146829831784901,-0.0311978795950388,0.011255099));
#2203=CARTESIAN_POINT('',(0.01638298317849,-0.0311978795950388,0.011255099));
#2204=CARTESIAN_POINT('',(0.0136829831784901,0.0330421204049612,0.0045));
#2205=CARTESIAN_POINT('',(0.01638298317849,0.0330421204049612,0.0045));
#2206=CARTESIAN_POINT('',(0.01638298317849,0.0330421204049612,0.011255099));
#2207=CARTESIAN_POINT('',(0.0164329831784901,-0.0326978795950387,0.011255099));
#2208=CARTESIAN_POINT('',(-0.0322766451720794,-0.045103246020683,0.0065));
#2209=CARTESIAN_POINT('',(-0.0322766451720794,-0.045103246020683,0.005));
#2210=CARTESIAN_POINT('',(-0.0322766451720794,-0.045103246020683,0.005));
#2211=CARTESIAN_POINT('',(-0.0322766451720794,-0.045103246020683,0.005));
#2212=CARTESIAN_POINT('',(-0.0322766451720794,-0.045103246020683,0.005));
#2213=CARTESIAN_POINT('',(0.0322766451720794,-0.045103246020683,0.0065));
#2214=CARTESIAN_POINT('',(0.0322766451720794,-0.045103246020683,0.005));
#2215=CARTESIAN_POINT('',(0.,-0.045103246020683,0.005));
#2216=CARTESIAN_POINT('',(0.0322766451720794,-0.045103246020683,0.005));
#2217=CARTESIAN_POINT('',(-0.0322766451720794,0.,0.005));
#2218=CARTESIAN_POINT('',(-0.0322766451720794,0.045103246020683,0.005));
#2219=CARTESIAN_POINT('',(-0.0322766451720794,0.045103246020683,0.0065));
#2220=CARTESIAN_POINT('',(-0.0322766451720794,0.045103246020683,0.005));
#2221=CARTESIAN_POINT('',(0.0322766451720794,-0.045103246020683,0.005));
#2222=CARTESIAN_POINT('',(0.0322766451720794,-0.045103246020683,0.005));
#2223=CARTESIAN_POINT('',(-0.0322766451720794,0.045103246020683,0.005));
#2224=CARTESIAN_POINT('',(-0.0322766451720794,0.045103246020683,0.005));
#2225=CARTESIAN_POINT('',(0.0322766451720794,0.,0.005));
#2226=CARTESIAN_POINT('',(0.0322766451720794,0.045103246020683,0.005));
#2227=CARTESIAN_POINT('',(0.,0.045103246020683,0.005));
#2228=CARTESIAN_POINT('',(-0.0312766451720794,0.035103246020683,-0.0025));
#2229=CARTESIAN_POINT('',(-0.0322766451720794,0.035103246020683,-0.0025));
#2230=CARTESIAN_POINT('',(-0.0322766451720794,0.035103246020683,0.0025));
#2231=CARTESIAN_POINT('',(-0.0312766451720794,0.035103246020683,0.0025));
#2232=CARTESIAN_POINT('',(-0.0302766451720794,0.035103246020683,0.0025));
#2233=CARTESIAN_POINT('',(-0.0302766451720794,0.035103246020683,-0.0025));
#2234=CARTESIAN_POINT('',(-0.0302766451720794,0.039103246020683,-0.0025));
#2235=CARTESIAN_POINT('',(-0.0302766451720794,0.039103246020683,0.0025));
#2236=CARTESIAN_POINT('',(-0.0302766451720794,0.043103246020683,0.0025));
#2237=CARTESIAN_POINT('',(-0.0302766451720794,0.043103246020683,-0.0025));
#2238=CARTESIAN_POINT('',(-0.0262766451720794,0.043103246020683,-0.0025));
#2239=CARTESIAN_POINT('',(-0.0262766451720794,0.043103246020683,0.0025));
#2240=CARTESIAN_POINT('',(-0.0222766451720794,0.043103246020683,0.0025));
#2241=CARTESIAN_POINT('',(-0.0222766451720794,0.043103246020683,-0.0025));
#2242=CARTESIAN_POINT('',(-0.0222766451720794,0.044103246020683,-0.0025));
#2243=CARTESIAN_POINT('',(-0.0222766451720794,0.044103246020683,0.0025));
#2244=CARTESIAN_POINT('',(-0.0222766451720794,0.045103246020683,0.0025));
#2245=CARTESIAN_POINT('',(-0.0222766451720794,0.045103246020683,-0.0025));
#2246=CARTESIAN_POINT('',(-0.0272766451720794,0.045103246020683,-0.0025));
#2247=CARTESIAN_POINT('',(-0.0272766451720794,0.045103246020683,0.0025));
#2248=CARTESIAN_POINT('',(-0.0322766451720794,0.045103246020683,0.0025));
#2249=CARTESIAN_POINT('',(-0.0322766451720794,0.045103246020683,-0.0025));
#2250=CARTESIAN_POINT('',(-0.0322766451720794,0.040103246020683,-0.0025));
#2251=CARTESIAN_POINT('',(-0.0322766451720794,0.040103246020683,0.0025));
#2252=CARTESIAN_POINT('',(0.,0.,0.0025));
#2253=CARTESIAN_POINT('',(0.0322766451720794,-0.044103246020683,-0.0025));
#2254=CARTESIAN_POINT('',(0.0322766451720794,-0.045103246020683,-0.0025));
#2255=CARTESIAN_POINT('',(0.0322766451720794,-0.045103246020683,0.0025));
#2256=CARTESIAN_POINT('',(0.0322766451720794,-0.044103246020683,0.0025));
#2257=CARTESIAN_POINT('',(0.0322766451720794,-0.035103246020683,0.0025));
#2258=CARTESIAN_POINT('',(0.0322766451720794,-0.035103246020683,-0.0025));
#2259=CARTESIAN_POINT('',(0.0312766451720794,-0.035103246020683,-0.0025));
#2260=CARTESIAN_POINT('',(0.0312766451720794,-0.035103246020683,0.0025));
#2261=CARTESIAN_POINT('',(0.0302766451720794,-0.035103246020683,0.0025));
#2262=CARTESIAN_POINT('',(0.0302766451720794,-0.035103246020683,-0.0025));
#2263=CARTESIAN_POINT('',(0.0302766451720794,-0.039103246020683,-0.0025));
#2264=CARTESIAN_POINT('',(0.0302766451720794,-0.039103246020683,0.0025));
#2265=CARTESIAN_POINT('',(0.0302766451720794,-0.043103246020683,0.0025));
#2266=CARTESIAN_POINT('',(0.0302766451720794,-0.043103246020683,-0.0025));
#2267=CARTESIAN_POINT('',(0.0262766451720794,-0.043103246020683,-0.0025));
#2268=CARTESIAN_POINT('',(0.0262766451720794,-0.043103246020683,0.0025));
#2269=CARTESIAN_POINT('',(0.0222766451720794,-0.043103246020683,0.0025));
#2270=CARTESIAN_POINT('',(0.0222766451720794,-0.043103246020683,-0.0025));
#2271=CARTESIAN_POINT('',(0.0222766451720794,-0.044103246020683,-0.0025));
#2272=CARTESIAN_POINT('',(0.0222766451720794,-0.044103246020683,0.0025));
#2273=CARTESIAN_POINT('',(0.0222766451720794,-0.045103246020683,0.0025));
#2274=CARTESIAN_POINT('',(0.0222766451720794,-0.045103246020683,-0.0025));
#2275=CARTESIAN_POINT('',(0.0262766451720794,-0.045103246020683,-0.0025));
#2276=CARTESIAN_POINT('',(0.0262766451720794,-0.045103246020683,0.0025));
#2277=CARTESIAN_POINT('',(0.,0.,0.0025));
#2278=MECHANICAL_DESIGN_GEOMETRIC_PRESENTATION_REPRESENTATION('',(#1220),
#2279);
#2279=(
GEOMETRIC_REPRESENTATION_CONTEXT(3)
GLOBAL_UNCERTAINTY_ASSIGNED_CONTEXT((#2280))
GLOBAL_UNIT_ASSIGNED_CONTEXT((#2283,#2282,#2281))
REPRESENTATION_CONTEXT('Top Shell','TOP_LEVEL_ASSEMBLY_PART')
);
#2280=UNCERTAINTY_MEASURE_WITH_UNIT(LENGTH_MEASURE(2.E-5),#2283,
'DISTANCE_ACCURACY_VALUE','Maximum Tolerance applied to model');
#2281=(
NAMED_UNIT(*)
SI_UNIT($,.STERADIAN.)
SOLID_ANGLE_UNIT()
);
#2282=(
NAMED_UNIT(*)
PLANE_ANGLE_UNIT()
SI_UNIT($,.RADIAN.)
);
#2283=(
LENGTH_UNIT()
NAMED_UNIT(*)
SI_UNIT($,.METRE.)
);
#2284=PRODUCT_DEFINITION_SHAPE('','',#2285);
#2285=PRODUCT_DEFINITION('','',#2287,#2286);
#2286=PRODUCT_DEFINITION_CONTEXT('',#2293,'design');
#2287=PRODUCT_DEFINITION_FORMATION_WITH_SPECIFIED_SOURCE('','',#2289,
 .NOT_KNOWN.);
#2288=PRODUCT_RELATED_PRODUCT_CATEGORY('','',(#2289));
#2289=PRODUCT('Top Shell','Top Shell','Top Shell',(#2291));
#2290=PRODUCT_CATEGORY('','');
#2291=PRODUCT_CONTEXT('',#2293,'mechanical');
#2292=APPLICATION_PROTOCOL_DEFINITION('international standard',
'ap242_managed_model_based_3d_engineering',2020,#2293);
#2293=APPLICATION_CONTEXT('managed model based 3d engineering');
ENDSEC;
END-ISO-10303-21;
