ISO-10303-21;
HEADER;
/* Generated by software containing ST-Developer
 * from STEP Tools, Inc. (www.steptools.com) 
 */
/* OPTION: using custom renumber hook */

FILE_DESCRIPTION(
/* description */ ('STEP AP242 Edition 2',
'CAx-IF Rec.Pracs.---Representation and Presentation of Product Manufa
cturing Information (PMI)---4.0---2014-10-13',
'CAx-IF Rec.Pracs.---3D Tessellated Geometry---0.4---2014-09-14','2;1',
'CAx-IF Rec.Pracs.---User Defined Attributes---1.5---2016-08-15'),
/* implementation_level */ '2;1');

FILE_NAME(
/* name */ 'Sensemate case - Bottom',
/* time_stamp */ '2026-07-29T12:02:58Z',
/* author */ (''),
/* organization */ (''),
/* preprocessor_version */ 'ST-DEVELOPER v20',
/* originating_system */ 'ONSHAPE BY PTC INC, 1.218',
/* authorisation */ '  ');

FILE_SCHEMA (('AP242_MANAGED_MODEL_BASED_3D_ENGINEERING_MIM_LF { 1 0 10303 442 3 1 4 }'));
ENDSEC;

DATA;
#10=SHAPE_REPRESENTATION_RELATIONSHIP('','',#1916,#11);
#11=ADVANCED_BREP_SHAPE_REPRESENTATION('',(#1914),#3524);
#12=B_SPLINE_SURFACE_WITH_KNOTS('',3,1,((#3120,#3121),(#3122,#3123),(#3124,
#3125),(#3126,#3127),(#3128,#3129),(#3130,#3131),(#3132,#3133),(#3134,#3135)),
 .SURF_OF_LINEAR_EXTRUSION.,.F.,.F.,.F.,(4,1,1,1,1,4),(2,2),(0.0588596641213371,
0.294144748091003,0.411787290075836,0.529429832060669,0.764714916030334,
1.),(0.,1.),.UNSPECIFIED.);
#13=B_SPLINE_SURFACE_WITH_KNOTS('',3,1,((#3159,#3160),(#3161,#3162),(#3163,
#3164),(#3165,#3166),(#3167,#3168),(#3169,#3170),(#3171,#3172),(#3173,#3174)),
 .SURF_OF_LINEAR_EXTRUSION.,.F.,.F.,.F.,(4,1,1,1,1,4),(2,2),(0.058859664121337,
0.294144748091003,0.411787290075836,0.529429832060669,0.764714916030334,
1.),(0.,1.),.UNSPECIFIED.);
#14=(
BOUNDED_SURFACE()
B_SPLINE_SURFACE(3,2,((#2994,#2995,#2996),(#2997,#2998,#2999),(#3000,#3001,
#3002),(#3003,#3004,#3005),(#3006,#3007,#3008),(#3009,#3010,#3011),(#3012,
#3013,#3014)),.UNSPECIFIED.,.F.,.F.,.F.)
B_SPLINE_SURFACE_WITH_KNOTS((4,1,1,1,4),(3,3),(4.71238898038469,5.10508806208341,
5.49778714378214,5.89048622548086,6.28318530717959),(0.,1.),
 .UNSPECIFIED.)
GEOMETRIC_REPRESENTATION_ITEM()
RATIONAL_B_SPLINE_SURFACE(((1.,1.,1.),(1.,0.999999999985521,1.),(1.,0.973464424252577,
1.),(1.,0.869029034424649,1.),(1.,0.746571860755476,1.),(1.,0.707106781348537,
1.),(1.,0.707106781186548,1.)))
REPRESENTATION_ITEM('')
SURFACE()
);
#15=(
BOUNDED_SURFACE()
B_SPLINE_SURFACE(3,2,((#3017,#3018,#3019),(#3020,#3021,#3022),(#3023,#3024,
#3025),(#3026,#3027,#3028),(#3029,#3030,#3031),(#3032,#3033,#3034),(#3035,
#3036,#3037)),.UNSPECIFIED.,.F.,.F.,.F.)
B_SPLINE_SURFACE_WITH_KNOTS((4,1,1,1,4),(3,3),(4.71238898038469,5.10508806208341,
5.49778714378214,5.89048622548086,6.28318530717959),(0.,1.),
 .UNSPECIFIED.)
GEOMETRIC_REPRESENTATION_ITEM()
RATIONAL_B_SPLINE_SURFACE(((1.,1.,1.),(1.,0.999999999985521,1.),(1.,0.973464424252577,
1.),(1.,0.869029034424644,1.),(1.,0.746571860755486,1.),(1.,0.707106781348516,
1.),(1.,0.707106781186548,1.)))
REPRESENTATION_ITEM('')
SURFACE()
);
#16=(
BOUNDED_SURFACE()
B_SPLINE_SURFACE(3,2,((#3058,#3059,#3060),(#3061,#3062,#3063),(#3064,#3065,
#3066),(#3067,#3068,#3069),(#3070,#3071,#3072),(#3073,#3074,#3075),(#3076,
#3077,#3078)),.UNSPECIFIED.,.F.,.F.,.F.)
B_SPLINE_SURFACE_WITH_KNOTS((4,1,1,1,4),(3,3),(4.71238898038469,5.10508806208341,
5.49778714378214,5.89048622548086,6.28318530717959),(0.,1.),
 .UNSPECIFIED.)
GEOMETRIC_REPRESENTATION_ITEM()
RATIONAL_B_SPLINE_SURFACE(((1.,1.,1.),(1.,0.999999999985521,1.),(1.,0.973464424252577,
1.),(1.,0.869029034424645,1.),(1.,0.746571860755486,1.),(1.,0.707106781348516,
1.),(1.,0.707106781186548,1.)))
REPRESENTATION_ITEM('')
SURFACE()
);
#17=(
BOUNDED_SURFACE()
B_SPLINE_SURFACE(3,2,((#3099,#3100,#3101),(#3102,#3103,#3104),(#3105,#3106,
#3107),(#3108,#3109,#3110),(#3111,#3112,#3113),(#3114,#3115,#3116),(#3117,
#3118,#3119)),.UNSPECIFIED.,.F.,.F.,.F.)
B_SPLINE_SURFACE_WITH_KNOTS((4,1,1,1,4),(3,3),(4.71238898038469,5.10508806208341,
5.49778714378214,5.89048622548086,6.28318530717959),(0.,1.),
 .UNSPECIFIED.)
GEOMETRIC_REPRESENTATION_ITEM()
RATIONAL_B_SPLINE_SURFACE(((1.,1.,1.),(1.,0.999999999985521,1.),(1.,0.973464424252576,
1.),(1.,0.869029034424647,1.),(1.,0.746571860755476,1.),(1.,0.707106781348537,
1.),(1.,0.707106781186548,1.)))
REPRESENTATION_ITEM('')
SURFACE()
);
#18=(
BOUNDED_SURFACE()
B_SPLINE_SURFACE(3,2,((#3290,#3291,#3292),(#3293,#3294,#3295),(#3296,#3297,
#3298),(#3299,#3300,#3301),(#3302,#3303,#3304),(#3305,#3306,#3307),(#3308,
#3309,#3310),(#3311,#3312,#3313),(#3314,#3315,#3316),(#3317,#3318,#3319),
(#3320,#3321,#3322),(#3323,#3324,#3325),(#3326,#3327,#3328)),
 .UNSPECIFIED.,.F.,.F.,.F.)
B_SPLINE_SURFACE_WITH_KNOTS((4,1,1,1,1,1,1,1,1,1,4),(3,3),(0.,0.00271402747613883,
0.00542805495227765,0.00814208242841648,0.0108561099045553,0.0135701373806941,
0.0149271511187635,0.016284164856833,0.0176411785949024,0.0189981923329718,
0.0217122198091106),(0.,1.),.UNSPECIFIED.)
GEOMETRIC_REPRESENTATION_ITEM()
RATIONAL_B_SPLINE_SURFACE(((1.,0.711206831074081,1.),(1.,0.711206831032936,
1.),(1.,0.714474785413489,1.),(1.,0.732019835429735,1.),(1.,0.762512228372105,
1.),(1.,0.802027010488888,1.),(1.,0.836570936092083,1.),(1.,0.860063250102718,
1.),(1.,0.868469750685438,1.),(1.,0.866275382189367,1.),(1.,0.857767259996058,
1.),(1.,0.854321528484457,1.),(1.,0.855368259584303,1.)))
REPRESENTATION_ITEM('')
SURFACE()
);
#19=(
BOUNDED_SURFACE()
B_SPLINE_SURFACE(3,2,((#3330,#3331,#3332),(#3333,#3334,#3335),(#3336,#3337,
#3338),(#3339,#3340,#3341),(#3342,#3343,#3344),(#3345,#3346,#3347),(#3348,
#3349,#3350),(#3351,#3352,#3353),(#3354,#3355,#3356),(#3357,#3358,#3359),
(#3360,#3361,#3362),(#3363,#3364,#3365),(#3366,#3367,#3368)),
 .UNSPECIFIED.,.F.,.F.,.F.)
B_SPLINE_SURFACE_WITH_KNOTS((4,1,1,1,1,1,1,1,1,1,4),(3,3),(-2.25514051876985E-17,
0.0027140274761414,0.00542805495228283,0.00814208242842425,0.0108561099045657,
0.0135701373807071,0.0149271511187778,0.0162841648568485,0.0176411785949192,
0.01899819233299,0.0217122198091314),(0.,1.),.UNSPECIFIED.)
GEOMETRIC_REPRESENTATION_ITEM()
RATIONAL_B_SPLINE_SURFACE(((1.,0.711206831074081,1.),(1.,0.711206831035756,
1.),(1.,0.714474785412188,1.),(1.,0.732019835430128,1.),(1.,0.762512228372113,
1.),(1.,0.802027010489067,1.),(1.,0.836570936092289,1.),(1.,0.860063250102854,
1.),(1.,0.868469750685517,1.),(1.,0.866275382189129,1.),(1.,0.857767259996871,
1.),(1.,0.854321528480414,1.),(1.,0.855368259584328,1.)))
REPRESENTATION_ITEM('')
SURFACE()
);
#20=(
BOUNDED_SURFACE()
B_SPLINE_SURFACE(3,2,((#3369,#3370,#3371),(#3372,#3373,#3374),(#3375,#3376,
#3377),(#3378,#3379,#3380),(#3381,#3382,#3383),(#3384,#3385,#3386),(#3387,
#3388,#3389),(#3390,#3391,#3392),(#3393,#3394,#3395),(#3396,#3397,#3398),
(#3399,#3400,#3401),(#3402,#3403,#3404),(#3405,#3406,#3407)),
 .UNSPECIFIED.,.F.,.F.,.F.)
B_SPLINE_SURFACE_WITH_KNOTS((4,1,1,1,1,1,1,1,1,1,4),(3,3),(0.,0.0026672801325305,
0.00533456026506101,0.00800184039759151,0.010669120530122,0.0133364006626525,
0.0146700407289178,0.016003680795183,0.0173373208614483,0.0186709609277135,
0.021338241060244),(0.,1.),.UNSPECIFIED.)
GEOMETRIC_REPRESENTATION_ITEM()
RATIONAL_B_SPLINE_SURFACE(((1.,0.711206831074082,1.),(1.,0.711206831035872,
1.),(1.,0.714363963148682,1.),(1.,0.731263329107128,1.),(1.,0.760712999443459,
1.),(1.,0.79922557657889,1.),(1.,0.832996245770744,1.),(1.,0.857193329676035,
1.),(1.,0.867655341213668,1.),(1.,0.867370527728728,1.),(1.,0.859455293795053,
1.),(1.,0.854831310297752,1.),(1.,0.85509557392588,1.)))
REPRESENTATION_ITEM('')
SURFACE()
);
#21=(
BOUNDED_SURFACE()
B_SPLINE_SURFACE(3,2,((#3409,#3410,#3411),(#3412,#3413,#3414),(#3415,#3416,
#3417),(#3418,#3419,#3420),(#3421,#3422,#3423),(#3424,#3425,#3426),(#3427,
#3428,#3429),(#3430,#3431,#3432),(#3433,#3434,#3435),(#3436,#3437,#3438),
(#3439,#3440,#3441),(#3442,#3443,#3444),(#3445,#3446,#3447)),
 .UNSPECIFIED.,.F.,.F.,.F.)
B_SPLINE_SURFACE_WITH_KNOTS((4,1,1,1,1,1,1,1,1,1,4),(3,3),(-2.25514051876985E-17,
0.00266728013253049,0.00533456026506101,0.00800184039759152,0.010669120530122,
0.0133364006626525,0.0146700407289178,0.0160036807951831,0.0173373208614483,
0.0186709609277136,0.0213382410602441),(0.,1.),.UNSPECIFIED.)
GEOMETRIC_REPRESENTATION_ITEM()
RATIONAL_B_SPLINE_SURFACE(((1.,0.711206831074082,1.),(1.,0.711206831035872,
1.),(1.,0.714363963148681,1.),(1.,0.731263329107131,1.),(1.,0.760712999443459,
1.),(1.,0.799225576578888,1.),(1.,0.832996245770754,1.),(1.,0.857193329676022,
1.),(1.,0.867655341213719,1.),(1.,0.867370527728539,1.),(1.,0.859455293796055,
1.),(1.,0.854831310293307,1.),(1.,0.85509557392588,1.)))
REPRESENTATION_ITEM('')
SURFACE()
);
#22=ELLIPSE('',#1968,0.00269258240356724,0.0025);
#23=ELLIPSE('',#1969,0.00269258240356724,0.0025);
#24=ELLIPSE('',#1972,0.00269258240356724,0.0025);
#25=ELLIPSE('',#1973,0.00269258240356725,0.0025);
#26=ELLIPSE('',#1979,0.00269258240356725,0.0025);
#27=ELLIPSE('',#1980,0.00269258240356725,0.0025);
#28=ELLIPSE('',#1984,0.00269258240356725,0.0025);
#29=ELLIPSE('',#1985,0.00269258240356725,0.0025);
#30=B_SPLINE_CURVE_WITH_KNOTS('',3,(#2596,#2597,#2598,#2599,#2600),
 .UNSPECIFIED.,.F.,.F.,(4,1,4),(0.,0.000472194271553029,0.000944388543106058),
 .UNSPECIFIED.);
#31=B_SPLINE_CURVE_WITH_KNOTS('',3,(#2609,#2610,#2611,#2612,#2613),
 .UNSPECIFIED.,.F.,.F.,(4,1,4),(0.,0.000472157945663029,0.000944315891326059),
 .UNSPECIFIED.);
#32=B_SPLINE_CURVE_WITH_KNOTS('',3,(#2668,#2669,#2670,#2671),
 .UNSPECIFIED.,.F.,.F.,(4,4),(0.,0.000325382249979613),.UNSPECIFIED.);
#33=B_SPLINE_CURVE_WITH_KNOTS('',3,(#2675,#2676,#2677,#2678),
 .UNSPECIFIED.,.F.,.F.,(4,4),(0.,0.000325382249979212),.UNSPECIFIED.);
#34=B_SPLINE_CURVE_WITH_KNOTS('',3,(#2846,#2847,#2848,#2849),
 .UNSPECIFIED.,.F.,.F.,(4,4),(0.,0.000325382249977425),.UNSPECIFIED.);
#35=B_SPLINE_CURVE_WITH_KNOTS('',3,(#2853,#2854,#2855,#2856),
 .UNSPECIFIED.,.F.,.F.,(4,4),(0.,0.000325382249977633),.UNSPECIFIED.);
#36=B_SPLINE_CURVE_WITH_KNOTS('',3,(#2980,#2981,#2982,#2983,#2984),
 .UNSPECIFIED.,.F.,.F.,(4,1,4),(0.,0.000472157945663031,0.000944315891326062),
 .UNSPECIFIED.);
#37=B_SPLINE_CURVE_WITH_KNOTS('',3,(#2987,#2988,#2989,#2990,#2991),
 .UNSPECIFIED.,.F.,.F.,(4,1,4),(0.,0.000472194271553031,0.000944388543106062),
 .UNSPECIFIED.);
#38=B_SPLINE_CURVE_WITH_KNOTS('',3,(#3042,#3043,#3044,#3045,#3046,#3047),
 .UNSPECIFIED.,.F.,.F.,(4,1,1,4),(5.42278692832395E-16,0.00110782002384361,
0.00166173003576514,0.00221564004768668),.UNSPECIFIED.);
#39=B_SPLINE_CURVE_WITH_KNOTS('',3,(#3049,#3050,#3051,#3052,#3053,#3054,
#3055,#3056,#3057),.UNSPECIFIED.,.F.,.F.,(4,1,1,1,1,1,4),(0.,0.000355992351216835,
0.000711984702433671,0.00106797705365051,0.00142396940486734,0.00213595410730101,
0.00284793880973468),.UNSPECIFIED.);
#40=B_SPLINE_CURVE_WITH_KNOTS('',3,(#3080,#3081,#3082,#3083,#3084,#3085),
 .UNSPECIFIED.,.F.,.F.,(4,1,1,4),(0.,0.000557559638718595,0.00111511927743719,
0.00223023855487438),.UNSPECIFIED.);
#41=B_SPLINE_CURVE_WITH_KNOTS('',3,(#3089,#3090,#3091,#3092,#3093,#3094,
#3095,#3096,#3097),.UNSPECIFIED.,.F.,.F.,(4,1,1,1,1,1,4),(4.33767596496117E-17,
0.000701160898168072,0.0014023217963361,0.00175290224542011,0.00210348269450413,
0.00245406314358814,0.00280464359267216),.UNSPECIFIED.);
#42=B_SPLINE_CURVE_WITH_KNOTS('',3,(#3139,#3140,#3141,#3142,#3143,#3144,
#3145,#3146,#3147,#3148),.UNSPECIFIED.,.F.,.F.,(4,1,1,1,1,1,1,4),(-6.00000000000903E-8,
0.00507223576234354,0.00760838364351532,0.0101445315246871,0.0126806794058589,
0.0152168272870306,0.0177529751682024,0.0202891230493742),.UNSPECIFIED.);
#43=B_SPLINE_CURVE_WITH_KNOTS('',3,(#3149,#3150,#3151,#3152,#3153,#3154,
#3155,#3156,#3157,#3158),.UNSPECIFIED.,.F.,.F.,(4,1,1,1,1,1,1,4),(0.0023715278459772,
0.00494308333132184,0.00751463881666649,0.0100861943020111,0.0126577497873558,
0.0152293052727004,0.0178008607580451,0.0229439717287344),.UNSPECIFIED.);
#44=B_SPLINE_CURVE_WITH_KNOTS('',3,(#3175,#3176,#3177,#3178,#3179,#3180,
#3181,#3182,#3183,#3184),.UNSPECIFIED.,.F.,.F.,(4,1,1,1,1,1,1,4),(0.00237152784597724,
0.00494308333132189,0.00751463881666653,0.0100861943020112,0.0126577497873558,
0.0152293052727005,0.0178008607580451,0.0229439717287344),.UNSPECIFIED.);
#45=B_SPLINE_CURVE_WITH_KNOTS('',3,(#3185,#3186,#3187,#3188,#3189,#3190,
#3191,#3192,#3193,#3194),.UNSPECIFIED.,.F.,.F.,(4,1,1,1,1,1,1,4),(-5.99999999996567E-8,
0.00507223576234353,0.0076083836435153,0.0101445315246871,0.0126806794058588,
0.0152168272870306,0.0177529751682024,0.0202891230493741),.UNSPECIFIED.);
#46=B_SPLINE_CURVE_WITH_KNOTS('',3,(#3196,#3197,#3198,#3199),
 .UNSPECIFIED.,.F.,.F.,(4,4),(0.00163968367682627,0.00172364301265529),
 .UNSPECIFIED.);
#47=B_SPLINE_CURVE_WITH_KNOTS('',3,(#3202,#3203,#3204,#3205),
 .UNSPECIFIED.,.F.,.F.,(4,4),(0.00172364301265529,0.00180734814948894),
 .UNSPECIFIED.);
#48=B_SPLINE_CURVE_WITH_KNOTS('',3,(#3207,#3208,#3209,#3210,#3211,#3212,
#3213,#3214,#3215,#3216,#3217),.UNSPECIFIED.,.F.,.F.,(4,1,1,1,1,1,1,1,4),
(0.00180734814948894,0.00268148409955329,0.00355562004961765,0.004429755999682,
0.00530389194974636,0.00617802789981071,0.00705216384987507,0.00792629979993942,
0.00880043575000378),.UNSPECIFIED.);
#49=B_SPLINE_CURVE_WITH_KNOTS('',3,(#3218,#3219,#3220,#3221),
 .UNSPECIFIED.,.F.,.F.,(4,4),(0.00163968367687353,0.0017236430126553),
 .UNSPECIFIED.);
#50=B_SPLINE_CURVE_WITH_KNOTS('',3,(#3224,#3225,#3226,#3227,#3228,#3229,
#3230,#3231,#3232,#3233,#3234),.UNSPECIFIED.,.F.,.F.,(4,1,1,1,1,1,1,1,4),
(0.00180734814947247,0.00268148409954479,0.00355562004961711,0.00442975599968943,
0.00530389194976175,0.00617802789983407,0.00705216384990639,0.00792629979997871,
0.00880043575005103),.UNSPECIFIED.);
#51=B_SPLINE_CURVE_WITH_KNOTS('',3,(#3236,#3237,#3238,#3239),
 .UNSPECIFIED.,.F.,.F.,(4,4),(0.0017236430126553,0.00180734814947247),
 .UNSPECIFIED.);
#52=B_SPLINE_CURVE_WITH_KNOTS('',3,(#3241,#3242,#3243,#3244,#3245,#3246,
#3247,#3248,#3249,#3250,#3251,#3252),.UNSPECIFIED.,.F.,.F.,(4,1,1,1,1,1,
1,1,1,4),(8.37636189591021E-5,0.00497854502230957,0.0074259357239848,0.00987332642566003,
0.0123207171273353,0.0147681078290105,0.0159918031798481,0.0172154985306857,
0.0184391938815233,0.019662889232361),.UNSPECIFIED.);
#53=B_SPLINE_CURVE_WITH_KNOTS('',3,(#3253,#3254,#3255,#3256,#3257,#3258,
#3259,#3260,#3261,#3262,#3263,#3264),.UNSPECIFIED.,.F.,.F.,(4,1,1,1,1,1,
1,1,1,4),(0.,0.0012390256657321,0.0024780513314642,0.00371707699719629,
0.00495610266292839,0.00743415399439259,0.00991220532585678,0.012390256657321,
0.0148683079887852,0.0198244106517136),.UNSPECIFIED.);
#54=B_SPLINE_CURVE_WITH_KNOTS('',3,(#3266,#3267,#3268,#3269,#3270,#3271,
#3272,#3273,#3274,#3275,#3276,#3277),.UNSPECIFIED.,.F.,.F.,(4,1,1,1,1,1,
1,1,1,4),(0.,0.00123902566573209,0.00247805133146419,0.00371707699719628,
0.00495610266292838,0.00743415399439257,0.00991220532585676,0.0123902566573209,
0.0148683079887851,0.0198244106517135),.UNSPECIFIED.);
#55=B_SPLINE_CURVE_WITH_KNOTS('',3,(#3278,#3279,#3280,#3281,#3282,#3283,
#3284,#3285,#3286,#3287,#3288,#3289),.UNSPECIFIED.,.F.,.F.,(4,1,1,1,1,1,
1,1,1,4),(8.37636190229512E-5,0.00497854502235745,0.0074259357240247,0.00987332642569195,
0.0123207171273592,0.0147681078290265,0.0159918031798601,0.0172154985306937,
0.0184391938815273,0.0196628892323609),.UNSPECIFIED.);
#56=CYLINDRICAL_SURFACE('',#1923,0.0003);
#57=CYLINDRICAL_SURFACE('',#1925,0.0003);
#58=CYLINDRICAL_SURFACE('',#1928,0.0015);
#59=CYLINDRICAL_SURFACE('',#1952,0.001);
#60=CYLINDRICAL_SURFACE('',#1954,0.001);
#61=CYLINDRICAL_SURFACE('',#1967,0.0025);
#62=CYLINDRICAL_SURFACE('',#1971,0.0025);
#63=CYLINDRICAL_SURFACE('',#1978,0.0025);
#64=CYLINDRICAL_SURFACE('',#1983,0.0025);
#65=CYLINDRICAL_SURFACE('',#1993,0.0012);
#66=CYLINDRICAL_SURFACE('',#1995,0.0012);
#67=CYLINDRICAL_SURFACE('',#1997,0.0012);
#68=CYLINDRICAL_SURFACE('',#1999,0.0012);
#69=CYLINDRICAL_SURFACE('',#2015,0.0003);
#70=CYLINDRICAL_SURFACE('',#2016,0.0003);
#71=CYLINDRICAL_SURFACE('',#2017,0.0003);
#72=CYLINDRICAL_SURFACE('',#2018,0.0015);
#73=CYLINDRICAL_SURFACE('',#2020,0.0015);
#74=CYLINDRICAL_SURFACE('',#2022,0.0015);
#75=CYLINDRICAL_SURFACE('',#2024,0.0015);
#76=CYLINDRICAL_SURFACE('',#2026,0.00111889246045054);
#77=CYLINDRICAL_SURFACE('',#2027,0.0045);
#78=CYLINDRICAL_SURFACE('',#2028,0.0045);
#79=CYLINDRICAL_SURFACE('',#2038,0.000925);
#80=CYLINDRICAL_SURFACE('',#2039,0.000925);
#81=CYLINDRICAL_SURFACE('',#2040,0.0009);
#82=CYLINDRICAL_SURFACE('',#2057,0.0015);
#83=CYLINDRICAL_SURFACE('',#2058,0.0015);
#84=CYLINDRICAL_SURFACE('',#2059,0.0015);
#85=CYLINDRICAL_SURFACE('',#2060,0.0015);
#86=CIRCLE('',#1919,0.0015);
#87=CIRCLE('',#1920,0.0015);
#88=CIRCLE('',#1921,0.0015);
#89=CIRCLE('',#1922,0.0015);
#90=CIRCLE('',#1924,0.0003);
#91=CIRCLE('',#1926,0.0003);
#92=CIRCLE('',#1929,0.0015);
#93=CIRCLE('',#1930,0.0015);
#94=CIRCLE('',#1931,0.0015);
#95=CIRCLE('',#1932,0.0015);
#96=CIRCLE('',#1935,0.000925);
#97=CIRCLE('',#1937,0.000925);
#98=CIRCLE('',#1940,0.001);
#99=CIRCLE('',#1943,0.0009);
#100=CIRCLE('',#1944,0.0012);
#101=CIRCLE('',#1945,0.0012);
#102=CIRCLE('',#1946,0.0012);
#103=CIRCLE('',#1947,0.0012);
#104=CIRCLE('',#1948,0.0003);
#105=CIRCLE('',#1949,0.0003);
#106=CIRCLE('',#1951,0.000925);
#107=CIRCLE('',#1953,0.001);
#108=CIRCLE('',#1955,0.001);
#109=CIRCLE('',#1956,0.001);
#110=CIRCLE('',#1958,0.0015);
#111=CIRCLE('',#1959,0.0015);
#112=CIRCLE('',#1960,0.0015);
#113=CIRCLE('',#1961,0.0015);
#114=CIRCLE('',#1963,0.0015);
#115=CIRCLE('',#1964,0.0015);
#116=CIRCLE('',#1965,0.0015);
#117=CIRCLE('',#1966,0.0015);
#118=CIRCLE('',#1975,0.000925);
#119=CIRCLE('',#1977,0.000925);
#120=CIRCLE('',#1982,0.000925);
#121=CIRCLE('',#1987,0.0009);
#122=CIRCLE('',#1988,0.0012);
#123=CIRCLE('',#1989,0.0012);
#124=CIRCLE('',#1990,0.0012);
#125=CIRCLE('',#1991,0.0012);
#126=CIRCLE('',#2005,0.0003);
#127=CIRCLE('',#2008,0.0003);
#128=CIRCLE('',#2019,0.0015);
#129=CIRCLE('',#2021,0.0015);
#130=CIRCLE('',#2023,0.0015);
#131=CIRCLE('',#2025,0.0015);
#132=CIRCLE('',#2029,0.0015);
#133=CIRCLE('',#2030,0.0015);
#134=ORIENTED_EDGE('',*,*,#684,.F.);
#135=ORIENTED_EDGE('',*,*,#685,.T.);
#136=ORIENTED_EDGE('',*,*,#686,.F.);
#137=ORIENTED_EDGE('',*,*,#687,.F.);
#138=ORIENTED_EDGE('',*,*,#688,.T.);
#139=ORIENTED_EDGE('',*,*,#689,.T.);
#140=ORIENTED_EDGE('',*,*,#690,.F.);
#141=ORIENTED_EDGE('',*,*,#691,.F.);
#142=ORIENTED_EDGE('',*,*,#692,.F.);
#143=ORIENTED_EDGE('',*,*,#693,.F.);
#144=ORIENTED_EDGE('',*,*,#694,.T.);
#145=ORIENTED_EDGE('',*,*,#695,.T.);
#146=ORIENTED_EDGE('',*,*,#696,.T.);
#147=ORIENTED_EDGE('',*,*,#697,.F.);
#148=ORIENTED_EDGE('',*,*,#698,.T.);
#149=ORIENTED_EDGE('',*,*,#699,.T.);
#150=ORIENTED_EDGE('',*,*,#700,.F.);
#151=ORIENTED_EDGE('',*,*,#701,.F.);
#152=ORIENTED_EDGE('',*,*,#702,.T.);
#153=ORIENTED_EDGE('',*,*,#703,.F.);
#154=ORIENTED_EDGE('',*,*,#704,.T.);
#155=ORIENTED_EDGE('',*,*,#705,.F.);
#156=ORIENTED_EDGE('',*,*,#706,.T.);
#157=ORIENTED_EDGE('',*,*,#707,.F.);
#158=ORIENTED_EDGE('',*,*,#708,.F.);
#159=ORIENTED_EDGE('',*,*,#709,.T.);
#160=ORIENTED_EDGE('',*,*,#710,.T.);
#161=ORIENTED_EDGE('',*,*,#711,.T.);
#162=ORIENTED_EDGE('',*,*,#712,.F.);
#163=ORIENTED_EDGE('',*,*,#713,.T.);
#164=ORIENTED_EDGE('',*,*,#714,.T.);
#165=ORIENTED_EDGE('',*,*,#715,.T.);
#166=ORIENTED_EDGE('',*,*,#716,.T.);
#167=ORIENTED_EDGE('',*,*,#717,.T.);
#168=ORIENTED_EDGE('',*,*,#718,.F.);
#169=ORIENTED_EDGE('',*,*,#719,.F.);
#170=ORIENTED_EDGE('',*,*,#715,.F.);
#171=ORIENTED_EDGE('',*,*,#720,.F.);
#172=ORIENTED_EDGE('',*,*,#721,.T.);
#173=ORIENTED_EDGE('',*,*,#722,.T.);
#174=ORIENTED_EDGE('',*,*,#723,.T.);
#175=ORIENTED_EDGE('',*,*,#724,.F.);
#176=ORIENTED_EDGE('',*,*,#725,.F.);
#177=ORIENTED_EDGE('',*,*,#726,.T.);
#178=ORIENTED_EDGE('',*,*,#711,.F.);
#179=ORIENTED_EDGE('',*,*,#727,.T.);
#180=ORIENTED_EDGE('',*,*,#728,.F.);
#181=ORIENTED_EDGE('',*,*,#729,.F.);
#182=ORIENTED_EDGE('',*,*,#730,.T.);
#183=ORIENTED_EDGE('',*,*,#731,.T.);
#184=ORIENTED_EDGE('',*,*,#732,.F.);
#185=ORIENTED_EDGE('',*,*,#733,.F.);
#186=ORIENTED_EDGE('',*,*,#734,.F.);
#187=ORIENTED_EDGE('',*,*,#735,.F.);
#188=ORIENTED_EDGE('',*,*,#736,.T.);
#189=ORIENTED_EDGE('',*,*,#716,.F.);
#190=ORIENTED_EDGE('',*,*,#737,.F.);
#191=ORIENTED_EDGE('',*,*,#738,.F.);
#192=ORIENTED_EDGE('',*,*,#739,.F.);
#193=ORIENTED_EDGE('',*,*,#730,.F.);
#194=ORIENTED_EDGE('',*,*,#740,.T.);
#195=ORIENTED_EDGE('',*,*,#741,.T.);
#196=ORIENTED_EDGE('',*,*,#742,.T.);
#197=ORIENTED_EDGE('',*,*,#743,.T.);
#198=ORIENTED_EDGE('',*,*,#744,.T.);
#199=ORIENTED_EDGE('',*,*,#745,.F.);
#200=ORIENTED_EDGE('',*,*,#746,.F.);
#201=ORIENTED_EDGE('',*,*,#712,.T.);
#202=ORIENTED_EDGE('',*,*,#719,.T.);
#203=ORIENTED_EDGE('',*,*,#747,.F.);
#204=ORIENTED_EDGE('',*,*,#748,.F.);
#205=ORIENTED_EDGE('',*,*,#749,.T.);
#206=ORIENTED_EDGE('',*,*,#750,.F.);
#207=ORIENTED_EDGE('',*,*,#708,.T.);
#208=ORIENTED_EDGE('',*,*,#726,.F.);
#209=ORIENTED_EDGE('',*,*,#751,.T.);
#210=ORIENTED_EDGE('',*,*,#752,.T.);
#211=ORIENTED_EDGE('',*,*,#753,.T.);
#212=ORIENTED_EDGE('',*,*,#754,.T.);
#213=ORIENTED_EDGE('',*,*,#755,.T.);
#214=ORIENTED_EDGE('',*,*,#756,.F.);
#215=ORIENTED_EDGE('',*,*,#757,.T.);
#216=ORIENTED_EDGE('',*,*,#758,.F.);
#217=ORIENTED_EDGE('',*,*,#759,.T.);
#218=ORIENTED_EDGE('',*,*,#760,.F.);
#219=ORIENTED_EDGE('',*,*,#761,.T.);
#220=ORIENTED_EDGE('',*,*,#689,.F.);
#221=ORIENTED_EDGE('',*,*,#762,.T.);
#222=ORIENTED_EDGE('',*,*,#763,.T.);
#223=ORIENTED_EDGE('',*,*,#764,.F.);
#224=ORIENTED_EDGE('',*,*,#765,.T.);
#225=ORIENTED_EDGE('',*,*,#763,.F.);
#226=ORIENTED_EDGE('',*,*,#766,.T.);
#227=ORIENTED_EDGE('',*,*,#767,.T.);
#228=ORIENTED_EDGE('',*,*,#768,.F.);
#229=ORIENTED_EDGE('',*,*,#769,.T.);
#230=ORIENTED_EDGE('',*,*,#770,.T.);
#231=ORIENTED_EDGE('',*,*,#771,.F.);
#232=ORIENTED_EDGE('',*,*,#772,.F.);
#233=ORIENTED_EDGE('',*,*,#773,.F.);
#234=ORIENTED_EDGE('',*,*,#774,.T.);
#235=ORIENTED_EDGE('',*,*,#775,.T.);
#236=ORIENTED_EDGE('',*,*,#776,.T.);
#237=ORIENTED_EDGE('',*,*,#777,.T.);
#238=ORIENTED_EDGE('',*,*,#778,.T.);
#239=ORIENTED_EDGE('',*,*,#779,.T.);
#240=ORIENTED_EDGE('',*,*,#780,.T.);
#241=ORIENTED_EDGE('',*,*,#781,.T.);
#242=ORIENTED_EDGE('',*,*,#782,.T.);
#243=ORIENTED_EDGE('',*,*,#783,.T.);
#244=ORIENTED_EDGE('',*,*,#784,.T.);
#245=ORIENTED_EDGE('',*,*,#785,.T.);
#246=ORIENTED_EDGE('',*,*,#764,.T.);
#247=ORIENTED_EDGE('',*,*,#768,.T.);
#248=ORIENTED_EDGE('',*,*,#786,.T.);
#249=ORIENTED_EDGE('',*,*,#787,.F.);
#250=ORIENTED_EDGE('',*,*,#748,.T.);
#251=ORIENTED_EDGE('',*,*,#788,.F.);
#252=ORIENTED_EDGE('',*,*,#759,.F.);
#253=ORIENTED_EDGE('',*,*,#789,.F.);
#254=ORIENTED_EDGE('',*,*,#752,.F.);
#255=ORIENTED_EDGE('',*,*,#790,.F.);
#256=ORIENTED_EDGE('',*,*,#791,.F.);
#257=ORIENTED_EDGE('',*,*,#792,.T.);
#258=ORIENTED_EDGE('',*,*,#793,.F.);
#259=ORIENTED_EDGE('',*,*,#794,.F.);
#260=ORIENTED_EDGE('',*,*,#795,.F.);
#261=ORIENTED_EDGE('',*,*,#796,.F.);
#262=ORIENTED_EDGE('',*,*,#727,.F.);
#263=ORIENTED_EDGE('',*,*,#710,.F.);
#264=ORIENTED_EDGE('',*,*,#765,.F.);
#265=ORIENTED_EDGE('',*,*,#792,.F.);
#266=ORIENTED_EDGE('',*,*,#797,.T.);
#267=ORIENTED_EDGE('',*,*,#690,.T.);
#268=ORIENTED_EDGE('',*,*,#798,.F.);
#269=ORIENTED_EDGE('',*,*,#684,.T.);
#270=ORIENTED_EDGE('',*,*,#799,.T.);
#271=ORIENTED_EDGE('',*,*,#723,.F.);
#272=ORIENTED_EDGE('',*,*,#800,.F.);
#273=ORIENTED_EDGE('',*,*,#728,.T.);
#274=ORIENTED_EDGE('',*,*,#796,.T.);
#275=ORIENTED_EDGE('',*,*,#801,.T.);
#276=ORIENTED_EDGE('',*,*,#802,.F.);
#277=ORIENTED_EDGE('',*,*,#803,.T.);
#278=ORIENTED_EDGE('',*,*,#804,.F.);
#279=ORIENTED_EDGE('',*,*,#805,.T.);
#280=ORIENTED_EDGE('',*,*,#806,.F.);
#281=ORIENTED_EDGE('',*,*,#807,.T.);
#282=ORIENTED_EDGE('',*,*,#808,.F.);
#283=ORIENTED_EDGE('',*,*,#809,.T.);
#284=ORIENTED_EDGE('',*,*,#810,.F.);
#285=ORIENTED_EDGE('',*,*,#811,.F.);
#286=ORIENTED_EDGE('',*,*,#760,.T.);
#287=ORIENTED_EDGE('',*,*,#788,.T.);
#288=ORIENTED_EDGE('',*,*,#747,.T.);
#289=ORIENTED_EDGE('',*,*,#718,.T.);
#290=ORIENTED_EDGE('',*,*,#812,.T.);
#291=ORIENTED_EDGE('',*,*,#813,.F.);
#292=ORIENTED_EDGE('',*,*,#814,.F.);
#293=ORIENTED_EDGE('',*,*,#815,.T.);
#294=ORIENTED_EDGE('',*,*,#816,.T.);
#295=ORIENTED_EDGE('',*,*,#817,.T.);
#296=ORIENTED_EDGE('',*,*,#818,.T.);
#297=ORIENTED_EDGE('',*,*,#819,.T.);
#298=ORIENTED_EDGE('',*,*,#820,.F.);
#299=ORIENTED_EDGE('',*,*,#821,.T.);
#300=ORIENTED_EDGE('',*,*,#822,.T.);
#301=ORIENTED_EDGE('',*,*,#823,.T.);
#302=ORIENTED_EDGE('',*,*,#824,.T.);
#303=ORIENTED_EDGE('',*,*,#825,.T.);
#304=ORIENTED_EDGE('',*,*,#824,.F.);
#305=ORIENTED_EDGE('',*,*,#826,.T.);
#306=ORIENTED_EDGE('',*,*,#745,.T.);
#307=ORIENTED_EDGE('',*,*,#827,.T.);
#308=ORIENTED_EDGE('',*,*,#828,.T.);
#309=ORIENTED_EDGE('',*,*,#829,.T.);
#310=ORIENTED_EDGE('',*,*,#830,.T.);
#311=ORIENTED_EDGE('',*,*,#831,.T.);
#312=ORIENTED_EDGE('',*,*,#832,.T.);
#313=ORIENTED_EDGE('',*,*,#804,.T.);
#314=ORIENTED_EDGE('',*,*,#833,.T.);
#315=ORIENTED_EDGE('',*,*,#834,.T.);
#316=ORIENTED_EDGE('',*,*,#825,.F.);
#317=ORIENTED_EDGE('',*,*,#835,.T.);
#318=ORIENTED_EDGE('',*,*,#836,.F.);
#319=ORIENTED_EDGE('',*,*,#810,.T.);
#320=ORIENTED_EDGE('',*,*,#837,.T.);
#321=ORIENTED_EDGE('',*,*,#833,.F.);
#322=ORIENTED_EDGE('',*,*,#838,.T.);
#323=ORIENTED_EDGE('',*,*,#802,.T.);
#324=ORIENTED_EDGE('',*,*,#839,.T.);
#325=ORIENTED_EDGE('',*,*,#840,.F.);
#326=ORIENTED_EDGE('',*,*,#841,.F.);
#327=ORIENTED_EDGE('',*,*,#842,.F.);
#328=ORIENTED_EDGE('',*,*,#843,.F.);
#329=ORIENTED_EDGE('',*,*,#786,.F.);
#330=ORIENTED_EDGE('',*,*,#767,.F.);
#331=ORIENTED_EDGE('',*,*,#844,.F.);
#332=ORIENTED_EDGE('',*,*,#687,.T.);
#333=ORIENTED_EDGE('',*,*,#845,.T.);
#334=ORIENTED_EDGE('',*,*,#846,.F.);
#335=ORIENTED_EDGE('',*,*,#720,.T.);
#336=ORIENTED_EDGE('',*,*,#714,.F.);
#337=ORIENTED_EDGE('',*,*,#823,.F.);
#338=ORIENTED_EDGE('',*,*,#847,.T.);
#339=ORIENTED_EDGE('',*,*,#848,.T.);
#340=ORIENTED_EDGE('',*,*,#849,.T.);
#341=ORIENTED_EDGE('',*,*,#850,.F.);
#342=ORIENTED_EDGE('',*,*,#848,.F.);
#343=ORIENTED_EDGE('',*,*,#851,.T.);
#344=ORIENTED_EDGE('',*,*,#806,.T.);
#345=ORIENTED_EDGE('',*,*,#852,.T.);
#346=ORIENTED_EDGE('',*,*,#822,.F.);
#347=ORIENTED_EDGE('',*,*,#853,.T.);
#348=ORIENTED_EDGE('',*,*,#854,.T.);
#349=ORIENTED_EDGE('',*,*,#855,.T.);
#350=ORIENTED_EDGE('',*,*,#856,.F.);
#351=ORIENTED_EDGE('',*,*,#857,.T.);
#352=ORIENTED_EDGE('',*,*,#858,.T.);
#353=ORIENTED_EDGE('',*,*,#859,.F.);
#354=ORIENTED_EDGE('',*,*,#860,.F.);
#355=ORIENTED_EDGE('',*,*,#861,.F.);
#356=ORIENTED_EDGE('',*,*,#862,.F.);
#357=ORIENTED_EDGE('',*,*,#863,.F.);
#358=ORIENTED_EDGE('',*,*,#864,.F.);
#359=ORIENTED_EDGE('',*,*,#865,.F.);
#360=ORIENTED_EDGE('',*,*,#866,.F.);
#361=ORIENTED_EDGE('',*,*,#867,.F.);
#362=ORIENTED_EDGE('',*,*,#868,.F.);
#363=ORIENTED_EDGE('',*,*,#869,.F.);
#364=ORIENTED_EDGE('',*,*,#870,.F.);
#365=ORIENTED_EDGE('',*,*,#871,.F.);
#366=ORIENTED_EDGE('',*,*,#872,.F.);
#367=ORIENTED_EDGE('',*,*,#854,.F.);
#368=ORIENTED_EDGE('',*,*,#873,.T.);
#369=ORIENTED_EDGE('',*,*,#808,.T.);
#370=ORIENTED_EDGE('',*,*,#874,.T.);
#371=ORIENTED_EDGE('',*,*,#862,.T.);
#372=ORIENTED_EDGE('',*,*,#875,.F.);
#373=ORIENTED_EDGE('',*,*,#780,.F.);
#374=ORIENTED_EDGE('',*,*,#876,.T.);
#375=ORIENTED_EDGE('',*,*,#861,.T.);
#376=ORIENTED_EDGE('',*,*,#877,.F.);
#377=ORIENTED_EDGE('',*,*,#781,.F.);
#378=ORIENTED_EDGE('',*,*,#875,.T.);
#379=ORIENTED_EDGE('',*,*,#868,.T.);
#380=ORIENTED_EDGE('',*,*,#878,.F.);
#381=ORIENTED_EDGE('',*,*,#782,.F.);
#382=ORIENTED_EDGE('',*,*,#877,.T.);
#383=ORIENTED_EDGE('',*,*,#867,.T.);
#384=ORIENTED_EDGE('',*,*,#879,.F.);
#385=ORIENTED_EDGE('',*,*,#783,.F.);
#386=ORIENTED_EDGE('',*,*,#878,.T.);
#387=ORIENTED_EDGE('',*,*,#866,.T.);
#388=ORIENTED_EDGE('',*,*,#880,.F.);
#389=ORIENTED_EDGE('',*,*,#784,.F.);
#390=ORIENTED_EDGE('',*,*,#879,.T.);
#391=ORIENTED_EDGE('',*,*,#865,.T.);
#392=ORIENTED_EDGE('',*,*,#881,.F.);
#393=ORIENTED_EDGE('',*,*,#785,.F.);
#394=ORIENTED_EDGE('',*,*,#880,.T.);
#395=ORIENTED_EDGE('',*,*,#864,.T.);
#396=ORIENTED_EDGE('',*,*,#882,.F.);
#397=ORIENTED_EDGE('',*,*,#778,.F.);
#398=ORIENTED_EDGE('',*,*,#881,.T.);
#399=ORIENTED_EDGE('',*,*,#863,.T.);
#400=ORIENTED_EDGE('',*,*,#876,.F.);
#401=ORIENTED_EDGE('',*,*,#779,.F.);
#402=ORIENTED_EDGE('',*,*,#882,.T.);
#403=ORIENTED_EDGE('',*,*,#869,.T.);
#404=ORIENTED_EDGE('',*,*,#883,.F.);
#405=ORIENTED_EDGE('',*,*,#774,.F.);
#406=ORIENTED_EDGE('',*,*,#884,.T.);
#407=ORIENTED_EDGE('',*,*,#872,.T.);
#408=ORIENTED_EDGE('',*,*,#885,.F.);
#409=ORIENTED_EDGE('',*,*,#775,.F.);
#410=ORIENTED_EDGE('',*,*,#883,.T.);
#411=ORIENTED_EDGE('',*,*,#871,.T.);
#412=ORIENTED_EDGE('',*,*,#886,.F.);
#413=ORIENTED_EDGE('',*,*,#776,.F.);
#414=ORIENTED_EDGE('',*,*,#885,.T.);
#415=ORIENTED_EDGE('',*,*,#870,.T.);
#416=ORIENTED_EDGE('',*,*,#884,.F.);
#417=ORIENTED_EDGE('',*,*,#777,.F.);
#418=ORIENTED_EDGE('',*,*,#886,.T.);
#419=ORIENTED_EDGE('',*,*,#754,.F.);
#420=ORIENTED_EDGE('',*,*,#887,.T.);
#421=ORIENTED_EDGE('',*,*,#761,.F.);
#422=ORIENTED_EDGE('',*,*,#811,.T.);
#423=ORIENTED_EDGE('',*,*,#841,.T.);
#424=ORIENTED_EDGE('',*,*,#888,.F.);
#425=ORIENTED_EDGE('',*,*,#840,.T.);
#426=ORIENTED_EDGE('',*,*,#889,.F.);
#427=ORIENTED_EDGE('',*,*,#755,.F.);
#428=ORIENTED_EDGE('',*,*,#888,.T.);
#429=ORIENTED_EDGE('',*,*,#890,.F.);
#430=ORIENTED_EDGE('',*,*,#756,.T.);
#431=ORIENTED_EDGE('',*,*,#889,.T.);
#432=ORIENTED_EDGE('',*,*,#839,.F.);
#433=ORIENTED_EDGE('',*,*,#801,.F.);
#434=ORIENTED_EDGE('',*,*,#795,.T.);
#435=ORIENTED_EDGE('',*,*,#797,.F.);
#436=ORIENTED_EDGE('',*,*,#791,.T.);
#437=ORIENTED_EDGE('',*,*,#891,.F.);
#438=ORIENTED_EDGE('',*,*,#724,.T.);
#439=ORIENTED_EDGE('',*,*,#799,.F.);
#440=ORIENTED_EDGE('',*,*,#691,.T.);
#441=ORIENTED_EDGE('',*,*,#751,.F.);
#442=ORIENTED_EDGE('',*,*,#725,.T.);
#443=ORIENTED_EDGE('',*,*,#891,.T.);
#444=ORIENTED_EDGE('',*,*,#790,.T.);
#445=ORIENTED_EDGE('',*,*,#892,.F.);
#446=ORIENTED_EDGE('',*,*,#685,.F.);
#447=ORIENTED_EDGE('',*,*,#798,.T.);
#448=ORIENTED_EDGE('',*,*,#722,.F.);
#449=ORIENTED_EDGE('',*,*,#893,.T.);
#450=ORIENTED_EDGE('',*,*,#894,.F.);
#451=ORIENTED_EDGE('',*,*,#893,.F.);
#452=ORIENTED_EDGE('',*,*,#721,.F.);
#453=ORIENTED_EDGE('',*,*,#846,.T.);
#454=ORIENTED_EDGE('',*,*,#844,.T.);
#455=ORIENTED_EDGE('',*,*,#766,.F.);
#456=ORIENTED_EDGE('',*,*,#762,.F.);
#457=ORIENTED_EDGE('',*,*,#688,.F.);
#458=ORIENTED_EDGE('',*,*,#686,.T.);
#459=ORIENTED_EDGE('',*,*,#892,.T.);
#460=ORIENTED_EDGE('',*,*,#894,.T.);
#461=ORIENTED_EDGE('',*,*,#845,.F.);
#462=ORIENTED_EDGE('',*,*,#794,.T.);
#463=ORIENTED_EDGE('',*,*,#895,.T.);
#464=ORIENTED_EDGE('',*,*,#757,.F.);
#465=ORIENTED_EDGE('',*,*,#890,.T.);
#466=ORIENTED_EDGE('',*,*,#753,.F.);
#467=ORIENTED_EDGE('',*,*,#789,.T.);
#468=ORIENTED_EDGE('',*,*,#758,.T.);
#469=ORIENTED_EDGE('',*,*,#887,.F.);
#470=ORIENTED_EDGE('',*,*,#843,.T.);
#471=ORIENTED_EDGE('',*,*,#896,.T.);
#472=ORIENTED_EDGE('',*,*,#749,.F.);
#473=ORIENTED_EDGE('',*,*,#787,.T.);
#474=ORIENTED_EDGE('',*,*,#809,.F.);
#475=ORIENTED_EDGE('',*,*,#873,.F.);
#476=ORIENTED_EDGE('',*,*,#897,.F.);
#477=ORIENTED_EDGE('',*,*,#837,.F.);
#478=ORIENTED_EDGE('',*,*,#897,.T.);
#479=ORIENTED_EDGE('',*,*,#853,.F.);
#480=ORIENTED_EDGE('',*,*,#834,.F.);
#481=ORIENTED_EDGE('',*,*,#807,.F.);
#482=ORIENTED_EDGE('',*,*,#851,.F.);
#483=ORIENTED_EDGE('',*,*,#898,.F.);
#484=ORIENTED_EDGE('',*,*,#874,.F.);
#485=ORIENTED_EDGE('',*,*,#898,.T.);
#486=ORIENTED_EDGE('',*,*,#847,.F.);
#487=ORIENTED_EDGE('',*,*,#855,.F.);
#488=ORIENTED_EDGE('',*,*,#899,.F.);
#489=ORIENTED_EDGE('',*,*,#900,.T.);
#490=ORIENTED_EDGE('',*,*,#740,.F.);
#491=ORIENTED_EDGE('',*,*,#901,.F.);
#492=ORIENTED_EDGE('',*,*,#852,.F.);
#493=ORIENTED_EDGE('',*,*,#805,.F.);
#494=ORIENTED_EDGE('',*,*,#832,.F.);
#495=ORIENTED_EDGE('',*,*,#902,.T.);
#496=ORIENTED_EDGE('',*,*,#901,.T.);
#497=ORIENTED_EDGE('',*,*,#826,.F.);
#498=ORIENTED_EDGE('',*,*,#849,.F.);
#499=ORIENTED_EDGE('',*,*,#744,.F.);
#500=ORIENTED_EDGE('',*,*,#903,.T.);
#501=ORIENTED_EDGE('',*,*,#904,.T.);
#502=ORIENTED_EDGE('',*,*,#905,.T.);
#503=ORIENTED_EDGE('',*,*,#828,.F.);
#504=ORIENTED_EDGE('',*,*,#803,.F.);
#505=ORIENTED_EDGE('',*,*,#838,.F.);
#506=ORIENTED_EDGE('',*,*,#906,.F.);
#507=ORIENTED_EDGE('',*,*,#906,.T.);
#508=ORIENTED_EDGE('',*,*,#835,.F.);
#509=ORIENTED_EDGE('',*,*,#827,.F.);
#510=ORIENTED_EDGE('',*,*,#907,.F.);
#511=ORIENTED_EDGE('',*,*,#908,.T.);
#512=ORIENTED_EDGE('',*,*,#904,.F.);
#513=ORIENTED_EDGE('',*,*,#909,.T.);
#514=ORIENTED_EDGE('',*,*,#899,.T.);
#515=ORIENTED_EDGE('',*,*,#910,.T.);
#516=ORIENTED_EDGE('',*,*,#907,.T.);
#517=ORIENTED_EDGE('',*,*,#911,.T.);
#518=ORIENTED_EDGE('',*,*,#912,.T.);
#519=ORIENTED_EDGE('',*,*,#913,.T.);
#520=ORIENTED_EDGE('',*,*,#914,.T.);
#521=ORIENTED_EDGE('',*,*,#915,.F.);
#522=ORIENTED_EDGE('',*,*,#916,.F.);
#523=ORIENTED_EDGE('',*,*,#917,.F.);
#524=ORIENTED_EDGE('',*,*,#916,.T.);
#525=ORIENTED_EDGE('',*,*,#918,.T.);
#526=ORIENTED_EDGE('',*,*,#742,.F.);
#527=ORIENTED_EDGE('',*,*,#919,.T.);
#528=ORIENTED_EDGE('',*,*,#830,.F.);
#529=ORIENTED_EDGE('',*,*,#920,.T.);
#530=ORIENTED_EDGE('',*,*,#914,.F.);
#531=ORIENTED_EDGE('',*,*,#921,.T.);
#532=ORIENTED_EDGE('',*,*,#921,.F.);
#533=ORIENTED_EDGE('',*,*,#913,.F.);
#534=ORIENTED_EDGE('',*,*,#922,.F.);
#535=ORIENTED_EDGE('',*,*,#910,.F.);
#536=ORIENTED_EDGE('',*,*,#902,.F.);
#537=ORIENTED_EDGE('',*,*,#831,.F.);
#538=ORIENTED_EDGE('',*,*,#912,.F.);
#539=ORIENTED_EDGE('',*,*,#920,.F.);
#540=ORIENTED_EDGE('',*,*,#829,.F.);
#541=ORIENTED_EDGE('',*,*,#905,.F.);
#542=ORIENTED_EDGE('',*,*,#908,.F.);
#543=ORIENTED_EDGE('',*,*,#922,.T.);
#544=ORIENTED_EDGE('',*,*,#900,.F.);
#545=ORIENTED_EDGE('',*,*,#911,.F.);
#546=ORIENTED_EDGE('',*,*,#923,.F.);
#547=ORIENTED_EDGE('',*,*,#917,.T.);
#548=ORIENTED_EDGE('',*,*,#919,.F.);
#549=ORIENTED_EDGE('',*,*,#741,.F.);
#550=ORIENTED_EDGE('',*,*,#918,.F.);
#551=ORIENTED_EDGE('',*,*,#915,.T.);
#552=ORIENTED_EDGE('',*,*,#923,.T.);
#553=ORIENTED_EDGE('',*,*,#909,.F.);
#554=ORIENTED_EDGE('',*,*,#903,.F.);
#555=ORIENTED_EDGE('',*,*,#743,.F.);
#556=ORIENTED_EDGE('',*,*,#924,.F.);
#557=ORIENTED_EDGE('',*,*,#737,.T.);
#558=ORIENTED_EDGE('',*,*,#733,.T.);
#559=ORIENTED_EDGE('',*,*,#925,.F.);
#560=ORIENTED_EDGE('',*,*,#732,.T.);
#561=ORIENTED_EDGE('',*,*,#926,.F.);
#562=ORIENTED_EDGE('',*,*,#927,.F.);
#563=ORIENTED_EDGE('',*,*,#925,.T.);
#564=ORIENTED_EDGE('',*,*,#731,.F.);
#565=ORIENTED_EDGE('',*,*,#739,.T.);
#566=ORIENTED_EDGE('',*,*,#928,.T.);
#567=ORIENTED_EDGE('',*,*,#926,.T.);
#568=ORIENTED_EDGE('',*,*,#928,.F.);
#569=ORIENTED_EDGE('',*,*,#738,.T.);
#570=ORIENTED_EDGE('',*,*,#924,.T.);
#571=ORIENTED_EDGE('',*,*,#927,.T.);
#572=ORIENTED_EDGE('',*,*,#734,.T.);
#573=ORIENTED_EDGE('',*,*,#729,.T.);
#574=ORIENTED_EDGE('',*,*,#800,.T.);
#575=ORIENTED_EDGE('',*,*,#929,.F.);
#576=ORIENTED_EDGE('',*,*,#735,.T.);
#577=ORIENTED_EDGE('',*,*,#929,.T.);
#578=ORIENTED_EDGE('',*,*,#813,.T.);
#579=ORIENTED_EDGE('',*,*,#930,.F.);
#580=ORIENTED_EDGE('',*,*,#930,.T.);
#581=ORIENTED_EDGE('',*,*,#812,.F.);
#582=ORIENTED_EDGE('',*,*,#717,.F.);
#583=ORIENTED_EDGE('',*,*,#736,.F.);
#584=ORIENTED_EDGE('',*,*,#850,.T.);
#585=ORIENTED_EDGE('',*,*,#746,.T.);
#586=ORIENTED_EDGE('',*,*,#896,.F.);
#587=ORIENTED_EDGE('',*,*,#842,.T.);
#588=ORIENTED_EDGE('',*,*,#713,.F.);
#589=ORIENTED_EDGE('',*,*,#836,.T.);
#590=ORIENTED_EDGE('',*,*,#750,.T.);
#591=ORIENTED_EDGE('',*,*,#895,.F.);
#592=ORIENTED_EDGE('',*,*,#793,.T.);
#593=ORIENTED_EDGE('',*,*,#709,.F.);
#594=ORIENTED_EDGE('',*,*,#773,.T.);
#595=ORIENTED_EDGE('',*,*,#860,.T.);
#596=ORIENTED_EDGE('',*,*,#931,.T.);
#597=ORIENTED_EDGE('',*,*,#856,.T.);
#598=ORIENTED_EDGE('',*,*,#932,.F.);
#599=ORIENTED_EDGE('',*,*,#769,.F.);
#600=ORIENTED_EDGE('',*,*,#932,.T.);
#601=ORIENTED_EDGE('',*,*,#859,.T.);
#602=ORIENTED_EDGE('',*,*,#933,.F.);
#603=ORIENTED_EDGE('',*,*,#770,.F.);
#604=ORIENTED_EDGE('',*,*,#772,.T.);
#605=ORIENTED_EDGE('',*,*,#934,.T.);
#606=ORIENTED_EDGE('',*,*,#857,.F.);
#607=ORIENTED_EDGE('',*,*,#931,.F.);
#608=ORIENTED_EDGE('',*,*,#771,.T.);
#609=ORIENTED_EDGE('',*,*,#933,.T.);
#610=ORIENTED_EDGE('',*,*,#858,.F.);
#611=ORIENTED_EDGE('',*,*,#934,.F.);
#612=ORIENTED_EDGE('',*,*,#814,.T.);
#613=ORIENTED_EDGE('',*,*,#935,.T.);
#614=ORIENTED_EDGE('',*,*,#695,.F.);
#615=ORIENTED_EDGE('',*,*,#936,.T.);
#616=ORIENTED_EDGE('',*,*,#697,.T.);
#617=ORIENTED_EDGE('',*,*,#937,.T.);
#618=ORIENTED_EDGE('',*,*,#820,.T.);
#619=ORIENTED_EDGE('',*,*,#938,.T.);
#620=ORIENTED_EDGE('',*,*,#701,.T.);
#621=ORIENTED_EDGE('',*,*,#939,.F.);
#622=ORIENTED_EDGE('',*,*,#940,.F.);
#623=ORIENTED_EDGE('',*,*,#941,.T.);
#624=ORIENTED_EDGE('',*,*,#816,.F.);
#625=ORIENTED_EDGE('',*,*,#942,.T.);
#626=ORIENTED_EDGE('',*,*,#693,.T.);
#627=ORIENTED_EDGE('',*,*,#943,.F.);
#628=ORIENTED_EDGE('',*,*,#944,.T.);
#629=ORIENTED_EDGE('',*,*,#945,.T.);
#630=ORIENTED_EDGE('',*,*,#705,.T.);
#631=ORIENTED_EDGE('',*,*,#946,.T.);
#632=ORIENTED_EDGE('',*,*,#818,.F.);
#633=ORIENTED_EDGE('',*,*,#947,.T.);
#634=ORIENTED_EDGE('',*,*,#703,.T.);
#635=ORIENTED_EDGE('',*,*,#948,.T.);
#636=ORIENTED_EDGE('',*,*,#692,.T.);
#637=ORIENTED_EDGE('',*,*,#949,.F.);
#638=ORIENTED_EDGE('',*,*,#950,.F.);
#639=ORIENTED_EDGE('',*,*,#943,.T.);
#640=ORIENTED_EDGE('',*,*,#707,.T.);
#641=ORIENTED_EDGE('',*,*,#951,.F.);
#642=ORIENTED_EDGE('',*,*,#952,.F.);
#643=ORIENTED_EDGE('',*,*,#949,.T.);
#644=ORIENTED_EDGE('',*,*,#706,.F.);
#645=ORIENTED_EDGE('',*,*,#945,.F.);
#646=ORIENTED_EDGE('',*,*,#953,.T.);
#647=ORIENTED_EDGE('',*,*,#951,.T.);
#648=ORIENTED_EDGE('',*,*,#944,.F.);
#649=ORIENTED_EDGE('',*,*,#950,.T.);
#650=ORIENTED_EDGE('',*,*,#952,.T.);
#651=ORIENTED_EDGE('',*,*,#953,.F.);
#652=ORIENTED_EDGE('',*,*,#698,.F.);
#653=ORIENTED_EDGE('',*,*,#941,.F.);
#654=ORIENTED_EDGE('',*,*,#954,.T.);
#655=ORIENTED_EDGE('',*,*,#955,.T.);
#656=ORIENTED_EDGE('',*,*,#700,.T.);
#657=ORIENTED_EDGE('',*,*,#956,.F.);
#658=ORIENTED_EDGE('',*,*,#957,.F.);
#659=ORIENTED_EDGE('',*,*,#939,.T.);
#660=ORIENTED_EDGE('',*,*,#699,.F.);
#661=ORIENTED_EDGE('',*,*,#955,.F.);
#662=ORIENTED_EDGE('',*,*,#958,.T.);
#663=ORIENTED_EDGE('',*,*,#956,.T.);
#664=ORIENTED_EDGE('',*,*,#954,.F.);
#665=ORIENTED_EDGE('',*,*,#940,.T.);
#666=ORIENTED_EDGE('',*,*,#957,.T.);
#667=ORIENTED_EDGE('',*,*,#958,.F.);
#668=ORIENTED_EDGE('',*,*,#696,.F.);
#669=ORIENTED_EDGE('',*,*,#935,.F.);
#670=ORIENTED_EDGE('',*,*,#821,.F.);
#671=ORIENTED_EDGE('',*,*,#937,.F.);
#672=ORIENTED_EDGE('',*,*,#694,.F.);
#673=ORIENTED_EDGE('',*,*,#942,.F.);
#674=ORIENTED_EDGE('',*,*,#815,.F.);
#675=ORIENTED_EDGE('',*,*,#936,.F.);
#676=ORIENTED_EDGE('',*,*,#704,.F.);
#677=ORIENTED_EDGE('',*,*,#947,.F.);
#678=ORIENTED_EDGE('',*,*,#817,.F.);
#679=ORIENTED_EDGE('',*,*,#946,.F.);
#680=ORIENTED_EDGE('',*,*,#702,.F.);
#681=ORIENTED_EDGE('',*,*,#938,.F.);
#682=ORIENTED_EDGE('',*,*,#819,.F.);
#683=ORIENTED_EDGE('',*,*,#948,.F.);
#684=EDGE_CURVE('',#959,#960,#1139,.T.);
#685=EDGE_CURVE('',#959,#961,#1140,.T.);
#686=EDGE_CURVE('',#962,#961,#1141,.T.);
#687=EDGE_CURVE('',#963,#962,#1142,.T.);
#688=EDGE_CURVE('',#963,#964,#1143,.T.);
#689=EDGE_CURVE('',#964,#965,#1144,.T.);
#690=EDGE_CURVE('',#966,#965,#1145,.T.);
#691=EDGE_CURVE('',#960,#966,#1146,.T.);
#692=EDGE_CURVE('',#967,#968,#1147,.T.);
#693=EDGE_CURVE('',#969,#967,#1148,.T.);
#694=EDGE_CURVE('',#969,#970,#86,.F.);
#695=EDGE_CURVE('',#970,#971,#1149,.T.);
#696=EDGE_CURVE('',#971,#972,#87,.F.);
#697=EDGE_CURVE('',#973,#972,#1150,.T.);
#698=EDGE_CURVE('',#973,#974,#1151,.T.);
#699=EDGE_CURVE('',#974,#975,#1152,.T.);
#700=EDGE_CURVE('',#976,#975,#1153,.T.);
#701=EDGE_CURVE('',#977,#976,#1154,.T.);
#702=EDGE_CURVE('',#977,#978,#88,.F.);
#703=EDGE_CURVE('',#979,#978,#1155,.T.);
#704=EDGE_CURVE('',#979,#980,#89,.F.);
#705=EDGE_CURVE('',#981,#980,#1156,.T.);
#706=EDGE_CURVE('',#981,#982,#1157,.T.);
#707=EDGE_CURVE('',#968,#982,#1158,.T.);
#708=EDGE_CURVE('',#983,#984,#1159,.T.);
#709=EDGE_CURVE('',#983,#985,#30,.T.);
#710=EDGE_CURVE('',#985,#986,#1160,.T.);
#711=EDGE_CURVE('',#986,#984,#90,.F.);
#712=EDGE_CURVE('',#987,#988,#1161,.T.);
#713=EDGE_CURVE('',#987,#989,#31,.T.);
#714=EDGE_CURVE('',#989,#990,#1162,.T.);
#715=EDGE_CURVE('',#990,#988,#91,.F.);
#716=EDGE_CURVE('',#991,#992,#1163,.F.);
#717=EDGE_CURVE('',#992,#993,#1164,.T.);
#718=EDGE_CURVE('',#994,#993,#1165,.T.);
#719=EDGE_CURVE('',#988,#994,#1166,.T.);
#720=EDGE_CURVE('',#995,#990,#1167,.T.);
#721=EDGE_CURVE('',#995,#996,#1168,.T.);
#722=EDGE_CURVE('',#996,#997,#1169,.T.);
#723=EDGE_CURVE('',#997,#998,#1170,.T.);
#724=EDGE_CURVE('',#999,#998,#1171,.T.);
#725=EDGE_CURVE('',#1000,#999,#1172,.T.);
#726=EDGE_CURVE('',#1000,#984,#1173,.T.);
#727=EDGE_CURVE('',#986,#1001,#1174,.T.);
#728=EDGE_CURVE('',#1002,#1001,#1175,.T.);
#729=EDGE_CURVE('',#1003,#1002,#1176,.T.);
#730=EDGE_CURVE('',#1003,#1004,#1177,.F.);
#731=EDGE_CURVE('',#1004,#1005,#1178,.T.);
#732=EDGE_CURVE('',#1006,#1005,#1179,.T.);
#733=EDGE_CURVE('',#991,#1006,#1180,.T.);
#734=EDGE_CURVE('',#1007,#1003,#92,.T.);
#735=EDGE_CURVE('',#1008,#1007,#1181,.F.);
#736=EDGE_CURVE('',#1008,#992,#93,.T.);
#737=EDGE_CURVE('',#1009,#991,#94,.F.);
#738=EDGE_CURVE('',#1010,#1009,#1182,.F.);
#739=EDGE_CURVE('',#1004,#1010,#95,.T.);
#740=EDGE_CURVE('',#1011,#1012,#1183,.F.);
#741=EDGE_CURVE('',#1012,#1013,#32,.T.);
#742=EDGE_CURVE('',#1013,#1014,#1184,.T.);
#743=EDGE_CURVE('',#1014,#1015,#33,.F.);
#744=EDGE_CURVE('',#1015,#1016,#1185,.T.);
#745=EDGE_CURVE('',#1011,#1016,#1186,.T.);
#746=EDGE_CURVE('',#987,#1017,#96,.T.);
#747=EDGE_CURVE('',#1018,#994,#1187,.T.);
#748=EDGE_CURVE('',#1019,#1018,#1188,.T.);
#749=EDGE_CURVE('',#1019,#1017,#1189,.T.);
#750=EDGE_CURVE('',#983,#1020,#97,.T.);
#751=EDGE_CURVE('',#1000,#1021,#1190,.T.);
#752=EDGE_CURVE('',#1021,#1022,#1191,.T.);
#753=EDGE_CURVE('',#1022,#1023,#1192,.T.);
#754=EDGE_CURVE('',#1023,#1024,#1193,.T.);
#755=EDGE_CURVE('',#1024,#1025,#1194,.T.);
#756=EDGE_CURVE('',#1026,#1025,#1195,.T.);
#757=EDGE_CURVE('',#1026,#1020,#1196,.T.);
#758=EDGE_CURVE('',#1027,#1028,#1197,.T.);
#759=EDGE_CURVE('',#1027,#1029,#1198,.T.);
#760=EDGE_CURVE('',#1030,#1029,#1199,.T.);
#761=EDGE_CURVE('',#1030,#1028,#1200,.T.);
#762=EDGE_CURVE('',#964,#1031,#1201,.T.);
#763=EDGE_CURVE('',#1031,#1032,#1202,.T.);
#764=EDGE_CURVE('',#1033,#1032,#1203,.T.);
#765=EDGE_CURVE('',#1033,#965,#98,.T.);
#766=EDGE_CURVE('',#1031,#1034,#1204,.T.);
#767=EDGE_CURVE('',#1034,#1035,#1205,.T.);
#768=EDGE_CURVE('',#1032,#1035,#1206,.T.);
#769=EDGE_CURVE('',#1036,#1037,#1207,.T.);
#770=EDGE_CURVE('',#1037,#1038,#1208,.T.);
#771=EDGE_CURVE('',#1039,#1038,#1209,.T.);
#772=EDGE_CURVE('',#1036,#1039,#1210,.T.);
#773=EDGE_CURVE('',#1040,#1040,#99,.T.);
#774=EDGE_CURVE('',#1041,#1042,#1211,.T.);
#775=EDGE_CURVE('',#1042,#1043,#1212,.T.);
#776=EDGE_CURVE('',#1043,#1044,#1213,.T.);
#777=EDGE_CURVE('',#1044,#1041,#1214,.T.);
#778=EDGE_CURVE('',#1045,#1046,#1215,.T.);
#779=EDGE_CURVE('',#1046,#1047,#100,.T.);
#780=EDGE_CURVE('',#1047,#1048,#1216,.T.);
#781=EDGE_CURVE('',#1048,#1049,#101,.T.);
#782=EDGE_CURVE('',#1049,#1050,#1217,.T.);
#783=EDGE_CURVE('',#1050,#1051,#102,.T.);
#784=EDGE_CURVE('',#1051,#1052,#1218,.T.);
#785=EDGE_CURVE('',#1052,#1045,#103,.T.);
#786=EDGE_CURVE('',#1035,#1053,#1219,.T.);
#787=EDGE_CURVE('',#1019,#1053,#104,.F.);
#788=EDGE_CURVE('',#1029,#1018,#1220,.T.);
#789=EDGE_CURVE('',#1022,#1027,#105,.F.);
#790=EDGE_CURVE('',#1054,#1021,#1221,.T.);
#791=EDGE_CURVE('',#1055,#1054,#1222,.T.);
#792=EDGE_CURVE('',#1055,#1033,#1223,.T.);
#793=EDGE_CURVE('',#1056,#985,#106,.T.);
#794=EDGE_CURVE('',#1057,#1056,#1224,.T.);
#795=EDGE_CURVE('',#1058,#1057,#1225,.T.);
#796=EDGE_CURVE('',#1001,#1058,#1226,.T.);
#797=EDGE_CURVE('',#1055,#966,#107,.T.);
#798=EDGE_CURVE('',#959,#997,#108,.T.);
#799=EDGE_CURVE('',#960,#998,#109,.T.);
#800=EDGE_CURVE('',#1002,#1059,#1227,.T.);
#801=EDGE_CURVE('',#1058,#1060,#1228,.T.);
#802=EDGE_CURVE('',#1061,#1060,#1229,.T.);
#803=EDGE_CURVE('',#1061,#1062,#110,.T.);
#804=EDGE_CURVE('',#1063,#1062,#1230,.T.);
#805=EDGE_CURVE('',#1063,#1064,#111,.T.);
#806=EDGE_CURVE('',#1065,#1064,#1231,.T.);
#807=EDGE_CURVE('',#1065,#1066,#112,.T.);
#808=EDGE_CURVE('',#1067,#1066,#1232,.T.);
#809=EDGE_CURVE('',#1067,#1068,#113,.T.);
#810=EDGE_CURVE('',#1069,#1068,#1233,.T.);
#811=EDGE_CURVE('',#1030,#1069,#1234,.T.);
#812=EDGE_CURVE('',#993,#1070,#1235,.T.);
#813=EDGE_CURVE('',#1059,#1070,#1236,.T.);
#814=EDGE_CURVE('',#1071,#1072,#1237,.T.);
#815=EDGE_CURVE('',#1071,#1073,#114,.F.);
#816=EDGE_CURVE('',#1073,#1074,#1238,.T.);
#817=EDGE_CURVE('',#1074,#1075,#115,.F.);
#818=EDGE_CURVE('',#1075,#1076,#1239,.T.);
#819=EDGE_CURVE('',#1076,#1077,#116,.F.);
#820=EDGE_CURVE('',#1078,#1077,#1240,.T.);
#821=EDGE_CURVE('',#1078,#1072,#117,.F.);
#822=EDGE_CURVE('',#1079,#1080,#1241,.T.);
#823=EDGE_CURVE('',#1080,#1081,#1242,.T.);
#824=EDGE_CURVE('',#1081,#1082,#1243,.T.);
#825=EDGE_CURVE('',#1082,#1079,#1244,.T.);
#826=EDGE_CURVE('',#1081,#1011,#22,.F.);
#827=EDGE_CURVE('',#1016,#1082,#23,.T.);
#828=EDGE_CURVE('',#1062,#1083,#1245,.T.);
#829=EDGE_CURVE('',#1083,#1084,#34,.T.);
#830=EDGE_CURVE('',#1084,#1085,#1246,.F.);
#831=EDGE_CURVE('',#1085,#1086,#35,.F.);
#832=EDGE_CURVE('',#1086,#1063,#1247,.F.);
#833=EDGE_CURVE('',#1087,#1088,#1248,.T.);
#834=EDGE_CURVE('',#1088,#1079,#24,.T.);
#835=EDGE_CURVE('',#1082,#1087,#25,.F.);
#836=EDGE_CURVE('',#1089,#1089,#118,.T.);
#837=EDGE_CURVE('',#1068,#1088,#1249,.T.);
#838=EDGE_CURVE('',#1087,#1061,#1250,.F.);
#839=EDGE_CURVE('',#1060,#1090,#1251,.T.);
#840=EDGE_CURVE('',#1091,#1090,#1252,.T.);
#841=EDGE_CURVE('',#1069,#1091,#1253,.T.);
#842=EDGE_CURVE('',#1092,#989,#119,.T.);
#843=EDGE_CURVE('',#1053,#1092,#1254,.T.);
#844=EDGE_CURVE('',#963,#1034,#1255,.T.);
#845=EDGE_CURVE('',#962,#1093,#1256,.T.);
#846=EDGE_CURVE('',#995,#1093,#1257,.T.);
#847=EDGE_CURVE('',#1080,#1094,#26,.F.);
#848=EDGE_CURVE('',#1094,#1095,#1258,.T.);
#849=EDGE_CURVE('',#1095,#1081,#27,.T.);
#850=EDGE_CURVE('',#1096,#1096,#120,.T.);
#851=EDGE_CURVE('',#1094,#1065,#1259,.F.);
#852=EDGE_CURVE('',#1064,#1095,#1260,.T.);
#853=EDGE_CURVE('',#1079,#1097,#28,.F.);
#854=EDGE_CURVE('',#1097,#1098,#1261,.T.);
#855=EDGE_CURVE('',#1098,#1080,#29,.T.);
#856=EDGE_CURVE('',#1099,#1100,#1262,.T.);
#857=EDGE_CURVE('',#1099,#1101,#1263,.T.);
#858=EDGE_CURVE('',#1101,#1102,#1264,.T.);
#859=EDGE_CURVE('',#1100,#1102,#1265,.T.);
#860=EDGE_CURVE('',#1103,#1103,#121,.T.);
#861=EDGE_CURVE('',#1104,#1105,#122,.T.);
#862=EDGE_CURVE('',#1106,#1104,#1266,.T.);
#863=EDGE_CURVE('',#1107,#1106,#123,.T.);
#864=EDGE_CURVE('',#1108,#1107,#1267,.T.);
#865=EDGE_CURVE('',#1109,#1108,#124,.T.);
#866=EDGE_CURVE('',#1110,#1109,#1268,.T.);
#867=EDGE_CURVE('',#1111,#1110,#125,.T.);
#868=EDGE_CURVE('',#1105,#1111,#1269,.T.);
#869=EDGE_CURVE('',#1112,#1113,#1270,.T.);
#870=EDGE_CURVE('',#1114,#1112,#1271,.T.);
#871=EDGE_CURVE('',#1115,#1114,#1272,.T.);
#872=EDGE_CURVE('',#1113,#1115,#1273,.T.);
#873=EDGE_CURVE('',#1097,#1067,#1274,.F.);
#874=EDGE_CURVE('',#1066,#1098,#1275,.T.);
#875=EDGE_CURVE('',#1048,#1104,#1276,.T.);
#876=EDGE_CURVE('',#1047,#1106,#1277,.T.);
#877=EDGE_CURVE('',#1049,#1105,#1278,.T.);
#878=EDGE_CURVE('',#1050,#1111,#1279,.T.);
#879=EDGE_CURVE('',#1051,#1110,#1280,.T.);
#880=EDGE_CURVE('',#1052,#1109,#1281,.T.);
#881=EDGE_CURVE('',#1045,#1108,#1282,.T.);
#882=EDGE_CURVE('',#1046,#1107,#1283,.T.);
#883=EDGE_CURVE('',#1042,#1113,#1284,.T.);
#884=EDGE_CURVE('',#1041,#1112,#1285,.T.);
#885=EDGE_CURVE('',#1043,#1115,#1286,.T.);
#886=EDGE_CURVE('',#1044,#1114,#1287,.T.);
#887=EDGE_CURVE('',#1023,#1028,#126,.T.);
#888=EDGE_CURVE('',#1024,#1091,#1288,.T.);
#889=EDGE_CURVE('',#1025,#1090,#1289,.T.);
#890=EDGE_CURVE('',#1026,#1057,#127,.T.);
#891=EDGE_CURVE('',#999,#1054,#1290,.T.);
#892=EDGE_CURVE('',#961,#1116,#1291,.T.);
#893=EDGE_CURVE('',#996,#1116,#1292,.T.);
#894=EDGE_CURVE('',#1116,#1093,#1293,.T.);
#895=EDGE_CURVE('',#1056,#1020,#36,.T.);
#896=EDGE_CURVE('',#1092,#1017,#37,.T.);
#897=EDGE_CURVE('',#1088,#1097,#128,.T.);
#898=EDGE_CURVE('',#1098,#1094,#129,.T.);
#899=EDGE_CURVE('',#1117,#1118,#1294,.F.);
#900=EDGE_CURVE('',#1117,#1012,#38,.T.);
#901=EDGE_CURVE('',#1095,#1011,#130,.T.);
#902=EDGE_CURVE('',#1086,#1118,#39,.T.);
#903=EDGE_CURVE('',#1015,#1119,#40,.T.);
#904=EDGE_CURVE('',#1119,#1120,#1295,.F.);
#905=EDGE_CURVE('',#1120,#1083,#41,.T.);
#906=EDGE_CURVE('',#1016,#1087,#131,.T.);
#907=EDGE_CURVE('',#1121,#1122,#1296,.T.);
#908=EDGE_CURVE('',#1121,#1120,#42,.T.);
#909=EDGE_CURVE('',#1119,#1122,#43,.T.);
#910=EDGE_CURVE('',#1118,#1121,#44,.T.);
#911=EDGE_CURVE('',#1122,#1117,#45,.T.);
#912=EDGE_CURVE('',#1123,#1124,#46,.T.);
#913=EDGE_CURVE('',#1124,#1125,#47,.T.);
#914=EDGE_CURVE('',#1125,#1123,#48,.T.);
#915=EDGE_CURVE('',#1126,#1127,#49,.T.);
#916=EDGE_CURVE('',#1128,#1126,#50,.T.);
#917=EDGE_CURVE('',#1127,#1128,#51,.T.);
#918=EDGE_CURVE('',#1126,#1014,#52,.T.);
#919=EDGE_CURVE('',#1013,#1128,#53,.T.);
#920=EDGE_CURVE('',#1084,#1123,#54,.T.);
#921=EDGE_CURVE('',#1125,#1085,#55,.T.);
#922=EDGE_CURVE('',#1121,#1124,#132,.T.);
#923=EDGE_CURVE('',#1127,#1122,#133,.T.);
#924=EDGE_CURVE('',#1009,#1129,#1297,.T.);
#925=EDGE_CURVE('',#1129,#1006,#1298,.T.);
#926=EDGE_CURVE('',#1130,#1005,#1299,.T.);
#927=EDGE_CURVE('',#1129,#1130,#1300,.T.);
#928=EDGE_CURVE('',#1010,#1130,#1301,.T.);
#929=EDGE_CURVE('',#1007,#1059,#1302,.T.);
#930=EDGE_CURVE('',#1008,#1070,#1303,.T.);
#931=EDGE_CURVE('',#1036,#1099,#1304,.T.);
#932=EDGE_CURVE('',#1037,#1100,#1305,.T.);
#933=EDGE_CURVE('',#1038,#1102,#1306,.T.);
#934=EDGE_CURVE('',#1039,#1101,#1307,.T.);
#935=EDGE_CURVE('',#1072,#971,#1308,.F.);
#936=EDGE_CURVE('',#970,#1071,#1309,.T.);
#937=EDGE_CURVE('',#972,#1078,#1310,.T.);
#938=EDGE_CURVE('',#1077,#977,#1311,.F.);
#939=EDGE_CURVE('',#1131,#976,#1312,.T.);
#940=EDGE_CURVE('',#1132,#1131,#1313,.T.);
#941=EDGE_CURVE('',#1132,#973,#1314,.T.);
#942=EDGE_CURVE('',#1073,#969,#1315,.F.);
#943=EDGE_CURVE('',#1133,#967,#1316,.T.);
#944=EDGE_CURVE('',#1133,#1134,#1317,.T.);
#945=EDGE_CURVE('',#1134,#981,#1318,.T.);
#946=EDGE_CURVE('',#980,#1074,#1319,.T.);
#947=EDGE_CURVE('',#1075,#979,#1320,.F.);
#948=EDGE_CURVE('',#978,#1076,#1321,.T.);
#949=EDGE_CURVE('',#1135,#968,#1322,.T.);
#950=EDGE_CURVE('',#1133,#1135,#1323,.T.);
#951=EDGE_CURVE('',#1136,#982,#1324,.T.);
#952=EDGE_CURVE('',#1135,#1136,#1325,.T.);
#953=EDGE_CURVE('',#1134,#1136,#1326,.T.);
#954=EDGE_CURVE('',#1132,#1137,#1327,.T.);
#955=EDGE_CURVE('',#1137,#974,#1328,.T.);
#956=EDGE_CURVE('',#1138,#975,#1329,.T.);
#957=EDGE_CURVE('',#1131,#1138,#1330,.T.);
#958=EDGE_CURVE('',#1137,#1138,#1331,.T.);
#959=VERTEX_POINT('',#2545);
#960=VERTEX_POINT('',#2546);
#961=VERTEX_POINT('',#2548);
#962=VERTEX_POINT('',#2550);
#963=VERTEX_POINT('',#2552);
#964=VERTEX_POINT('',#2554);
#965=VERTEX_POINT('',#2556);
#966=VERTEX_POINT('',#2558);
#967=VERTEX_POINT('',#2561);
#968=VERTEX_POINT('',#2562);
#969=VERTEX_POINT('',#2564);
#970=VERTEX_POINT('',#2566);
#971=VERTEX_POINT('',#2568);
#972=VERTEX_POINT('',#2570);
#973=VERTEX_POINT('',#2572);
#974=VERTEX_POINT('',#2574);
#975=VERTEX_POINT('',#2576);
#976=VERTEX_POINT('',#2578);
#977=VERTEX_POINT('',#2580);
#978=VERTEX_POINT('',#2582);
#979=VERTEX_POINT('',#2584);
#980=VERTEX_POINT('',#2586);
#981=VERTEX_POINT('',#2588);
#982=VERTEX_POINT('',#2590);
#983=VERTEX_POINT('',#2594);
#984=VERTEX_POINT('',#2595);
#985=VERTEX_POINT('',#2601);
#986=VERTEX_POINT('',#2603);
#987=VERTEX_POINT('',#2607);
#988=VERTEX_POINT('',#2608);
#989=VERTEX_POINT('',#2614);
#990=VERTEX_POINT('',#2616);
#991=VERTEX_POINT('',#2620);
#992=VERTEX_POINT('',#2621);
#993=VERTEX_POINT('',#2623);
#994=VERTEX_POINT('',#2625);
#995=VERTEX_POINT('',#2628);
#996=VERTEX_POINT('',#2630);
#997=VERTEX_POINT('',#2632);
#998=VERTEX_POINT('',#2634);
#999=VERTEX_POINT('',#2636);
#1000=VERTEX_POINT('',#2638);
#1001=VERTEX_POINT('',#2641);
#1002=VERTEX_POINT('',#2643);
#1003=VERTEX_POINT('',#2645);
#1004=VERTEX_POINT('',#2647);
#1005=VERTEX_POINT('',#2649);
#1006=VERTEX_POINT('',#2651);
#1007=VERTEX_POINT('',#2655);
#1008=VERTEX_POINT('',#2657);
#1009=VERTEX_POINT('',#2660);
#1010=VERTEX_POINT('',#2662);
#1011=VERTEX_POINT('',#2666);
#1012=VERTEX_POINT('',#2667);
#1013=VERTEX_POINT('',#2672);
#1014=VERTEX_POINT('',#2674);
#1015=VERTEX_POINT('',#2679);
#1016=VERTEX_POINT('',#2681);
#1017=VERTEX_POINT('',#2685);
#1018=VERTEX_POINT('',#2687);
#1019=VERTEX_POINT('',#2689);
#1020=VERTEX_POINT('',#2693);
#1021=VERTEX_POINT('',#2695);
#1022=VERTEX_POINT('',#2697);
#1023=VERTEX_POINT('',#2699);
#1024=VERTEX_POINT('',#2701);
#1025=VERTEX_POINT('',#2703);
#1026=VERTEX_POINT('',#2705);
#1027=VERTEX_POINT('',#2709);
#1028=VERTEX_POINT('',#2710);
#1029=VERTEX_POINT('',#2712);
#1030=VERTEX_POINT('',#2714);
#1031=VERTEX_POINT('',#2718);
#1032=VERTEX_POINT('',#2720);
#1033=VERTEX_POINT('',#2722);
#1034=VERTEX_POINT('',#2726);
#1035=VERTEX_POINT('',#2728);
#1036=VERTEX_POINT('',#2732);
#1037=VERTEX_POINT('',#2733);
#1038=VERTEX_POINT('',#2735);
#1039=VERTEX_POINT('',#2737);
#1040=VERTEX_POINT('',#2740);
#1041=VERTEX_POINT('',#2742);
#1042=VERTEX_POINT('',#2743);
#1043=VERTEX_POINT('',#2745);
#1044=VERTEX_POINT('',#2747);
#1045=VERTEX_POINT('',#2750);
#1046=VERTEX_POINT('',#2751);
#1047=VERTEX_POINT('',#2753);
#1048=VERTEX_POINT('',#2755);
#1049=VERTEX_POINT('',#2757);
#1050=VERTEX_POINT('',#2759);
#1051=VERTEX_POINT('',#2761);
#1052=VERTEX_POINT('',#2763);
#1053=VERTEX_POINT('',#2766);
#1054=VERTEX_POINT('',#2771);
#1055=VERTEX_POINT('',#2773);
#1056=VERTEX_POINT('',#2777);
#1057=VERTEX_POINT('',#2779);
#1058=VERTEX_POINT('',#2781);
#1059=VERTEX_POINT('',#2790);
#1060=VERTEX_POINT('',#2792);
#1061=VERTEX_POINT('',#2794);
#1062=VERTEX_POINT('',#2796);
#1063=VERTEX_POINT('',#2798);
#1064=VERTEX_POINT('',#2800);
#1065=VERTEX_POINT('',#2802);
#1066=VERTEX_POINT('',#2804);
#1067=VERTEX_POINT('',#2806);
#1068=VERTEX_POINT('',#2808);
#1069=VERTEX_POINT('',#2810);
#1070=VERTEX_POINT('',#2813);
#1071=VERTEX_POINT('',#2817);
#1072=VERTEX_POINT('',#2818);
#1073=VERTEX_POINT('',#2820);
#1074=VERTEX_POINT('',#2822);
#1075=VERTEX_POINT('',#2824);
#1076=VERTEX_POINT('',#2826);
#1077=VERTEX_POINT('',#2828);
#1078=VERTEX_POINT('',#2830);
#1079=VERTEX_POINT('',#2833);
#1080=VERTEX_POINT('',#2834);
#1081=VERTEX_POINT('',#2836);
#1082=VERTEX_POINT('',#2838);
#1083=VERTEX_POINT('',#2845);
#1084=VERTEX_POINT('',#2850);
#1085=VERTEX_POINT('',#2852);
#1086=VERTEX_POINT('',#2857);
#1087=VERTEX_POINT('',#2861);
#1088=VERTEX_POINT('',#2862);
#1089=VERTEX_POINT('',#2867);
#1090=VERTEX_POINT('',#2871);
#1091=VERTEX_POINT('',#2873);
#1092=VERTEX_POINT('',#2877);
#1093=VERTEX_POINT('',#2881);
#1094=VERTEX_POINT('',#2885);
#1095=VERTEX_POINT('',#2887);
#1096=VERTEX_POINT('',#2891);
#1097=VERTEX_POINT('',#2896);
#1098=VERTEX_POINT('',#2898);
#1099=VERTEX_POINT('',#2902);
#1100=VERTEX_POINT('',#2903);
#1101=VERTEX_POINT('',#2905);
#1102=VERTEX_POINT('',#2907);
#1103=VERTEX_POINT('',#2910);
#1104=VERTEX_POINT('',#2912);
#1105=VERTEX_POINT('',#2913);
#1106=VERTEX_POINT('',#2915);
#1107=VERTEX_POINT('',#2917);
#1108=VERTEX_POINT('',#2919);
#1109=VERTEX_POINT('',#2921);
#1110=VERTEX_POINT('',#2923);
#1111=VERTEX_POINT('',#2925);
#1112=VERTEX_POINT('',#2928);
#1113=VERTEX_POINT('',#2929);
#1114=VERTEX_POINT('',#2931);
#1115=VERTEX_POINT('',#2933);
#1116=VERTEX_POINT('',#2973);
#1117=VERTEX_POINT('',#3040);
#1118=VERTEX_POINT('',#3041);
#1119=VERTEX_POINT('',#3086);
#1120=VERTEX_POINT('',#3088);
#1121=VERTEX_POINT('',#3137);
#1122=VERTEX_POINT('',#3138);
#1123=VERTEX_POINT('',#3200);
#1124=VERTEX_POINT('',#3201);
#1125=VERTEX_POINT('',#3206);
#1126=VERTEX_POINT('',#3222);
#1127=VERTEX_POINT('',#3223);
#1128=VERTEX_POINT('',#3235);
#1129=VERTEX_POINT('',#3450);
#1130=VERTEX_POINT('',#3454);
#1131=VERTEX_POINT('',#3482);
#1132=VERTEX_POINT('',#3484);
#1133=VERTEX_POINT('',#3489);
#1134=VERTEX_POINT('',#3491);
#1135=VERTEX_POINT('',#3499);
#1136=VERTEX_POINT('',#3503);
#1137=VERTEX_POINT('',#3510);
#1138=VERTEX_POINT('',#3514);
#1139=LINE('',#2544,#1332);
#1140=LINE('',#2547,#1333);
#1141=LINE('',#2549,#1334);
#1142=LINE('',#2551,#1335);
#1143=LINE('',#2553,#1336);
#1144=LINE('',#2555,#1337);
#1145=LINE('',#2557,#1338);
#1146=LINE('',#2559,#1339);
#1147=LINE('',#2560,#1340);
#1148=LINE('',#2563,#1341);
#1149=LINE('',#2567,#1342);
#1150=LINE('',#2571,#1343);
#1151=LINE('',#2573,#1344);
#1152=LINE('',#2575,#1345);
#1153=LINE('',#2577,#1346);
#1154=LINE('',#2579,#1347);
#1155=LINE('',#2583,#1348);
#1156=LINE('',#2587,#1349);
#1157=LINE('',#2589,#1350);
#1158=LINE('',#2591,#1351);
#1159=LINE('',#2593,#1352);
#1160=LINE('',#2602,#1353);
#1161=LINE('',#2606,#1354);
#1162=LINE('',#2615,#1355);
#1163=LINE('',#2619,#1356);
#1164=LINE('',#2622,#1357);
#1165=LINE('',#2624,#1358);
#1166=LINE('',#2626,#1359);
#1167=LINE('',#2627,#1360);
#1168=LINE('',#2629,#1361);
#1169=LINE('',#2631,#1362);
#1170=LINE('',#2633,#1363);
#1171=LINE('',#2635,#1364);
#1172=LINE('',#2637,#1365);
#1173=LINE('',#2639,#1366);
#1174=LINE('',#2640,#1367);
#1175=LINE('',#2642,#1368);
#1176=LINE('',#2644,#1369);
#1177=LINE('',#2646,#1370);
#1178=LINE('',#2648,#1371);
#1179=LINE('',#2650,#1372);
#1180=LINE('',#2652,#1373);
#1181=LINE('',#2656,#1374);
#1182=LINE('',#2661,#1375);
#1183=LINE('',#2665,#1376);
#1184=LINE('',#2673,#1377);
#1185=LINE('',#2680,#1378);
#1186=LINE('',#2682,#1379);
#1187=LINE('',#2686,#1380);
#1188=LINE('',#2688,#1381);
#1189=LINE('',#2690,#1382);
#1190=LINE('',#2694,#1383);
#1191=LINE('',#2696,#1384);
#1192=LINE('',#2698,#1385);
#1193=LINE('',#2700,#1386);
#1194=LINE('',#2702,#1387);
#1195=LINE('',#2704,#1388);
#1196=LINE('',#2706,#1389);
#1197=LINE('',#2708,#1390);
#1198=LINE('',#2711,#1391);
#1199=LINE('',#2713,#1392);
#1200=LINE('',#2715,#1393);
#1201=LINE('',#2717,#1394);
#1202=LINE('',#2719,#1395);
#1203=LINE('',#2721,#1396);
#1204=LINE('',#2725,#1397);
#1205=LINE('',#2727,#1398);
#1206=LINE('',#2729,#1399);
#1207=LINE('',#2731,#1400);
#1208=LINE('',#2734,#1401);
#1209=LINE('',#2736,#1402);
#1210=LINE('',#2738,#1403);
#1211=LINE('',#2741,#1404);
#1212=LINE('',#2744,#1405);
#1213=LINE('',#2746,#1406);
#1214=LINE('',#2748,#1407);
#1215=LINE('',#2749,#1408);
#1216=LINE('',#2754,#1409);
#1217=LINE('',#2758,#1410);
#1218=LINE('',#2762,#1411);
#1219=LINE('',#2765,#1412);
#1220=LINE('',#2768,#1413);
#1221=LINE('',#2770,#1414);
#1222=LINE('',#2772,#1415);
#1223=LINE('',#2774,#1416);
#1224=LINE('',#2778,#1417);
#1225=LINE('',#2780,#1418);
#1226=LINE('',#2782,#1419);
#1227=LINE('',#2789,#1420);
#1228=LINE('',#2791,#1421);
#1229=LINE('',#2793,#1422);
#1230=LINE('',#2797,#1423);
#1231=LINE('',#2801,#1424);
#1232=LINE('',#2805,#1425);
#1233=LINE('',#2809,#1426);
#1234=LINE('',#2811,#1427);
#1235=LINE('',#2812,#1428);
#1236=LINE('',#2814,#1429);
#1237=LINE('',#2816,#1430);
#1238=LINE('',#2821,#1431);
#1239=LINE('',#2825,#1432);
#1240=LINE('',#2829,#1433);
#1241=LINE('',#2832,#1434);
#1242=LINE('',#2835,#1435);
#1243=LINE('',#2837,#1436);
#1244=LINE('',#2839,#1437);
#1245=LINE('',#2844,#1438);
#1246=LINE('',#2851,#1439);
#1247=LINE('',#2858,#1440);
#1248=LINE('',#2860,#1441);
#1249=LINE('',#2868,#1442);
#1250=LINE('',#2869,#1443);
#1251=LINE('',#2870,#1444);
#1252=LINE('',#2872,#1445);
#1253=LINE('',#2874,#1446);
#1254=LINE('',#2878,#1447);
#1255=LINE('',#2879,#1448);
#1256=LINE('',#2880,#1449);
#1257=LINE('',#2882,#1450);
#1258=LINE('',#2886,#1451);
#1259=LINE('',#2892,#1452);
#1260=LINE('',#2893,#1453);
#1261=LINE('',#2897,#1454);
#1262=LINE('',#2901,#1455);
#1263=LINE('',#2904,#1456);
#1264=LINE('',#2906,#1457);
#1265=LINE('',#2908,#1458);
#1266=LINE('',#2914,#1459);
#1267=LINE('',#2918,#1460);
#1268=LINE('',#2922,#1461);
#1269=LINE('',#2926,#1462);
#1270=LINE('',#2927,#1463);
#1271=LINE('',#2930,#1464);
#1272=LINE('',#2932,#1465);
#1273=LINE('',#2934,#1466);
#1274=LINE('',#2935,#1467);
#1275=LINE('',#2936,#1468);
#1276=LINE('',#2938,#1469);
#1277=LINE('',#2939,#1470);
#1278=LINE('',#2941,#1471);
#1279=LINE('',#2943,#1472);
#1280=LINE('',#2945,#1473);
#1281=LINE('',#2947,#1474);
#1282=LINE('',#2949,#1475);
#1283=LINE('',#2951,#1476);
#1284=LINE('',#2954,#1477);
#1285=LINE('',#2955,#1478);
#1286=LINE('',#2957,#1479);
#1287=LINE('',#2959,#1480);
#1288=LINE('',#2963,#1481);
#1289=LINE('',#2965,#1482);
#1290=LINE('',#2969,#1483);
#1291=LINE('',#2972,#1484);
#1292=LINE('',#2974,#1485);
#1293=LINE('',#2976,#1486);
#1294=LINE('',#3039,#1487);
#1295=LINE('',#3087,#1488);
#1296=LINE('',#3136,#1489);
#1297=LINE('',#3449,#1490);
#1298=LINE('',#3451,#1491);
#1299=LINE('',#3453,#1492);
#1300=LINE('',#3455,#1493);
#1301=LINE('',#3457,#1494);
#1302=LINE('',#3460,#1495);
#1303=LINE('',#3462,#1496);
#1304=LINE('',#3468,#1497);
#1305=LINE('',#3469,#1498);
#1306=LINE('',#3471,#1499);
#1307=LINE('',#3473,#1500);
#1308=LINE('',#3476,#1501);
#1309=LINE('',#3477,#1502);
#1310=LINE('',#3479,#1503);
#1311=LINE('',#3480,#1504);
#1312=LINE('',#3481,#1505);
#1313=LINE('',#3483,#1506);
#1314=LINE('',#3485,#1507);
#1315=LINE('',#3487,#1508);
#1316=LINE('',#3488,#1509);
#1317=LINE('',#3490,#1510);
#1318=LINE('',#3492,#1511);
#1319=LINE('',#3493,#1512);
#1320=LINE('',#3495,#1513);
#1321=LINE('',#3496,#1514);
#1322=LINE('',#3498,#1515);
#1323=LINE('',#3500,#1516);
#1324=LINE('',#3502,#1517);
#1325=LINE('',#3504,#1518);
#1326=LINE('',#3506,#1519);
#1327=LINE('',#3509,#1520);
#1328=LINE('',#3511,#1521);
#1329=LINE('',#3513,#1522);
#1330=LINE('',#3515,#1523);
#1331=LINE('',#3517,#1524);
#1332=VECTOR('',#2065,1.);
#1333=VECTOR('',#2066,1.);
#1334=VECTOR('',#2067,1.);
#1335=VECTOR('',#2068,1.);
#1336=VECTOR('',#2069,1.);
#1337=VECTOR('',#2070,1.);
#1338=VECTOR('',#2071,1.);
#1339=VECTOR('',#2072,1.);
#1340=VECTOR('',#2073,1.);
#1341=VECTOR('',#2074,1.);
#1342=VECTOR('',#2077,1.);
#1343=VECTOR('',#2080,1.);
#1344=VECTOR('',#2081,1.);
#1345=VECTOR('',#2082,1.);
#1346=VECTOR('',#2083,1.);
#1347=VECTOR('',#2084,1.);
#1348=VECTOR('',#2087,1.);
#1349=VECTOR('',#2090,1.);
#1350=VECTOR('',#2091,1.);
#1351=VECTOR('',#2092,1.);
#1352=VECTOR('',#2095,1.);
#1353=VECTOR('',#2096,1.);
#1354=VECTOR('',#2101,1.);
#1355=VECTOR('',#2102,1.);
#1356=VECTOR('',#2107,1.);
#1357=VECTOR('',#2108,1.);
#1358=VECTOR('',#2109,1.);
#1359=VECTOR('',#2110,1.);
#1360=VECTOR('',#2111,1.);
#1361=VECTOR('',#2112,1.);
#1362=VECTOR('',#2113,1.);
#1363=VECTOR('',#2114,1.);
#1364=VECTOR('',#2115,1.);
#1365=VECTOR('',#2116,1.);
#1366=VECTOR('',#2117,1.);
#1367=VECTOR('',#2118,1.);
#1368=VECTOR('',#2119,1.);
#1369=VECTOR('',#2120,1.);
#1370=VECTOR('',#2121,1.);
#1371=VECTOR('',#2122,1.);
#1372=VECTOR('',#2123,1.);
#1373=VECTOR('',#2124,1.);
#1374=VECTOR('',#2129,1.);
#1375=VECTOR('',#2134,1.);
#1376=VECTOR('',#2139,1.);
#1377=VECTOR('',#2140,1.);
#1378=VECTOR('',#2141,1.);
#1379=VECTOR('',#2142,1.);
#1380=VECTOR('',#2147,1.);
#1381=VECTOR('',#2148,1.);
#1382=VECTOR('',#2149,1.);
#1383=VECTOR('',#2154,1.);
#1384=VECTOR('',#2155,1.);
#1385=VECTOR('',#2156,1.);
#1386=VECTOR('',#2157,1.);
#1387=VECTOR('',#2158,1.);
#1388=VECTOR('',#2159,1.);
#1389=VECTOR('',#2160,1.);
#1390=VECTOR('',#2163,1.);
#1391=VECTOR('',#2164,1.);
#1392=VECTOR('',#2165,1.);
#1393=VECTOR('',#2166,1.);
#1394=VECTOR('',#2169,1.);
#1395=VECTOR('',#2170,1.);
#1396=VECTOR('',#2171,1.);
#1397=VECTOR('',#2176,1.);
#1398=VECTOR('',#2177,1.);
#1399=VECTOR('',#2178,1.);
#1400=VECTOR('',#2181,1.);
#1401=VECTOR('',#2182,1.);
#1402=VECTOR('',#2183,1.);
#1403=VECTOR('',#2184,1.);
#1404=VECTOR('',#2187,1.);
#1405=VECTOR('',#2188,1.);
#1406=VECTOR('',#2189,1.);
#1407=VECTOR('',#2190,1.);
#1408=VECTOR('',#2191,1.);
#1409=VECTOR('',#2194,1.);
#1410=VECTOR('',#2197,1.);
#1411=VECTOR('',#2200,1.);
#1412=VECTOR('',#2203,1.);
#1413=VECTOR('',#2206,1.);
#1414=VECTOR('',#2209,1.);
#1415=VECTOR('',#2210,1.);
#1416=VECTOR('',#2211,1.);
#1417=VECTOR('',#2216,1.);
#1418=VECTOR('',#2217,1.);
#1419=VECTOR('',#2218,1.);
#1420=VECTOR('',#2231,1.);
#1421=VECTOR('',#2232,1.);
#1422=VECTOR('',#2233,1.);
#1423=VECTOR('',#2236,1.);
#1424=VECTOR('',#2239,1.);
#1425=VECTOR('',#2242,1.);
#1426=VECTOR('',#2245,1.);
#1427=VECTOR('',#2246,1.);
#1428=VECTOR('',#2247,1.);
#1429=VECTOR('',#2248,1.);
#1430=VECTOR('',#2251,1.);
#1431=VECTOR('',#2254,1.);
#1432=VECTOR('',#2257,1.);
#1433=VECTOR('',#2260,1.);
#1434=VECTOR('',#2263,1.);
#1435=VECTOR('',#2264,1.);
#1436=VECTOR('',#2265,1.);
#1437=VECTOR('',#2266,1.);
#1438=VECTOR('',#2275,1.);
#1439=VECTOR('',#2276,1.);
#1440=VECTOR('',#2277,1.);
#1441=VECTOR('',#2280,1.);
#1442=VECTOR('',#2289,1.);
#1443=VECTOR('',#2290,1.);
#1444=VECTOR('',#2291,1.);
#1445=VECTOR('',#2292,1.);
#1446=VECTOR('',#2293,1.);
#1447=VECTOR('',#2298,1.);
#1448=VECTOR('',#2299,1.);
#1449=VECTOR('',#2300,1.);
#1450=VECTOR('',#2301,1.);
#1451=VECTOR('',#2306,1.);
#1452=VECTOR('',#2313,1.);
#1453=VECTOR('',#2314,1.);
#1454=VECTOR('',#2319,1.);
#1455=VECTOR('',#2324,1.);
#1456=VECTOR('',#2325,1.);
#1457=VECTOR('',#2326,1.);
#1458=VECTOR('',#2327,1.);
#1459=VECTOR('',#2332,1.);
#1460=VECTOR('',#2335,1.);
#1461=VECTOR('',#2338,1.);
#1462=VECTOR('',#2341,1.);
#1463=VECTOR('',#2342,1.);
#1464=VECTOR('',#2343,1.);
#1465=VECTOR('',#2344,1.);
#1466=VECTOR('',#2345,1.);
#1467=VECTOR('',#2346,1.);
#1468=VECTOR('',#2347,1.);
#1469=VECTOR('',#2350,1.);
#1470=VECTOR('',#2351,1.);
#1471=VECTOR('',#2354,1.);
#1472=VECTOR('',#2357,1.);
#1473=VECTOR('',#2360,1.);
#1474=VECTOR('',#2363,1.);
#1475=VECTOR('',#2366,1.);
#1476=VECTOR('',#2369,1.);
#1477=VECTOR('',#2374,1.);
#1478=VECTOR('',#2375,1.);
#1479=VECTOR('',#2378,1.);
#1480=VECTOR('',#2381,1.);
#1481=VECTOR('',#2388,1.);
#1482=VECTOR('',#2391,1.);
#1483=VECTOR('',#2398,1.);
#1484=VECTOR('',#2403,1.);
#1485=VECTOR('',#2404,1.);
#1486=VECTOR('',#2407,1.);
#1487=VECTOR('',#2428,1.);
#1488=VECTOR('',#2433,1.);
#1489=VECTOR('',#2436,1.);
#1490=VECTOR('',#2449,1.);
#1491=VECTOR('',#2450,1.);
#1492=VECTOR('',#2453,1.);
#1493=VECTOR('',#2454,1.);
#1494=VECTOR('',#2457,1.);
#1495=VECTOR('',#2462,1.);
#1496=VECTOR('',#2465,1.);
#1497=VECTOR('',#2476,1.);
#1498=VECTOR('',#2477,1.);
#1499=VECTOR('',#2480,1.);
#1500=VECTOR('',#2483,1.);
#1501=VECTOR('',#2488,1.);
#1502=VECTOR('',#2489,1.);
#1503=VECTOR('',#2492,1.);
#1504=VECTOR('',#2493,1.);
#1505=VECTOR('',#2494,1.);
#1506=VECTOR('',#2495,1.);
#1507=VECTOR('',#2496,1.);
#1508=VECTOR('',#2499,1.);
#1509=VECTOR('',#2500,1.);
#1510=VECTOR('',#2501,1.);
#1511=VECTOR('',#2502,1.);
#1512=VECTOR('',#2503,1.);
#1513=VECTOR('',#2506,1.);
#1514=VECTOR('',#2507,1.);
#1515=VECTOR('',#2510,1.);
#1516=VECTOR('',#2511,1.);
#1517=VECTOR('',#2514,1.);
#1518=VECTOR('',#2515,1.);
#1519=VECTOR('',#2518,1.);
#1520=VECTOR('',#2523,1.);
#1521=VECTOR('',#2524,1.);
#1522=VECTOR('',#2527,1.);
#1523=VECTOR('',#2528,1.);
#1524=VECTOR('',#2531,1.);
#1525=EDGE_LOOP('',(#134,#135,#136,#137,#138,#139,#140,#141));
#1526=EDGE_LOOP('',(#142,#143,#144,#145,#146,#147,#148,#149,#150,#151,#152,
#153,#154,#155,#156,#157));
#1527=EDGE_LOOP('',(#158,#159,#160,#161));
#1528=EDGE_LOOP('',(#162,#163,#164,#165));
#1529=EDGE_LOOP('',(#166,#167,#168,#169,#170,#171,#172,#173,#174,#175,#176,
#177,#178,#179,#180,#181,#182,#183,#184,#185));
#1530=EDGE_LOOP('',(#186,#187,#188,#189,#190,#191,#192,#193));
#1531=EDGE_LOOP('',(#194,#195,#196,#197,#198,#199));
#1532=EDGE_LOOP('',(#200,#201,#202,#203,#204,#205));
#1533=EDGE_LOOP('',(#206,#207,#208,#209,#210,#211,#212,#213,#214,#215));
#1534=EDGE_LOOP('',(#216,#217,#218,#219));
#1535=EDGE_LOOP('',(#220,#221,#222,#223,#224));
#1536=EDGE_LOOP('',(#225,#226,#227,#228));
#1537=EDGE_LOOP('',(#229,#230,#231,#232));
#1538=EDGE_LOOP('',(#233));
#1539=EDGE_LOOP('',(#234,#235,#236,#237));
#1540=EDGE_LOOP('',(#238,#239,#240,#241,#242,#243,#244,#245));
#1541=EDGE_LOOP('',(#246,#247,#248,#249,#250,#251,#252,#253,#254,#255,#256,
#257));
#1542=EDGE_LOOP('',(#258,#259,#260,#261,#262,#263));
#1543=EDGE_LOOP('',(#264,#265,#266,#267));
#1544=EDGE_LOOP('',(#268,#269,#270,#271));
#1545=EDGE_LOOP('',(#272,#273,#274,#275,#276,#277,#278,#279,#280,#281,#282,
#283,#284,#285,#286,#287,#288,#289,#290,#291));
#1546=EDGE_LOOP('',(#292,#293,#294,#295,#296,#297,#298,#299));
#1547=EDGE_LOOP('',(#300,#301,#302,#303));
#1548=EDGE_LOOP('',(#304,#305,#306,#307));
#1549=EDGE_LOOP('',(#308,#309,#310,#311,#312,#313));
#1550=EDGE_LOOP('',(#314,#315,#316,#317));
#1551=EDGE_LOOP('',(#318));
#1552=EDGE_LOOP('',(#319,#320,#321,#322,#323,#324,#325,#326));
#1553=EDGE_LOOP('',(#327,#328,#329,#330,#331,#332,#333,#334,#335,#336));
#1554=EDGE_LOOP('',(#337,#338,#339,#340));
#1555=EDGE_LOOP('',(#341));
#1556=EDGE_LOOP('',(#342,#343,#344,#345));
#1557=EDGE_LOOP('',(#346,#347,#348,#349));
#1558=EDGE_LOOP('',(#350,#351,#352,#353));
#1559=EDGE_LOOP('',(#354));
#1560=EDGE_LOOP('',(#355,#356,#357,#358,#359,#360,#361,#362));
#1561=EDGE_LOOP('',(#363,#364,#365,#366));
#1562=EDGE_LOOP('',(#367,#368,#369,#370));
#1563=EDGE_LOOP('',(#371,#372,#373,#374));
#1564=EDGE_LOOP('',(#375,#376,#377,#378));
#1565=EDGE_LOOP('',(#379,#380,#381,#382));
#1566=EDGE_LOOP('',(#383,#384,#385,#386));
#1567=EDGE_LOOP('',(#387,#388,#389,#390));
#1568=EDGE_LOOP('',(#391,#392,#393,#394));
#1569=EDGE_LOOP('',(#395,#396,#397,#398));
#1570=EDGE_LOOP('',(#399,#400,#401,#402));
#1571=EDGE_LOOP('',(#403,#404,#405,#406));
#1572=EDGE_LOOP('',(#407,#408,#409,#410));
#1573=EDGE_LOOP('',(#411,#412,#413,#414));
#1574=EDGE_LOOP('',(#415,#416,#417,#418));
#1575=EDGE_LOOP('',(#419,#420,#421,#422,#423,#424));
#1576=EDGE_LOOP('',(#425,#426,#427,#428));
#1577=EDGE_LOOP('',(#429,#430,#431,#432,#433,#434));
#1578=EDGE_LOOP('',(#435,#436,#437,#438,#439,#440));
#1579=EDGE_LOOP('',(#441,#442,#443,#444));
#1580=EDGE_LOOP('',(#445,#446,#447,#448,#449));
#1581=EDGE_LOOP('',(#450,#451,#452,#453));
#1582=EDGE_LOOP('',(#454,#455,#456,#457));
#1583=EDGE_LOOP('',(#458,#459,#460,#461));
#1584=EDGE_LOOP('',(#462,#463,#464,#465));
#1585=EDGE_LOOP('',(#466,#467,#468,#469));
#1586=EDGE_LOOP('',(#470,#471,#472,#473));
#1587=EDGE_LOOP('',(#474,#475,#476,#477));
#1588=EDGE_LOOP('',(#478,#479,#480));
#1589=EDGE_LOOP('',(#481,#482,#483,#484));
#1590=EDGE_LOOP('',(#485,#486,#487));
#1591=EDGE_LOOP('',(#488,#489,#490,#491,#492,#493,#494,#495));
#1592=EDGE_LOOP('',(#496,#497,#498));
#1593=EDGE_LOOP('',(#499,#500,#501,#502,#503,#504,#505,#506));
#1594=EDGE_LOOP('',(#507,#508,#509));
#1595=EDGE_LOOP('',(#510,#511,#512,#513));
#1596=EDGE_LOOP('',(#514,#515,#516,#517));
#1597=EDGE_LOOP('',(#518,#519,#520));
#1598=EDGE_LOOP('',(#521,#522,#523));
#1599=EDGE_LOOP('',(#524,#525,#526,#527));
#1600=EDGE_LOOP('',(#528,#529,#530,#531));
#1601=EDGE_LOOP('',(#532,#533,#534,#535,#536,#537));
#1602=EDGE_LOOP('',(#538,#539,#540,#541,#542,#543));
#1603=EDGE_LOOP('',(#544,#545,#546,#547,#548,#549));
#1604=EDGE_LOOP('',(#550,#551,#552,#553,#554,#555));
#1605=EDGE_LOOP('',(#556,#557,#558,#559));
#1606=EDGE_LOOP('',(#560,#561,#562,#563));
#1607=EDGE_LOOP('',(#564,#565,#566,#567));
#1608=EDGE_LOOP('',(#568,#569,#570,#571));
#1609=EDGE_LOOP('',(#572,#573,#574,#575));
#1610=EDGE_LOOP('',(#576,#577,#578,#579));
#1611=EDGE_LOOP('',(#580,#581,#582,#583));
#1612=EDGE_LOOP('',(#584));
#1613=EDGE_LOOP('',(#585,#586,#587,#588));
#1614=EDGE_LOOP('',(#589));
#1615=EDGE_LOOP('',(#590,#591,#592,#593));
#1616=EDGE_LOOP('',(#594));
#1617=EDGE_LOOP('',(#595));
#1618=EDGE_LOOP('',(#596,#597,#598,#599));
#1619=EDGE_LOOP('',(#600,#601,#602,#603));
#1620=EDGE_LOOP('',(#604,#605,#606,#607));
#1621=EDGE_LOOP('',(#608,#609,#610,#611));
#1622=EDGE_LOOP('',(#612,#613,#614,#615));
#1623=EDGE_LOOP('',(#616,#617,#618,#619,#620,#621,#622,#623));
#1624=EDGE_LOOP('',(#624,#625,#626,#627,#628,#629,#630,#631));
#1625=EDGE_LOOP('',(#632,#633,#634,#635));
#1626=EDGE_LOOP('',(#636,#637,#638,#639));
#1627=EDGE_LOOP('',(#640,#641,#642,#643));
#1628=EDGE_LOOP('',(#644,#645,#646,#647));
#1629=EDGE_LOOP('',(#648,#649,#650,#651));
#1630=EDGE_LOOP('',(#652,#653,#654,#655));
#1631=EDGE_LOOP('',(#656,#657,#658,#659));
#1632=EDGE_LOOP('',(#660,#661,#662,#663));
#1633=EDGE_LOOP('',(#664,#665,#666,#667));
#1634=EDGE_LOOP('',(#668,#669,#670,#671));
#1635=EDGE_LOOP('',(#672,#673,#674,#675));
#1636=EDGE_LOOP('',(#676,#677,#678,#679));
#1637=EDGE_LOOP('',(#680,#681,#682,#683));
#1638=FACE_BOUND('',#1525,.T.);
#1639=FACE_BOUND('',#1526,.T.);
#1640=FACE_BOUND('',#1527,.T.);
#1641=FACE_BOUND('',#1528,.T.);
#1642=FACE_BOUND('',#1529,.T.);
#1643=FACE_BOUND('',#1530,.T.);
#1644=FACE_BOUND('',#1531,.T.);
#1645=FACE_BOUND('',#1532,.T.);
#1646=FACE_BOUND('',#1533,.T.);
#1647=FACE_BOUND('',#1534,.T.);
#1648=FACE_BOUND('',#1535,.T.);
#1649=FACE_BOUND('',#1536,.T.);
#1650=FACE_BOUND('',#1537,.T.);
#1651=FACE_BOUND('',#1538,.T.);
#1652=FACE_BOUND('',#1539,.T.);
#1653=FACE_BOUND('',#1540,.T.);
#1654=FACE_BOUND('',#1541,.T.);
#1655=FACE_BOUND('',#1542,.T.);
#1656=FACE_BOUND('',#1543,.T.);
#1657=FACE_BOUND('',#1544,.T.);
#1658=FACE_BOUND('',#1545,.T.);
#1659=FACE_BOUND('',#1546,.T.);
#1660=FACE_BOUND('',#1547,.T.);
#1661=FACE_BOUND('',#1548,.T.);
#1662=FACE_BOUND('',#1549,.T.);
#1663=FACE_BOUND('',#1550,.T.);
#1664=FACE_BOUND('',#1551,.T.);
#1665=FACE_BOUND('',#1552,.T.);
#1666=FACE_BOUND('',#1553,.T.);
#1667=FACE_BOUND('',#1554,.T.);
#1668=FACE_BOUND('',#1555,.T.);
#1669=FACE_BOUND('',#1556,.T.);
#1670=FACE_BOUND('',#1557,.T.);
#1671=FACE_BOUND('',#1558,.T.);
#1672=FACE_BOUND('',#1559,.T.);
#1673=FACE_BOUND('',#1560,.T.);
#1674=FACE_BOUND('',#1561,.T.);
#1675=FACE_BOUND('',#1562,.T.);
#1676=FACE_BOUND('',#1563,.T.);
#1677=FACE_BOUND('',#1564,.T.);
#1678=FACE_BOUND('',#1565,.T.);
#1679=FACE_BOUND('',#1566,.T.);
#1680=FACE_BOUND('',#1567,.T.);
#1681=FACE_BOUND('',#1568,.T.);
#1682=FACE_BOUND('',#1569,.T.);
#1683=FACE_BOUND('',#1570,.T.);
#1684=FACE_BOUND('',#1571,.T.);
#1685=FACE_BOUND('',#1572,.T.);
#1686=FACE_BOUND('',#1573,.T.);
#1687=FACE_BOUND('',#1574,.T.);
#1688=FACE_BOUND('',#1575,.T.);
#1689=FACE_BOUND('',#1576,.T.);
#1690=FACE_BOUND('',#1577,.T.);
#1691=FACE_BOUND('',#1578,.T.);
#1692=FACE_BOUND('',#1579,.T.);
#1693=FACE_BOUND('',#1580,.T.);
#1694=FACE_BOUND('',#1581,.T.);
#1695=FACE_BOUND('',#1582,.T.);
#1696=FACE_BOUND('',#1583,.T.);
#1697=FACE_BOUND('',#1584,.T.);
#1698=FACE_BOUND('',#1585,.T.);
#1699=FACE_BOUND('',#1586,.T.);
#1700=FACE_BOUND('',#1587,.T.);
#1701=FACE_BOUND('',#1588,.T.);
#1702=FACE_BOUND('',#1589,.T.);
#1703=FACE_BOUND('',#1590,.T.);
#1704=FACE_BOUND('',#1591,.T.);
#1705=FACE_BOUND('',#1592,.T.);
#1706=FACE_BOUND('',#1593,.T.);
#1707=FACE_BOUND('',#1594,.T.);
#1708=FACE_BOUND('',#1595,.T.);
#1709=FACE_BOUND('',#1596,.T.);
#1710=FACE_BOUND('',#1597,.T.);
#1711=FACE_BOUND('',#1598,.T.);
#1712=FACE_BOUND('',#1599,.T.);
#1713=FACE_BOUND('',#1600,.T.);
#1714=FACE_BOUND('',#1601,.T.);
#1715=FACE_BOUND('',#1602,.T.);
#1716=FACE_BOUND('',#1603,.T.);
#1717=FACE_BOUND('',#1604,.T.);
#1718=FACE_BOUND('',#1605,.T.);
#1719=FACE_BOUND('',#1606,.T.);
#1720=FACE_BOUND('',#1607,.T.);
#1721=FACE_BOUND('',#1608,.T.);
#1722=FACE_BOUND('',#1609,.T.);
#1723=FACE_BOUND('',#1610,.T.);
#1724=FACE_BOUND('',#1611,.T.);
#1725=FACE_BOUND('',#1612,.T.);
#1726=FACE_BOUND('',#1613,.T.);
#1727=FACE_BOUND('',#1614,.T.);
#1728=FACE_BOUND('',#1615,.T.);
#1729=FACE_BOUND('',#1616,.T.);
#1730=FACE_BOUND('',#1617,.T.);
#1731=FACE_BOUND('',#1618,.T.);
#1732=FACE_BOUND('',#1619,.T.);
#1733=FACE_BOUND('',#1620,.T.);
#1734=FACE_BOUND('',#1621,.T.);
#1735=FACE_BOUND('',#1622,.T.);
#1736=FACE_BOUND('',#1623,.T.);
#1737=FACE_BOUND('',#1624,.T.);
#1738=FACE_BOUND('',#1625,.T.);
#1739=FACE_BOUND('',#1626,.T.);
#1740=FACE_BOUND('',#1627,.T.);
#1741=FACE_BOUND('',#1628,.T.);
#1742=FACE_BOUND('',#1629,.T.);
#1743=FACE_BOUND('',#1630,.T.);
#1744=FACE_BOUND('',#1631,.T.);
#1745=FACE_BOUND('',#1632,.T.);
#1746=FACE_BOUND('',#1633,.T.);
#1747=FACE_BOUND('',#1634,.T.);
#1748=FACE_BOUND('',#1635,.T.);
#1749=FACE_BOUND('',#1636,.T.);
#1750=FACE_BOUND('',#1637,.T.);
#1751=PLANE('',#1918);
#1752=PLANE('',#1927);
#1753=PLANE('',#1933);
#1754=PLANE('',#1934);
#1755=PLANE('',#1936);
#1756=PLANE('',#1938);
#1757=PLANE('',#1939);
#1758=PLANE('',#1941);
#1759=PLANE('',#1942);
#1760=PLANE('',#1950);
#1761=PLANE('',#1957);
#1762=PLANE('',#1962);
#1763=PLANE('',#1970);
#1764=PLANE('',#1974);
#1765=PLANE('',#1976);
#1766=PLANE('',#1981);
#1767=PLANE('',#1986);
#1768=PLANE('',#1992);
#1769=PLANE('',#1994);
#1770=PLANE('',#1996);
#1771=PLANE('',#1998);
#1772=PLANE('',#2000);
#1773=PLANE('',#2001);
#1774=PLANE('',#2002);
#1775=PLANE('',#2003);
#1776=PLANE('',#2004);
#1777=PLANE('',#2006);
#1778=PLANE('',#2007);
#1779=PLANE('',#2009);
#1780=PLANE('',#2010);
#1781=PLANE('',#2011);
#1782=PLANE('',#2012);
#1783=PLANE('',#2013);
#1784=PLANE('',#2014);
#1785=PLANE('',#2031);
#1786=PLANE('',#2032);
#1787=PLANE('',#2033);
#1788=PLANE('',#2034);
#1789=PLANE('',#2035);
#1790=PLANE('',#2036);
#1791=PLANE('',#2037);
#1792=PLANE('',#2041);
#1793=PLANE('',#2042);
#1794=PLANE('',#2043);
#1795=PLANE('',#2044);
#1796=PLANE('',#2045);
#1797=PLANE('',#2046);
#1798=PLANE('',#2047);
#1799=PLANE('',#2048);
#1800=PLANE('',#2049);
#1801=PLANE('',#2050);
#1802=PLANE('',#2051);
#1803=PLANE('',#2052);
#1804=PLANE('',#2053);
#1805=PLANE('',#2054);
#1806=PLANE('',#2055);
#1807=PLANE('',#2056);
#1808=ADVANCED_FACE('',(#1638,#1639),#1751,.T.);
#1809=ADVANCED_FACE('',(#1640),#56,.F.);
#1810=ADVANCED_FACE('',(#1641),#57,.F.);
#1811=ADVANCED_FACE('',(#1642),#1752,.T.);
#1812=ADVANCED_FACE('',(#1643),#58,.F.);
#1813=ADVANCED_FACE('',(#1644),#1753,.T.);
#1814=ADVANCED_FACE('',(#1645),#1754,.T.);
#1815=ADVANCED_FACE('',(#1646),#1755,.T.);
#1816=ADVANCED_FACE('',(#1647),#1756,.T.);
#1817=ADVANCED_FACE('',(#1648),#1757,.T.);
#1818=ADVANCED_FACE('',(#1649),#1758,.T.);
#1819=ADVANCED_FACE('',(#1650,#1651,#1652,#1653,#1654),#1759,.T.);
#1820=ADVANCED_FACE('',(#1655),#1760,.T.);
#1821=ADVANCED_FACE('',(#1656),#59,.F.);
#1822=ADVANCED_FACE('',(#1657),#60,.F.);
#1823=ADVANCED_FACE('',(#1658),#1761,.T.);
#1824=ADVANCED_FACE('',(#1659,#1660),#1762,.T.);
#1825=ADVANCED_FACE('',(#1661),#61,.T.);
#1826=ADVANCED_FACE('',(#1662),#1763,.T.);
#1827=ADVANCED_FACE('',(#1663),#62,.T.);
#1828=ADVANCED_FACE('',(#1664,#1665),#1764,.T.);
#1829=ADVANCED_FACE('',(#1666),#1765,.T.);
#1830=ADVANCED_FACE('',(#1667),#63,.T.);
#1831=ADVANCED_FACE('',(#1668,#1669),#1766,.T.);
#1832=ADVANCED_FACE('',(#1670),#64,.T.);
#1833=ADVANCED_FACE('',(#1671,#1672,#1673,#1674,#1675),#1767,.T.);
#1834=ADVANCED_FACE('',(#1676),#1768,.F.);
#1835=ADVANCED_FACE('',(#1677),#65,.F.);
#1836=ADVANCED_FACE('',(#1678),#1769,.F.);
#1837=ADVANCED_FACE('',(#1679),#66,.F.);
#1838=ADVANCED_FACE('',(#1680),#1770,.F.);
#1839=ADVANCED_FACE('',(#1681),#67,.F.);
#1840=ADVANCED_FACE('',(#1682),#1771,.F.);
#1841=ADVANCED_FACE('',(#1683),#68,.F.);
#1842=ADVANCED_FACE('',(#1684),#1772,.F.);
#1843=ADVANCED_FACE('',(#1685),#1773,.F.);
#1844=ADVANCED_FACE('',(#1686),#1774,.F.);
#1845=ADVANCED_FACE('',(#1687),#1775,.F.);
#1846=ADVANCED_FACE('',(#1688),#1776,.F.);
#1847=ADVANCED_FACE('',(#1689),#1777,.F.);
#1848=ADVANCED_FACE('',(#1690),#1778,.T.);
#1849=ADVANCED_FACE('',(#1691),#1779,.F.);
#1850=ADVANCED_FACE('',(#1692),#1780,.F.);
#1851=ADVANCED_FACE('',(#1693),#1781,.T.);
#1852=ADVANCED_FACE('',(#1694),#1782,.T.);
#1853=ADVANCED_FACE('',(#1695),#1783,.T.);
#1854=ADVANCED_FACE('',(#1696),#1784,.F.);
#1855=ADVANCED_FACE('',(#1697),#69,.F.);
#1856=ADVANCED_FACE('',(#1698),#70,.F.);
#1857=ADVANCED_FACE('',(#1699),#71,.F.);
#1858=ADVANCED_FACE('',(#1700),#72,.T.);
#1859=ADVANCED_FACE('',(#1701),#14,.T.);
#1860=ADVANCED_FACE('',(#1702),#73,.T.);
#1861=ADVANCED_FACE('',(#1703),#15,.T.);
#1862=ADVANCED_FACE('',(#1704),#74,.T.);
#1863=ADVANCED_FACE('',(#1705),#16,.T.);
#1864=ADVANCED_FACE('',(#1706),#75,.T.);
#1865=ADVANCED_FACE('',(#1707),#17,.T.);
#1866=ADVANCED_FACE('',(#1708),#12,.F.);
#1867=ADVANCED_FACE('',(#1709),#13,.T.);
#1868=ADVANCED_FACE('',(#1710,#1711),#76,.F.);
#1869=ADVANCED_FACE('',(#1712),#77,.F.);
#1870=ADVANCED_FACE('',(#1713),#78,.F.);
#1871=ADVANCED_FACE('',(#1714),#18,.T.);
#1872=ADVANCED_FACE('',(#1715),#19,.T.);
#1873=ADVANCED_FACE('',(#1716),#20,.T.);
#1874=ADVANCED_FACE('',(#1717),#21,.T.);
#1875=ADVANCED_FACE('',(#1718),#1785,.F.);
#1876=ADVANCED_FACE('',(#1719),#1786,.F.);
#1877=ADVANCED_FACE('',(#1720),#1787,.T.);
#1878=ADVANCED_FACE('',(#1721),#1788,.T.);
#1879=ADVANCED_FACE('',(#1722),#1789,.F.);
#1880=ADVANCED_FACE('',(#1723),#1790,.F.);
#1881=ADVANCED_FACE('',(#1724),#1791,.T.);
#1882=ADVANCED_FACE('',(#1725,#1726),#79,.F.);
#1883=ADVANCED_FACE('',(#1727,#1728),#80,.F.);
#1884=ADVANCED_FACE('',(#1729,#1730),#81,.F.);
#1885=ADVANCED_FACE('',(#1731),#1792,.F.);
#1886=ADVANCED_FACE('',(#1732),#1793,.F.);
#1887=ADVANCED_FACE('',(#1733),#1794,.T.);
#1888=ADVANCED_FACE('',(#1734),#1795,.T.);
#1889=ADVANCED_FACE('',(#1735),#1796,.F.);
#1890=ADVANCED_FACE('',(#1736),#1797,.F.);
#1891=ADVANCED_FACE('',(#1737),#1798,.T.);
#1892=ADVANCED_FACE('',(#1738),#1799,.T.);
#1893=ADVANCED_FACE('',(#1739),#1800,.F.);
#1894=ADVANCED_FACE('',(#1740),#1801,.F.);
#1895=ADVANCED_FACE('',(#1741),#1802,.T.);
#1896=ADVANCED_FACE('',(#1742),#1803,.T.);
#1897=ADVANCED_FACE('',(#1743),#1804,.T.);
#1898=ADVANCED_FACE('',(#1744),#1805,.F.);
#1899=ADVANCED_FACE('',(#1745),#1806,.T.);
#1900=ADVANCED_FACE('',(#1746),#1807,.T.);
#1901=ADVANCED_FACE('',(#1747),#82,.F.);
#1902=ADVANCED_FACE('',(#1748),#83,.F.);
#1903=ADVANCED_FACE('',(#1749),#84,.F.);
#1904=ADVANCED_FACE('',(#1750),#85,.F.);
#1905=CLOSED_SHELL('',(#1808,#1809,#1810,#1811,#1812,#1813,#1814,#1815,
#1816,#1817,#1818,#1819,#1820,#1821,#1822,#1823,#1824,#1825,#1826,#1827,
#1828,#1829,#1830,#1831,#1832,#1833,#1834,#1835,#1836,#1837,#1838,#1839,
#1840,#1841,#1842,#1843,#1844,#1845,#1846,#1847,#1848,#1849,#1850,#1851,
#1852,#1853,#1854,#1855,#1856,#1857,#1858,#1859,#1860,#1861,#1862,#1863,
#1864,#1865,#1866,#1867,#1868,#1869,#1870,#1871,#1872,#1873,#1874,#1875,
#1876,#1877,#1878,#1879,#1880,#1881,#1882,#1883,#1884,#1885,#1886,#1887,
#1888,#1889,#1890,#1891,#1892,#1893,#1894,#1895,#1896,#1897,#1898,#1899,
#1900,#1901,#1902,#1903,#1904));
#1906=STYLED_ITEM('',(#1907),#1914);
#1907=PRESENTATION_STYLE_ASSIGNMENT((#1908));
#1908=SURFACE_STYLE_USAGE(.BOTH.,#1909);
#1909=SURFACE_SIDE_STYLE('',(#1910));
#1910=SURFACE_STYLE_FILL_AREA(#1911);
#1911=FILL_AREA_STYLE('',(#1912));
#1912=FILL_AREA_STYLE_COLOUR('',#1913);
#1913=COLOUR_RGB('',0.231372549019608,0.380392156862745,0.705882352941177);
#1914=MANIFOLD_SOLID_BREP('Bottom',#1905);
#1915=SHAPE_DEFINITION_REPRESENTATION(#3529,#1916);
#1916=SHAPE_REPRESENTATION('Bottom',(#1917),#3524);
#1917=AXIS2_PLACEMENT_3D('',#2542,#2061,#2062);
#1918=AXIS2_PLACEMENT_3D('',#2543,#2063,#2064);
#1919=AXIS2_PLACEMENT_3D('',#2565,#2075,#2076);
#1920=AXIS2_PLACEMENT_3D('',#2569,#2078,#2079);
#1921=AXIS2_PLACEMENT_3D('',#2581,#2085,#2086);
#1922=AXIS2_PLACEMENT_3D('',#2585,#2088,#2089);
#1923=AXIS2_PLACEMENT_3D('',#2592,#2093,#2094);
#1924=AXIS2_PLACEMENT_3D('',#2604,#2097,#2098);
#1925=AXIS2_PLACEMENT_3D('',#2605,#2099,#2100);
#1926=AXIS2_PLACEMENT_3D('',#2617,#2103,#2104);
#1927=AXIS2_PLACEMENT_3D('',#2618,#2105,#2106);
#1928=AXIS2_PLACEMENT_3D('',#2653,#2125,#2126);
#1929=AXIS2_PLACEMENT_3D('',#2654,#2127,#2128);
#1930=AXIS2_PLACEMENT_3D('',#2658,#2130,#2131);
#1931=AXIS2_PLACEMENT_3D('',#2659,#2132,#2133);
#1932=AXIS2_PLACEMENT_3D('',#2663,#2135,#2136);
#1933=AXIS2_PLACEMENT_3D('',#2664,#2137,#2138);
#1934=AXIS2_PLACEMENT_3D('',#2683,#2143,#2144);
#1935=AXIS2_PLACEMENT_3D('',#2684,#2145,#2146);
#1936=AXIS2_PLACEMENT_3D('',#2691,#2150,#2151);
#1937=AXIS2_PLACEMENT_3D('',#2692,#2152,#2153);
#1938=AXIS2_PLACEMENT_3D('',#2707,#2161,#2162);
#1939=AXIS2_PLACEMENT_3D('',#2716,#2167,#2168);
#1940=AXIS2_PLACEMENT_3D('',#2723,#2172,#2173);
#1941=AXIS2_PLACEMENT_3D('',#2724,#2174,#2175);
#1942=AXIS2_PLACEMENT_3D('',#2730,#2179,#2180);
#1943=AXIS2_PLACEMENT_3D('',#2739,#2185,#2186);
#1944=AXIS2_PLACEMENT_3D('',#2752,#2192,#2193);
#1945=AXIS2_PLACEMENT_3D('',#2756,#2195,#2196);
#1946=AXIS2_PLACEMENT_3D('',#2760,#2198,#2199);
#1947=AXIS2_PLACEMENT_3D('',#2764,#2201,#2202);
#1948=AXIS2_PLACEMENT_3D('',#2767,#2204,#2205);
#1949=AXIS2_PLACEMENT_3D('',#2769,#2207,#2208);
#1950=AXIS2_PLACEMENT_3D('',#2775,#2212,#2213);
#1951=AXIS2_PLACEMENT_3D('',#2776,#2214,#2215);
#1952=AXIS2_PLACEMENT_3D('',#2783,#2219,#2220);
#1953=AXIS2_PLACEMENT_3D('',#2784,#2221,#2222);
#1954=AXIS2_PLACEMENT_3D('',#2785,#2223,#2224);
#1955=AXIS2_PLACEMENT_3D('',#2786,#2225,#2226);
#1956=AXIS2_PLACEMENT_3D('',#2787,#2227,#2228);
#1957=AXIS2_PLACEMENT_3D('',#2788,#2229,#2230);
#1958=AXIS2_PLACEMENT_3D('',#2795,#2234,#2235);
#1959=AXIS2_PLACEMENT_3D('',#2799,#2237,#2238);
#1960=AXIS2_PLACEMENT_3D('',#2803,#2240,#2241);
#1961=AXIS2_PLACEMENT_3D('',#2807,#2243,#2244);
#1962=AXIS2_PLACEMENT_3D('',#2815,#2249,#2250);
#1963=AXIS2_PLACEMENT_3D('',#2819,#2252,#2253);
#1964=AXIS2_PLACEMENT_3D('',#2823,#2255,#2256);
#1965=AXIS2_PLACEMENT_3D('',#2827,#2258,#2259);
#1966=AXIS2_PLACEMENT_3D('',#2831,#2261,#2262);
#1967=AXIS2_PLACEMENT_3D('',#2840,#2267,#2268);
#1968=AXIS2_PLACEMENT_3D('',#2841,#2269,#2270);
#1969=AXIS2_PLACEMENT_3D('',#2842,#2271,#2272);
#1970=AXIS2_PLACEMENT_3D('',#2843,#2273,#2274);
#1971=AXIS2_PLACEMENT_3D('',#2859,#2278,#2279);
#1972=AXIS2_PLACEMENT_3D('',#2863,#2281,#2282);
#1973=AXIS2_PLACEMENT_3D('',#2864,#2283,#2284);
#1974=AXIS2_PLACEMENT_3D('',#2865,#2285,#2286);
#1975=AXIS2_PLACEMENT_3D('',#2866,#2287,#2288);
#1976=AXIS2_PLACEMENT_3D('',#2875,#2294,#2295);
#1977=AXIS2_PLACEMENT_3D('',#2876,#2296,#2297);
#1978=AXIS2_PLACEMENT_3D('',#2883,#2302,#2303);
#1979=AXIS2_PLACEMENT_3D('',#2884,#2304,#2305);
#1980=AXIS2_PLACEMENT_3D('',#2888,#2307,#2308);
#1981=AXIS2_PLACEMENT_3D('',#2889,#2309,#2310);
#1982=AXIS2_PLACEMENT_3D('',#2890,#2311,#2312);
#1983=AXIS2_PLACEMENT_3D('',#2894,#2315,#2316);
#1984=AXIS2_PLACEMENT_3D('',#2895,#2317,#2318);
#1985=AXIS2_PLACEMENT_3D('',#2899,#2320,#2321);
#1986=AXIS2_PLACEMENT_3D('',#2900,#2322,#2323);
#1987=AXIS2_PLACEMENT_3D('',#2909,#2328,#2329);
#1988=AXIS2_PLACEMENT_3D('',#2911,#2330,#2331);
#1989=AXIS2_PLACEMENT_3D('',#2916,#2333,#2334);
#1990=AXIS2_PLACEMENT_3D('',#2920,#2336,#2337);
#1991=AXIS2_PLACEMENT_3D('',#2924,#2339,#2340);
#1992=AXIS2_PLACEMENT_3D('',#2937,#2348,#2349);
#1993=AXIS2_PLACEMENT_3D('',#2940,#2352,#2353);
#1994=AXIS2_PLACEMENT_3D('',#2942,#2355,#2356);
#1995=AXIS2_PLACEMENT_3D('',#2944,#2358,#2359);
#1996=AXIS2_PLACEMENT_3D('',#2946,#2361,#2362);
#1997=AXIS2_PLACEMENT_3D('',#2948,#2364,#2365);
#1998=AXIS2_PLACEMENT_3D('',#2950,#2367,#2368);
#1999=AXIS2_PLACEMENT_3D('',#2952,#2370,#2371);
#2000=AXIS2_PLACEMENT_3D('',#2953,#2372,#2373);
#2001=AXIS2_PLACEMENT_3D('',#2956,#2376,#2377);
#2002=AXIS2_PLACEMENT_3D('',#2958,#2379,#2380);
#2003=AXIS2_PLACEMENT_3D('',#2960,#2382,#2383);
#2004=AXIS2_PLACEMENT_3D('',#2961,#2384,#2385);
#2005=AXIS2_PLACEMENT_3D('',#2962,#2386,#2387);
#2006=AXIS2_PLACEMENT_3D('',#2964,#2389,#2390);
#2007=AXIS2_PLACEMENT_3D('',#2966,#2392,#2393);
#2008=AXIS2_PLACEMENT_3D('',#2967,#2394,#2395);
#2009=AXIS2_PLACEMENT_3D('',#2968,#2396,#2397);
#2010=AXIS2_PLACEMENT_3D('',#2970,#2399,#2400);
#2011=AXIS2_PLACEMENT_3D('',#2971,#2401,#2402);
#2012=AXIS2_PLACEMENT_3D('',#2975,#2405,#2406);
#2013=AXIS2_PLACEMENT_3D('',#2977,#2408,#2409);
#2014=AXIS2_PLACEMENT_3D('',#2978,#2410,#2411);
#2015=AXIS2_PLACEMENT_3D('',#2979,#2412,#2413);
#2016=AXIS2_PLACEMENT_3D('',#2985,#2414,#2415);
#2017=AXIS2_PLACEMENT_3D('',#2986,#2416,#2417);
#2018=AXIS2_PLACEMENT_3D('',#2992,#2418,#2419);
#2019=AXIS2_PLACEMENT_3D('',#2993,#2420,#2421);
#2020=AXIS2_PLACEMENT_3D('',#3015,#2422,#2423);
#2021=AXIS2_PLACEMENT_3D('',#3016,#2424,#2425);
#2022=AXIS2_PLACEMENT_3D('',#3038,#2426,#2427);
#2023=AXIS2_PLACEMENT_3D('',#3048,#2429,#2430);
#2024=AXIS2_PLACEMENT_3D('',#3079,#2431,#2432);
#2025=AXIS2_PLACEMENT_3D('',#3098,#2434,#2435);
#2026=AXIS2_PLACEMENT_3D('',#3195,#2437,#2438);
#2027=AXIS2_PLACEMENT_3D('',#3240,#2439,#2440);
#2028=AXIS2_PLACEMENT_3D('',#3265,#2441,#2442);
#2029=AXIS2_PLACEMENT_3D('',#3329,#2443,#2444);
#2030=AXIS2_PLACEMENT_3D('',#3408,#2445,#2446);
#2031=AXIS2_PLACEMENT_3D('',#3448,#2447,#2448);
#2032=AXIS2_PLACEMENT_3D('',#3452,#2451,#2452);
#2033=AXIS2_PLACEMENT_3D('',#3456,#2455,#2456);
#2034=AXIS2_PLACEMENT_3D('',#3458,#2458,#2459);
#2035=AXIS2_PLACEMENT_3D('',#3459,#2460,#2461);
#2036=AXIS2_PLACEMENT_3D('',#3461,#2463,#2464);
#2037=AXIS2_PLACEMENT_3D('',#3463,#2466,#2467);
#2038=AXIS2_PLACEMENT_3D('',#3464,#2468,#2469);
#2039=AXIS2_PLACEMENT_3D('',#3465,#2470,#2471);
#2040=AXIS2_PLACEMENT_3D('',#3466,#2472,#2473);
#2041=AXIS2_PLACEMENT_3D('',#3467,#2474,#2475);
#2042=AXIS2_PLACEMENT_3D('',#3470,#2478,#2479);
#2043=AXIS2_PLACEMENT_3D('',#3472,#2481,#2482);
#2044=AXIS2_PLACEMENT_3D('',#3474,#2484,#2485);
#2045=AXIS2_PLACEMENT_3D('',#3475,#2486,#2487);
#2046=AXIS2_PLACEMENT_3D('',#3478,#2490,#2491);
#2047=AXIS2_PLACEMENT_3D('',#3486,#2497,#2498);
#2048=AXIS2_PLACEMENT_3D('',#3494,#2504,#2505);
#2049=AXIS2_PLACEMENT_3D('',#3497,#2508,#2509);
#2050=AXIS2_PLACEMENT_3D('',#3501,#2512,#2513);
#2051=AXIS2_PLACEMENT_3D('',#3505,#2516,#2517);
#2052=AXIS2_PLACEMENT_3D('',#3507,#2519,#2520);
#2053=AXIS2_PLACEMENT_3D('',#3508,#2521,#2522);
#2054=AXIS2_PLACEMENT_3D('',#3512,#2525,#2526);
#2055=AXIS2_PLACEMENT_3D('',#3516,#2529,#2530);
#2056=AXIS2_PLACEMENT_3D('',#3518,#2532,#2533);
#2057=AXIS2_PLACEMENT_3D('',#3519,#2534,#2535);
#2058=AXIS2_PLACEMENT_3D('',#3520,#2536,#2537);
#2059=AXIS2_PLACEMENT_3D('',#3521,#2538,#2539);
#2060=AXIS2_PLACEMENT_3D('',#3522,#2540,#2541);
#2061=DIRECTION('',(0.,0.,1.));
#2062=DIRECTION('',(1.,0.,0.));
#2063=DIRECTION('',(0.,0.,1.));
#2064=DIRECTION('',(1.,0.,0.));
#2065=DIRECTION('',(-1.,0.,0.));
#2066=DIRECTION('',(0.,1.,0.));
#2067=DIRECTION('',(-1.,0.,0.));
#2068=DIRECTION('',(0.,-1.,0.));
#2069=DIRECTION('',(-1.,0.,0.));
#2070=DIRECTION('',(0.,1.,0.));
#2071=DIRECTION('',(1.,0.,0.));
#2072=DIRECTION('',(0.,1.,0.));
#2073=DIRECTION('',(0.,-1.,0.));
#2074=DIRECTION('',(-1.,0.,0.));
#2075=DIRECTION('',(0.,0.,1.));
#2076=DIRECTION('',(1.,0.,0.));
#2077=DIRECTION('',(7.04885605841856E-17,1.,0.));
#2078=DIRECTION('',(0.,0.,1.));
#2079=DIRECTION('',(1.,0.,0.));
#2080=DIRECTION('',(1.,0.,0.));
#2081=DIRECTION('',(0.,1.,0.));
#2082=DIRECTION('',(1.,0.,0.));
#2083=DIRECTION('',(0.,1.,0.));
#2084=DIRECTION('',(1.,0.,0.));
#2085=DIRECTION('',(0.,0.,1.));
#2086=DIRECTION('',(1.,0.,0.));
#2087=DIRECTION('',(3.17198522628835E-16,1.,0.));
#2088=DIRECTION('',(0.,0.,1.));
#2089=DIRECTION('',(1.,0.,0.));
#2090=DIRECTION('',(-1.,0.,0.));
#2091=DIRECTION('',(0.,-1.,0.));
#2092=DIRECTION('',(1.,0.,0.));
#2093=DIRECTION('',(0.,-1.,0.));
#2094=DIRECTION('',(0.,0.,-1.));
#2095=DIRECTION('',(0.,-1.,0.));
#2096=DIRECTION('',(0.,-1.,0.));
#2097=DIRECTION('',(0.,1.,0.));
#2098=DIRECTION('',(0.,0.,1.));
#2099=DIRECTION('',(0.,-1.,0.));
#2100=DIRECTION('',(0.,0.,-1.));
#2101=DIRECTION('',(0.,-1.,0.));
#2102=DIRECTION('',(0.,-1.,0.));
#2103=DIRECTION('',(0.,1.,0.));
#2104=DIRECTION('',(0.,0.,1.));
#2105=DIRECTION('',(0.,1.,0.));
#2106=DIRECTION('',(0.,0.,1.));
#2107=DIRECTION('',(1.,0.,0.));
#2108=DIRECTION('',(0.,0.,1.));
#2109=DIRECTION('',(-1.,0.,0.));
#2110=DIRECTION('',(0.,0.,1.));
#2111=DIRECTION('',(0.,0.,1.));
#2112=DIRECTION('',(-1.,0.,0.));
#2113=DIRECTION('',(0.,0.,-1.));
#2114=DIRECTION('',(-1.,0.,0.));
#2115=DIRECTION('',(0.,0.,-1.));
#2116=DIRECTION('',(1.,0.,0.));
#2117=DIRECTION('',(0.,0.,1.));
#2118=DIRECTION('',(0.,0.,1.));
#2119=DIRECTION('',(-1.,0.,0.));
#2120=DIRECTION('',(0.,0.,1.));
#2121=DIRECTION('',(1.,0.,0.));
#2122=DIRECTION('',(0.,0.,-1.));
#2123=DIRECTION('',(-1.,0.,0.));
#2124=DIRECTION('',(0.,0.,-1.));
#2125=DIRECTION('',(1.,0.,0.));
#2126=DIRECTION('',(0.,0.,-1.));
#2127=DIRECTION('',(-1.,0.,0.));
#2128=DIRECTION('',(0.,0.,1.));
#2129=DIRECTION('',(1.,0.,0.));
#2130=DIRECTION('',(-1.,0.,0.));
#2131=DIRECTION('',(0.,0.,1.));
#2132=DIRECTION('',(1.,0.,0.));
#2133=DIRECTION('',(0.,0.,-1.));
#2134=DIRECTION('',(-1.,0.,0.));
#2135=DIRECTION('',(1.,0.,0.));
#2136=DIRECTION('',(0.,0.,-1.));
#2137=DIRECTION('',(0.,-1.,0.));
#2138=DIRECTION('',(0.,0.,-1.));
#2139=DIRECTION('',(0.,0.,-1.));
#2140=DIRECTION('',(-1.,0.,0.));
#2141=DIRECTION('',(0.,0.,-1.));
#2142=DIRECTION('',(-1.,0.,0.));
#2143=DIRECTION('',(-1.,-6.12323399573677E-17,0.));
#2144=DIRECTION('',(6.12323399573677E-17,-1.,0.));
#2145=DIRECTION('',(-1.,-6.12323399573677E-17,0.));
#2146=DIRECTION('',(6.12323399573677E-17,-1.,0.));
#2147=DIRECTION('',(6.12323399573677E-17,-1.,0.));
#2148=DIRECTION('',(0.,0.,1.));
#2149=DIRECTION('',(0.,-1.,0.));
#2150=DIRECTION('',(1.,1.22464679914735E-16,0.));
#2151=DIRECTION('',(-1.22464679914735E-16,1.,0.));
#2152=DIRECTION('',(1.,1.22464679914735E-16,0.));
#2153=DIRECTION('',(-1.22464679914735E-16,1.,0.));
#2154=DIRECTION('',(0.,1.,0.));
#2155=DIRECTION('',(0.,0.,1.));
#2156=DIRECTION('',(0.,-1.,0.));
#2157=DIRECTION('',(0.,0.,-1.));
#2158=DIRECTION('',(1.22464679914735E-16,-1.,0.));
#2159=DIRECTION('',(0.,0.,-1.));
#2160=DIRECTION('',(0.,-1.,0.));
#2161=DIRECTION('',(1.,1.22464679914735E-16,0.));
#2162=DIRECTION('',(-1.22464679914735E-16,1.,0.));
#2163=DIRECTION('',(0.,-1.,0.));
#2164=DIRECTION('',(0.,0.,1.));
#2165=DIRECTION('',(-1.22464679914735E-16,1.,0.));
#2166=DIRECTION('',(0.,0.,-1.));
#2167=DIRECTION('',(-1.,0.,0.));
#2168=DIRECTION('',(0.,0.,1.));
#2169=DIRECTION('',(0.,0.,1.));
#2170=DIRECTION('',(0.,1.,0.));
#2171=DIRECTION('',(0.,0.,1.));
#2172=DIRECTION('',(-1.,0.,0.));
#2173=DIRECTION('',(0.,0.,1.));
#2174=DIRECTION('',(0.,0.,1.));
#2175=DIRECTION('',(1.,0.,0.));
#2176=DIRECTION('',(1.,0.,0.));
#2177=DIRECTION('',(0.,1.,0.));
#2178=DIRECTION('',(1.,0.,0.));
#2179=DIRECTION('',(0.,-1.,0.));
#2180=DIRECTION('',(0.,0.,-1.));
#2181=DIRECTION('',(0.,0.,-1.));
#2182=DIRECTION('',(-1.,0.,0.));
#2183=DIRECTION('',(0.,0.,-1.));
#2184=DIRECTION('',(-1.,0.,0.));
#2185=DIRECTION('',(0.,-1.,0.));
#2186=DIRECTION('',(0.,0.,-1.));
#2187=DIRECTION('',(1.,0.,-5.89614160691836E-16));
#2188=DIRECTION('',(0.,0.,-1.));
#2189=DIRECTION('',(-1.,0.,0.));
#2190=DIRECTION('',(0.,0.,1.));
#2191=DIRECTION('',(-7.2280144832367E-16,0.,1.));
#2192=DIRECTION('',(0.,1.,0.));
#2193=DIRECTION('',(0.,0.,1.));
#2194=DIRECTION('',(1.,0.,0.));
#2195=DIRECTION('',(0.,1.,0.));
#2196=DIRECTION('',(0.,0.,1.));
#2197=DIRECTION('',(-7.2280144832367E-16,0.,-1.));
#2198=DIRECTION('',(0.,1.,0.));
#2199=DIRECTION('',(0.,0.,1.));
#2200=DIRECTION('',(-1.,0.,0.));
#2201=DIRECTION('',(0.,1.,0.));
#2202=DIRECTION('',(0.,0.,1.));
#2203=DIRECTION('',(0.,0.,1.));
#2204=DIRECTION('',(0.,-1.,0.));
#2205=DIRECTION('',(0.,0.,-1.));
#2206=DIRECTION('',(1.,0.,0.));
#2207=DIRECTION('',(0.,-1.,0.));
#2208=DIRECTION('',(0.,0.,-1.));
#2209=DIRECTION('',(-1.,0.,0.));
#2210=DIRECTION('',(0.,0.,1.));
#2211=DIRECTION('',(1.,0.,0.));
#2212=DIRECTION('',(1.,1.22464679914735E-16,0.));
#2213=DIRECTION('',(-1.22464679914735E-16,1.,0.));
#2214=DIRECTION('',(1.,1.22464679914735E-16,0.));
#2215=DIRECTION('',(-1.22464679914735E-16,1.,0.));
#2216=DIRECTION('',(0.,-1.,0.));
#2217=DIRECTION('',(0.,0.,-1.));
#2218=DIRECTION('',(-1.22464679914735E-16,1.,0.));
#2219=DIRECTION('',(1.,0.,0.));
#2220=DIRECTION('',(0.,0.,-1.));
#2221=DIRECTION('',(-1.,0.,0.));
#2222=DIRECTION('',(0.,0.,1.));
#2223=DIRECTION('',(-1.,0.,0.));
#2224=DIRECTION('',(0.,0.,1.));
#2225=DIRECTION('',(-1.,0.,0.));
#2226=DIRECTION('',(0.,0.,1.));
#2227=DIRECTION('',(-1.,0.,0.));
#2228=DIRECTION('',(0.,0.,1.));
#2229=DIRECTION('',(0.,0.,1.));
#2230=DIRECTION('',(1.,0.,0.));
#2231=DIRECTION('',(0.,-1.,0.));
#2232=DIRECTION('',(-1.,-1.22464679914735E-16,0.));
#2233=DIRECTION('',(-1.22464679914735E-16,1.,0.));
#2234=DIRECTION('',(0.,0.,1.));
#2235=DIRECTION('',(1.,0.,0.));
#2236=DIRECTION('',(-1.,0.,0.));
#2237=DIRECTION('',(0.,0.,1.));
#2238=DIRECTION('',(1.,0.,0.));
#2239=DIRECTION('',(6.12323399573677E-17,-1.,0.));
#2240=DIRECTION('',(0.,0.,1.));
#2241=DIRECTION('',(1.,0.,0.));
#2242=DIRECTION('',(1.,0.,0.));
#2243=DIRECTION('',(0.,0.,1.));
#2244=DIRECTION('',(1.,0.,0.));
#2245=DIRECTION('',(-1.22464679914735E-16,1.,0.));
#2246=DIRECTION('',(-1.,-1.22464679914735E-16,0.));
#2247=DIRECTION('',(0.,-1.,0.));
#2248=DIRECTION('',(1.,0.,0.));
#2249=DIRECTION('',(0.,0.,-1.));
#2250=DIRECTION('',(-1.,0.,0.));
#2251=DIRECTION('',(7.04885605841856E-17,1.,0.));
#2252=DIRECTION('',(0.,0.,-1.));
#2253=DIRECTION('',(-1.,0.,0.));
#2254=DIRECTION('',(1.,0.,0.));
#2255=DIRECTION('',(0.,0.,-1.));
#2256=DIRECTION('',(-1.,0.,0.));
#2257=DIRECTION('',(3.17198522628835E-16,1.,0.));
#2258=DIRECTION('',(0.,0.,-1.));
#2259=DIRECTION('',(-1.,0.,0.));
#2260=DIRECTION('',(1.,0.,0.));
#2261=DIRECTION('',(0.,0.,-1.));
#2262=DIRECTION('',(-1.,0.,0.));
#2263=DIRECTION('',(1.,0.,0.));
#2264=DIRECTION('',(6.12323399573677E-17,-1.,0.));
#2265=DIRECTION('',(-1.,0.,0.));
#2266=DIRECTION('',(-1.22464679914735E-16,1.,0.));
#2267=DIRECTION('',(-1.,0.,0.));
#2268=DIRECTION('',(0.,0.,1.));
#2269=DIRECTION('',(0.928476690885259,0.371390676354103,0.));
#2270=DIRECTION('',(0.371390676354103,-0.928476690885259,0.));
#2271=DIRECTION('',(0.928476690885259,-0.371390676354103,0.));
#2272=DIRECTION('',(-0.371390676354103,-0.928476690885259,0.));
#2273=DIRECTION('',(0.,-1.,0.));
#2274=DIRECTION('',(0.,0.,-1.));
#2275=DIRECTION('',(0.,0.,-1.));
#2276=DIRECTION('',(-1.,0.,0.));
#2277=DIRECTION('',(0.,0.,-1.));
#2278=DIRECTION('',(-1.22464679914735E-16,1.,0.));
#2279=DIRECTION('',(-1.,-1.22464679914735E-16,0.));
#2280=DIRECTION('',(-1.22464679914735E-16,1.,0.));
#2281=DIRECTION('',(-0.371390676354101,-0.928476690885261,0.));
#2282=DIRECTION('',(-0.928476690885261,0.371390676354101,0.));
#2283=DIRECTION('',(0.371390676354103,-0.92847669088526,0.));
#2284=DIRECTION('',(-0.92847669088526,-0.371390676354103,0.));
#2285=DIRECTION('',(-1.,-1.22464679914735E-16,0.));
#2286=DIRECTION('',(1.22464679914735E-16,-1.,0.));
#2287=DIRECTION('',(-1.,-1.22464679914735E-16,0.));
#2288=DIRECTION('',(1.22464679914735E-16,-1.,0.));
#2289=DIRECTION('',(0.,0.,-1.));
#2290=DIRECTION('',(0.,0.,-1.));
#2291=DIRECTION('',(0.,0.,-1.));
#2292=DIRECTION('',(1.22464679914735E-16,-1.,0.));
#2293=DIRECTION('',(0.,0.,-1.));
#2294=DIRECTION('',(-1.,-6.12323399573677E-17,0.));
#2295=DIRECTION('',(6.12323399573677E-17,-1.,0.));
#2296=DIRECTION('',(-1.,-6.12323399573677E-17,0.));
#2297=DIRECTION('',(6.12323399573677E-17,-1.,0.));
#2298=DIRECTION('',(0.,-1.,0.));
#2299=DIRECTION('',(0.,0.,1.));
#2300=DIRECTION('',(0.,0.,1.));
#2301=DIRECTION('',(0.,1.,0.));
#2302=DIRECTION('',(6.12323399573677E-17,-1.,0.));
#2303=DIRECTION('',(1.,6.12323399573677E-17,0.));
#2304=DIRECTION('',(-0.371390676354103,0.928476690885259,0.));
#2305=DIRECTION('',(0.928476690885259,0.371390676354103,0.));
#2306=DIRECTION('',(6.12323399573677E-17,-1.,0.));
#2307=DIRECTION('',(0.371390676354103,0.92847669088526,0.));
#2308=DIRECTION('',(0.92847669088526,-0.371390676354103,0.));
#2309=DIRECTION('',(1.,6.12323399573677E-17,0.));
#2310=DIRECTION('',(-6.12323399573677E-17,1.,0.));
#2311=DIRECTION('',(1.,6.12323399573677E-17,0.));
#2312=DIRECTION('',(-6.12323399573677E-17,1.,0.));
#2313=DIRECTION('',(0.,0.,-1.));
#2314=DIRECTION('',(0.,0.,-1.));
#2315=DIRECTION('',(1.,0.,0.));
#2316=DIRECTION('',(0.,0.,-1.));
#2317=DIRECTION('',(-0.92847669088526,-0.371390676354103,0.));
#2318=DIRECTION('',(-0.371390676354103,0.92847669088526,0.));
#2319=DIRECTION('',(1.,0.,0.));
#2320=DIRECTION('',(-0.92847669088526,0.371390676354103,0.));
#2321=DIRECTION('',(0.371390676354103,0.92847669088526,0.));
#2322=DIRECTION('',(0.,1.,0.));
#2323=DIRECTION('',(0.,0.,1.));
#2324=DIRECTION('',(0.,0.,-1.));
#2325=DIRECTION('',(-1.,0.,0.));
#2326=DIRECTION('',(0.,0.,-1.));
#2327=DIRECTION('',(-1.,0.,0.));
#2328=DIRECTION('',(0.,1.,0.));
#2329=DIRECTION('',(0.,0.,1.));
#2330=DIRECTION('',(0.,1.,0.));
#2331=DIRECTION('',(0.,0.,1.));
#2332=DIRECTION('',(1.,0.,0.));
#2333=DIRECTION('',(0.,1.,0.));
#2334=DIRECTION('',(0.,0.,1.));
#2335=DIRECTION('',(-7.2280144832367E-16,0.,1.));
#2336=DIRECTION('',(0.,1.,0.));
#2337=DIRECTION('',(0.,0.,1.));
#2338=DIRECTION('',(-1.,0.,0.));
#2339=DIRECTION('',(0.,1.,0.));
#2340=DIRECTION('',(0.,0.,1.));
#2341=DIRECTION('',(-7.2280144832367E-16,0.,-1.));
#2342=DIRECTION('',(1.,0.,-5.89614160691836E-16));
#2343=DIRECTION('',(0.,0.,1.));
#2344=DIRECTION('',(-1.,0.,0.));
#2345=DIRECTION('',(0.,0.,-1.));
#2346=DIRECTION('',(0.,0.,-1.));
#2347=DIRECTION('',(0.,0.,-1.));
#2348=DIRECTION('',(0.,0.,1.));
#2349=DIRECTION('',(1.,0.,0.));
#2350=DIRECTION('',(0.,1.,0.));
#2351=DIRECTION('',(0.,1.,0.));
#2352=DIRECTION('',(0.,1.,0.));
#2353=DIRECTION('',(0.,0.,1.));
#2354=DIRECTION('',(0.,1.,0.));
#2355=DIRECTION('',(1.,0.,-7.2280144832367E-16));
#2356=DIRECTION('',(-7.2280144832367E-16,0.,-1.));
#2357=DIRECTION('',(0.,1.,0.));
#2358=DIRECTION('',(0.,1.,0.));
#2359=DIRECTION('',(0.,0.,1.));
#2360=DIRECTION('',(0.,1.,0.));
#2361=DIRECTION('',(0.,0.,-1.));
#2362=DIRECTION('',(-1.,0.,0.));
#2363=DIRECTION('',(0.,1.,0.));
#2364=DIRECTION('',(0.,1.,0.));
#2365=DIRECTION('',(0.,0.,1.));
#2366=DIRECTION('',(0.,1.,0.));
#2367=DIRECTION('',(-1.,0.,-7.2280144832367E-16));
#2368=DIRECTION('',(-7.2280144832367E-16,0.,1.));
#2369=DIRECTION('',(0.,1.,0.));
#2370=DIRECTION('',(0.,1.,0.));
#2371=DIRECTION('',(0.,0.,1.));
#2372=DIRECTION('',(5.89614160691836E-16,0.,1.));
#2373=DIRECTION('',(1.,0.,-5.89614160691836E-16));
#2374=DIRECTION('',(0.,1.,0.));
#2375=DIRECTION('',(0.,1.,0.));
#2376=DIRECTION('',(1.,0.,0.));
#2377=DIRECTION('',(0.,0.,-1.));
#2378=DIRECTION('',(0.,1.,0.));
#2379=DIRECTION('',(0.,0.,-1.));
#2380=DIRECTION('',(-1.,0.,0.));
#2381=DIRECTION('',(0.,1.,0.));
#2382=DIRECTION('',(-1.,0.,0.));
#2383=DIRECTION('',(0.,0.,1.));
#2384=DIRECTION('',(-1.22464679914735E-16,1.,0.));
#2385=DIRECTION('',(-1.,-1.22464679914735E-16,0.));
#2386=DIRECTION('',(-1.22464679914735E-16,1.,0.));
#2387=DIRECTION('',(-1.,-1.22464679914735E-16,0.));
#2388=DIRECTION('',(-1.,-1.22464679914735E-16,0.));
#2389=DIRECTION('',(0.,0.,-1.));
#2390=DIRECTION('',(-1.,0.,0.));
#2391=DIRECTION('',(-1.,-1.22464679914735E-16,0.));
#2392=DIRECTION('',(-1.22464679914735E-16,1.,0.));
#2393=DIRECTION('',(-1.,-1.22464679914735E-16,0.));
#2394=DIRECTION('',(-1.22464679914735E-16,1.,0.));
#2395=DIRECTION('',(-1.,-1.22464679914735E-16,0.));
#2396=DIRECTION('',(-1.,0.,0.));
#2397=DIRECTION('',(0.,0.,1.));
#2398=DIRECTION('',(0.,1.,0.));
#2399=DIRECTION('',(0.,0.,-1.));
#2400=DIRECTION('',(-1.,0.,0.));
#2401=DIRECTION('',(-1.,0.,0.));
#2402=DIRECTION('',(0.,0.,1.));
#2403=DIRECTION('',(0.,0.,1.));
#2404=DIRECTION('',(0.,1.,0.));
#2405=DIRECTION('',(0.,0.,1.));
#2406=DIRECTION('',(1.,0.,0.));
#2407=DIRECTION('',(1.,0.,0.));
#2408=DIRECTION('',(0.,-1.,0.));
#2409=DIRECTION('',(0.,0.,-1.));
#2410=DIRECTION('',(0.,-1.,0.));
#2411=DIRECTION('',(0.,0.,-1.));
#2412=DIRECTION('',(0.,-1.,0.));
#2413=DIRECTION('',(0.,0.,-1.));
#2414=DIRECTION('',(0.,-1.,0.));
#2415=DIRECTION('',(0.,0.,-1.));
#2416=DIRECTION('',(0.,-1.,0.));
#2417=DIRECTION('',(0.,0.,-1.));
#2418=DIRECTION('',(0.,0.,-1.));
#2419=DIRECTION('',(-1.,0.,0.));
#2420=DIRECTION('',(0.,0.,-1.));
#2421=DIRECTION('',(-1.,0.,0.));
#2422=DIRECTION('',(0.,0.,-1.));
#2423=DIRECTION('',(-1.,0.,0.));
#2424=DIRECTION('',(0.,0.,-1.));
#2425=DIRECTION('',(-1.,0.,0.));
#2426=DIRECTION('',(0.,0.,-1.));
#2427=DIRECTION('',(-1.,0.,0.));
#2428=DIRECTION('',(0.,0.,-1.));
#2429=DIRECTION('',(0.,0.,-1.));
#2430=DIRECTION('',(-1.,0.,0.));
#2431=DIRECTION('',(0.,0.,-1.));
#2432=DIRECTION('',(-1.,0.,0.));
#2433=DIRECTION('',(0.,0.,-1.));
#2434=DIRECTION('',(0.,0.,-1.));
#2435=DIRECTION('',(-1.,0.,0.));
#2436=DIRECTION('',(0.,0.,-1.));
#2437=DIRECTION('',(0.,0.,-1.));
#2438=DIRECTION('',(-1.,0.,0.));
#2439=DIRECTION('',(-1.,0.,0.));
#2440=DIRECTION('',(0.,0.,1.));
#2441=DIRECTION('',(1.,0.,0.));
#2442=DIRECTION('',(0.,0.,-1.));
#2443=DIRECTION('',(-1.,1.44560289664734E-15,1.68139515549576E-17));
#2444=DIRECTION('',(-1.44560289664734E-15,-1.,0.));
#2445=DIRECTION('',(-1.,1.44560289664734E-15,-1.68139515549576E-17));
#2446=DIRECTION('',(-1.44560289664734E-15,-1.,0.));
#2447=DIRECTION('',(1.,0.,0.));
#2448=DIRECTION('',(0.,0.,-1.));
#2449=DIRECTION('',(0.,0.,-1.));
#2450=DIRECTION('',(0.,1.,0.));
#2451=DIRECTION('',(0.,0.,-1.));
#2452=DIRECTION('',(-1.,0.,0.));
#2453=DIRECTION('',(0.,1.,0.));
#2454=DIRECTION('',(-1.,0.,0.));
#2455=DIRECTION('',(1.,0.,0.));
#2456=DIRECTION('',(0.,0.,-1.));
#2457=DIRECTION('',(0.,0.,-1.));
#2458=DIRECTION('',(0.,1.,0.));
#2459=DIRECTION('',(-1.,0.,0.));
#2460=DIRECTION('',(-1.,0.,0.));
#2461=DIRECTION('',(0.,0.,1.));
#2462=DIRECTION('',(0.,0.,1.));
#2463=DIRECTION('',(0.,-1.,0.));
#2464=DIRECTION('',(0.,0.,-1.));
#2465=DIRECTION('',(0.,0.,1.));
#2466=DIRECTION('',(-1.,0.,0.));
#2467=DIRECTION('',(0.,0.,1.));
#2468=DIRECTION('',(-1.,-1.22464679914735E-16,0.));
#2469=DIRECTION('',(1.22464679914735E-16,-1.,0.));
#2470=DIRECTION('',(-1.,-1.22464679914735E-16,0.));
#2471=DIRECTION('',(1.22464679914735E-16,-1.,0.));
#2472=DIRECTION('',(0.,1.,0.));
#2473=DIRECTION('',(0.,0.,1.));
#2474=DIRECTION('',(1.,0.,0.));
#2475=DIRECTION('',(0.,0.,-1.));
#2476=DIRECTION('',(0.,1.,0.));
#2477=DIRECTION('',(0.,1.,0.));
#2478=DIRECTION('',(0.,0.,-1.));
#2479=DIRECTION('',(-1.,0.,0.));
#2480=DIRECTION('',(0.,1.,0.));
#2481=DIRECTION('',(0.,0.,-1.));
#2482=DIRECTION('',(-1.,0.,0.));
#2483=DIRECTION('',(0.,1.,0.));
#2484=DIRECTION('',(1.,0.,0.));
#2485=DIRECTION('',(0.,0.,-1.));
#2486=DIRECTION('',(-1.,7.04885605841856E-17,0.));
#2487=DIRECTION('',(-7.04885605841856E-17,-1.,0.));
#2488=DIRECTION('',(0.,0.,-1.));
#2489=DIRECTION('',(0.,0.,-1.));
#2490=DIRECTION('',(0.,1.,0.));
#2491=DIRECTION('',(0.,0.,1.));
#2492=DIRECTION('',(0.,0.,-1.));
#2493=DIRECTION('',(0.,0.,-1.));
#2494=DIRECTION('',(0.,0.,-1.));
#2495=DIRECTION('',(1.,0.,0.));
#2496=DIRECTION('',(0.,0.,-1.));
#2497=DIRECTION('',(0.,1.,0.));
#2498=DIRECTION('',(0.,0.,1.));
#2499=DIRECTION('',(0.,0.,-1.));
#2500=DIRECTION('',(0.,0.,-1.));
#2501=DIRECTION('',(1.,0.,0.));
#2502=DIRECTION('',(0.,0.,-1.));
#2503=DIRECTION('',(0.,0.,-1.));
#2504=DIRECTION('',(-1.,3.17198522628835E-16,0.));
#2505=DIRECTION('',(-3.17198522628835E-16,-1.,0.));
#2506=DIRECTION('',(0.,0.,-1.));
#2507=DIRECTION('',(0.,0.,-1.));
#2508=DIRECTION('',(1.,0.,0.));
#2509=DIRECTION('',(0.,0.,-1.));
#2510=DIRECTION('',(0.,0.,-1.));
#2511=DIRECTION('',(0.,-1.,0.));
#2512=DIRECTION('',(0.,1.,0.));
#2513=DIRECTION('',(0.,0.,1.));
#2514=DIRECTION('',(0.,0.,-1.));
#2515=DIRECTION('',(1.,0.,0.));
#2516=DIRECTION('',(1.,0.,0.));
#2517=DIRECTION('',(0.,0.,-1.));
#2518=DIRECTION('',(0.,-1.,0.));
#2519=DIRECTION('',(0.,0.,1.));
#2520=DIRECTION('',(1.,0.,0.));
#2521=DIRECTION('',(-1.,0.,0.));
#2522=DIRECTION('',(0.,0.,1.));
#2523=DIRECTION('',(0.,1.,0.));
#2524=DIRECTION('',(0.,0.,-1.));
#2525=DIRECTION('',(-1.,0.,0.));
#2526=DIRECTION('',(0.,0.,1.));
#2527=DIRECTION('',(0.,0.,-1.));
#2528=DIRECTION('',(0.,1.,0.));
#2529=DIRECTION('',(0.,1.,0.));
#2530=DIRECTION('',(0.,0.,1.));
#2531=DIRECTION('',(1.,0.,0.));
#2532=DIRECTION('',(0.,0.,1.));
#2533=DIRECTION('',(1.,0.,0.));
#2534=DIRECTION('',(0.,0.,1.));
#2535=DIRECTION('',(1.,0.,0.));
#2536=DIRECTION('',(0.,0.,-1.));
#2537=DIRECTION('',(-1.,0.,0.));
#2538=DIRECTION('',(0.,0.,1.));
#2539=DIRECTION('',(1.,0.,0.));
#2540=DIRECTION('',(0.,0.,-1.));
#2541=DIRECTION('',(-1.,0.,0.));
#2542=CARTESIAN_POINT('',(0.,0.,0.));
#2543=CARTESIAN_POINT('',(0.020496510062235,-0.0305003870953624,-0.010100099000001));
#2544=CARTESIAN_POINT('',(0.020496510062235,-0.0319955,-0.010100099000001));
#2545=CARTESIAN_POINT('',(0.017246510062235,-0.0319955,-0.010100099000001));
#2546=CARTESIAN_POINT('',(-0.01297848993776,-0.0319955,-0.010100099000001));
#2547=CARTESIAN_POINT('',(0.017246510062235,-0.0329975,-0.010100099000001));
#2548=CARTESIAN_POINT('',(0.017246510062235,-0.0269518360787405,-0.010100099000001));
#2549=CARTESIAN_POINT('',(0.017996510062235,-0.0269518360787405,-0.010100099000001));
#2550=CARTESIAN_POINT('',(0.018746510062235,-0.0269518360787405,-0.010100099000001));
#2551=CARTESIAN_POINT('',(0.018746510062235,-0.000467018687030196,-0.010100099000001));
#2552=CARTESIAN_POINT('',(0.018746510062235,0.0260177987046801,-0.010100099000001));
#2553=CARTESIAN_POINT('',(0.017996510062235,0.0260177987046801,-0.010100099000001));
#2554=CARTESIAN_POINT('',(0.017246510062235,0.0260177987046801,-0.010100099000001));
#2555=CARTESIAN_POINT('',(0.017246510062235,-0.0329975,-0.010100099000001));
#2556=CARTESIAN_POINT('',(0.017246510062235,0.0284945,-0.010100099000001));
#2557=CARTESIAN_POINT('',(-0.01622848993776,0.0284945,-0.010100099000001));
#2558=CARTESIAN_POINT('',(-0.01297848993776,0.0284945,-0.010100099000001));
#2559=CARTESIAN_POINT('',(-0.01297848993776,-0.0329975,-0.010100099000001));
#2560=CARTESIAN_POINT('',(-0.011708489937765,-0.0161976644953489,-0.010100099000001));
#2561=CARTESIAN_POINT('',(-0.011708489937765,-0.0133605,-0.010100099000001));
#2562=CARTESIAN_POINT('',(-0.011708489937765,-0.0190348289906979,-0.010100099000001));
#2563=CARTESIAN_POINT('',(0.020496510062235,-0.0133605,-0.010100099000001));
#2564=CARTESIAN_POINT('',(-0.010208489937765,-0.0133605,-0.010100099000001));
#2565=CARTESIAN_POINT('',(-0.010208489937765,-0.0118605,-0.010100099000001));
#2566=CARTESIAN_POINT('',(-0.011708489937765,-0.0118605,-0.010100099000001));
#2567=CARTESIAN_POINT('',(-0.011708489937765,-0.0010555,-0.010100099000001));
#2568=CARTESIAN_POINT('',(-0.011708489937765,0.0097495,-0.010100099000001));
#2569=CARTESIAN_POINT('',(-0.010208489937765,0.0097495,-0.010100099000001));
#2570=CARTESIAN_POINT('',(-0.010208489937765,0.0112495,-0.010100099000001));
#2571=CARTESIAN_POINT('',(-0.009183489937765,0.0112495,-0.010100099000001));
#2572=CARTESIAN_POINT('',(-0.011708489937765,0.0112495,-0.010100099000001));
#2573=CARTESIAN_POINT('',(-0.011708489937765,0.0143913201285005,-0.010100099000001));
#2574=CARTESIAN_POINT('',(-0.011708489937765,0.0175331402570009,-0.010100099000001));
#2575=CARTESIAN_POINT('',(-0.009183489937765,0.0175331402570009,-0.010100099000001));
#2576=CARTESIAN_POINT('',(-0.006658489937765,0.0175331402570009,-0.010100099000001));
#2577=CARTESIAN_POINT('',(-0.006658489937765,0.0143913201285005,-0.010100099000001));
#2578=CARTESIAN_POINT('',(-0.006658489937765,0.0112495,-0.010100099000001));
#2579=CARTESIAN_POINT('',(-0.009183489937765,0.0112495,-0.010100099000001));
#2580=CARTESIAN_POINT('',(-0.008158489937765,0.0112495,-0.010100099000001));
#2581=CARTESIAN_POINT('',(-0.008158489937765,0.0097495,-0.010100099000001));
#2582=CARTESIAN_POINT('',(-0.006658489937765,0.0097495,-0.010100099000001));
#2583=CARTESIAN_POINT('',(-0.006658489937765,-0.0010555,-0.010100099000001));
#2584=CARTESIAN_POINT('',(-0.00665848993776501,-0.0118605,-0.010100099000001));
#2585=CARTESIAN_POINT('',(-0.00815848993776501,-0.0118605,-0.010100099000001));
#2586=CARTESIAN_POINT('',(-0.00815848993776501,-0.0133605,-0.010100099000001));
#2587=CARTESIAN_POINT('',(0.020496510062235,-0.0133605,-0.010100099000001));
#2588=CARTESIAN_POINT('',(-0.00665848993776501,-0.0133605,-0.010100099000001));
#2589=CARTESIAN_POINT('',(-0.006658489937765,-0.0161976644953489,-0.010100099000001));
#2590=CARTESIAN_POINT('',(-0.006658489937765,-0.0190348289906979,-0.010100099000001));
#2591=CARTESIAN_POINT('',(-0.009183489937765,-0.0190348289906979,-0.010100099000001));
#2592=CARTESIAN_POINT('',(-0.01447848993776,0.0294965,0.002910098999999));
#2593=CARTESIAN_POINT('',(-0.01447848993776,0.0294965,0.002610098999999));
#2594=CARTESIAN_POINT('',(-0.01447848993776,-0.031444783956064,0.002610098999999));
#2595=CARTESIAN_POINT('',(-0.01447848993776,-0.0329955,0.002610098999999));
#2596=CARTESIAN_POINT('',(-0.01447848993776,-0.031444783956064,0.002610098999999));
#2597=CARTESIAN_POINT('',(-0.0146382278281357,-0.031444783956064,0.002610098999999));
#2598=CARTESIAN_POINT('',(-0.0149187193003379,-0.0315334200401863,0.00291205904203902));
#2599=CARTESIAN_POINT('',(-0.01463828691927,-0.0314217580547927,0.003210098999999));
#2600=CARTESIAN_POINT('',(-0.01447848993776,-0.0314217580547927,0.003210098999999));
#2601=CARTESIAN_POINT('',(-0.01447848993776,-0.0314217580547927,0.003210098999999));
#2602=CARTESIAN_POINT('',(-0.01447848993776,0.0294965,0.003210098999999));
#2603=CARTESIAN_POINT('',(-0.01447848993776,-0.0329955,0.003210098999999));
#2604=CARTESIAN_POINT('',(-0.01447848993776,-0.0329955,0.002910098999999));
#2605=CARTESIAN_POINT('',(0.018746510062235,0.0294965,0.002910098999999));
#2606=CARTESIAN_POINT('',(0.018746510062235,0.0294965,0.00321009899999901));
#2607=CARTESIAN_POINT('',(0.018746510062235,-0.0314217580547927,0.00321009899999901));
#2608=CARTESIAN_POINT('',(0.018746510062235,-0.0329955,0.00321009899999901));
#2609=CARTESIAN_POINT('',(0.018746510062235,-0.0314217580547927,0.00321009899999901));
#2610=CARTESIAN_POINT('',(0.0189062750410946,-0.0314217580547927,0.00321009899999901));
#2611=CARTESIAN_POINT('',(0.0191867490981307,-0.0315333733577538,0.00291329752584895));
#2612=CARTESIAN_POINT('',(0.0189062499605169,-0.031444783956064,0.002610098999999));
#2613=CARTESIAN_POINT('',(0.018746510062235,-0.031444783956064,0.002610098999999));
#2614=CARTESIAN_POINT('',(0.018746510062235,-0.031444783956064,0.002610098999999));
#2615=CARTESIAN_POINT('',(0.018746510062235,0.0294965,0.002610098999999));
#2616=CARTESIAN_POINT('',(0.018746510062235,-0.0329955,0.002610098999999));
#2617=CARTESIAN_POINT('',(0.018746510062235,-0.0329955,0.002910098999999));
#2618=CARTESIAN_POINT('',(0.020496510062235,-0.0329955,0.0022050494999995));
#2619=CARTESIAN_POINT('',(0.00222999276593331,-0.0329955,0.00293760475117483));
#2620=CARTESIAN_POINT('',(0.0167050948366523,-0.0329955,0.00293760475117483));
#2621=CARTESIAN_POINT('',(0.0014080487890169,-0.0329955,0.00293760475117483));
#2622=CARTESIAN_POINT('',(0.0014080487890169,-0.0329955,-0.011602099000001));
#2623=CARTESIAN_POINT('',(0.0014080487890169,-0.0329955,0.004410098999999));
#2624=CARTESIAN_POINT('',(0.020496510062235,-0.0329955,0.004410098999999));
#2625=CARTESIAN_POINT('',(0.018746510062235,-0.0329955,0.004410098999999));
#2626=CARTESIAN_POINT('',(0.018746510062235,-0.0329955,0.0022050494999995));
#2627=CARTESIAN_POINT('',(0.018746510062235,-0.0329955,0.0022050494999995));
#2628=CARTESIAN_POINT('',(0.018746510062235,-0.0329955,-0.002600099000001));
#2629=CARTESIAN_POINT('',(0.017996510062235,-0.0329955,-0.002600099000001));
#2630=CARTESIAN_POINT('',(0.017246510062235,-0.0329955,-0.002600099000001));
#2631=CARTESIAN_POINT('',(0.017246510062235,-0.0329955,-0.006350099000001));
#2632=CARTESIAN_POINT('',(0.017246510062235,-0.0329955,-0.009100099000001));
#2633=CARTESIAN_POINT('',(0.020496510062235,-0.0329955,-0.009100099000001));
#2634=CARTESIAN_POINT('',(-0.01297848993776,-0.0329955,-0.009100099000001));
#2635=CARTESIAN_POINT('',(-0.01297848993776,-0.0329955,-0.006350099000001));
#2636=CARTESIAN_POINT('',(-0.01297848993776,-0.0329955,-0.002600099000001));
#2637=CARTESIAN_POINT('',(-0.01372848993776,-0.0329955,-0.002600099000001));
#2638=CARTESIAN_POINT('',(-0.01447848993776,-0.0329955,-0.002600099000001));
#2639=CARTESIAN_POINT('',(-0.01447848993776,-0.0329955,0.0022050494999995));
#2640=CARTESIAN_POINT('',(-0.01447848993776,-0.0329955,0.0022050494999995));
#2641=CARTESIAN_POINT('',(-0.01447848993776,-0.0329955,0.004410098999999));
#2642=CARTESIAN_POINT('',(0.020496510062235,-0.0329955,0.004410098999999));
#2643=CARTESIAN_POINT('',(-0.00315685383975506,-0.0329955,0.004410098999999));
#2644=CARTESIAN_POINT('',(-0.00315685383975506,-0.0329955,-0.011602099000001));
#2645=CARTESIAN_POINT('',(-0.00315685383975506,-0.0329955,0.00293760475117483));
#2646=CARTESIAN_POINT('',(0.00222999276593331,-0.0329955,0.00293760475117483));
#2647=CARTESIAN_POINT('',(-0.0122451093047857,-0.0329955,0.00293760475117483));
#2648=CARTESIAN_POINT('',(-0.0122451093047857,-0.0329955,-0.00266581188434292));
#2649=CARTESIAN_POINT('',(-0.0122451093047857,-0.0329955,-0.00835501495748758));
#2650=CARTESIAN_POINT('',(0.00222999276593331,-0.0329955,-0.00835501495748758));
#2651=CARTESIAN_POINT('',(0.0167050948366523,-0.0329955,-0.00835501495748758));
#2652=CARTESIAN_POINT('',(0.0167050948366523,-0.0329955,-0.00266581188434292));
#2653=CARTESIAN_POINT('',(0.00222999276593331,-0.0324955,0.00152339118880174));
#2654=CARTESIAN_POINT('',(-0.00315685383975506,-0.0324955,0.00152339118880174));
#2655=CARTESIAN_POINT('',(-0.00315685383975506,-0.0338885374367237,0.00207967052500451));
#2656=CARTESIAN_POINT('',(0.00222999276593331,-0.0338885374367237,0.00207967052500451));
#2657=CARTESIAN_POINT('',(0.0014080487890169,-0.0338885374367237,0.00207967052500451));
#2658=CARTESIAN_POINT('',(0.0014080487890169,-0.0324955,0.00152339118880174));
#2659=CARTESIAN_POINT('',(0.0167050948366523,-0.0324955,0.00152339118880174));
#2660=CARTESIAN_POINT('',(0.0167050948366523,-0.0339955,0.00152339118880174));
#2661=CARTESIAN_POINT('',(0.0167050948366523,-0.0339955,0.00152339118880174));
#2662=CARTESIAN_POINT('',(-0.0122451093047857,-0.0339955,0.00152339118880174));
#2663=CARTESIAN_POINT('',(-0.0122451093047857,-0.0324955,0.00152339118880174));
#2664=CARTESIAN_POINT('',(0.020496510062235,-0.0344955,-0.002345000000001));
#2665=CARTESIAN_POINT('',(0.018746510062235,-0.0344955,-0.002345000000001));
#2666=CARTESIAN_POINT('',(0.018746510062235,-0.0344955,-0.009100099000001));
#2667=CARTESIAN_POINT('',(0.018746510062235,-0.0344955,-0.0085604570790736));
#2668=CARTESIAN_POINT('',(0.018746510062235,-0.0344955,-0.0085604570790736));
#2669=CARTESIAN_POINT('',(0.0186956180200784,-0.0344955,-0.00865625521815725));
#2670=CARTESIAN_POINT('',(0.0186428553547992,-0.0344955,-0.00875103367617792));
#2671=CARTESIAN_POINT('',(0.0185886883512244,-0.0344955,-0.00884500000000099));
#2672=CARTESIAN_POINT('',(0.0185886883512245,-0.0344955,-0.008845000000001));
#2673=CARTESIAN_POINT('',(0.020496510062235,-0.0344955,-0.008845000000001));
#2674=CARTESIAN_POINT('',(-0.0143206682267494,-0.0344955,-0.008845000000001));
#2675=CARTESIAN_POINT('',(-0.01447848993776,-0.0344955,-0.00856045707907395));
#2676=CARTESIAN_POINT('',(-0.0144275978956035,-0.0344955,-0.00865625521815752));
#2677=CARTESIAN_POINT('',(-0.014374835230304,-0.0344955,-0.00875103367616641));
#2678=CARTESIAN_POINT('',(-0.0143206682267494,-0.0344955,-0.00884500000000095));
#2679=CARTESIAN_POINT('',(-0.01447848993776,-0.0344955,-0.00856045707907395));
#2680=CARTESIAN_POINT('',(-0.01447848993776,-0.0344955,-0.002345000000001));
#2681=CARTESIAN_POINT('',(-0.01447848993776,-0.0344955,-0.009100099000001));
#2682=CARTESIAN_POINT('',(0.020496510062235,-0.0344955,-0.009100099000001));
#2683=CARTESIAN_POINT('',(0.018746510062235,0.0312445,0.0022050494999995));
#2684=CARTESIAN_POINT('',(0.018746510062235,-0.0305589903146029,0.00287654716521501));
#2685=CARTESIAN_POINT('',(0.018746510062235,-0.029696222574413,0.00321009899999901));
#2686=CARTESIAN_POINT('',(0.018746510062235,0.0312445,0.004410098999999));
#2687=CARTESIAN_POINT('',(0.018746510062235,0.0294945,0.004410098999999));
#2688=CARTESIAN_POINT('',(0.018746510062235,0.0294945,0.0022050494999995));
#2689=CARTESIAN_POINT('',(0.018746510062235,0.0294945,0.00321009899999901));
#2690=CARTESIAN_POINT('',(0.018746510062235,0.0294965,0.00321009899999901));
#2691=CARTESIAN_POINT('',(-0.01447848993776,-0.0347455,0.0022050494999995));
#2692=CARTESIAN_POINT('',(-0.01447848993776,-0.0305589903146029,0.00287654716521501));
#2693=CARTESIAN_POINT('',(-0.01447848993776,-0.0296731966731417,0.002610098999999));
#2694=CARTESIAN_POINT('',(-0.01447848993776,-0.0329975,-0.002600099000001));
#2695=CARTESIAN_POINT('',(-0.01447848993776,0.0294945,-0.002600099000001));
#2696=CARTESIAN_POINT('',(-0.01447848993776,0.0294945,0.0022050494999995));
#2697=CARTESIAN_POINT('',(-0.01447848993776,0.0294945,0.002610098999999));
#2698=CARTESIAN_POINT('',(-0.01447848993776,0.0294965,0.002610098999999));
#2699=CARTESIAN_POINT('',(-0.01447848993776,-0.0128864077851176,0.002610098999999));
#2700=CARTESIAN_POINT('',(-0.01447848993776,-0.0128864077851176,0.0017938776846414));
#2701=CARTESIAN_POINT('',(-0.01447848993776,-0.0128864077851176,-0.000822343630716205));
#2702=CARTESIAN_POINT('',(-0.01447848993776,-0.0200225315056741,-0.000822343630716205));
#2703=CARTESIAN_POINT('',(-0.01447848993776,-0.0271586552262306,-0.000822343630716205));
#2704=CARTESIAN_POINT('',(-0.01447848993776,-0.0271586552262306,0.0017938776846414));
#2705=CARTESIAN_POINT('',(-0.01447848993776,-0.0271586552262306,0.002610098999999));
#2706=CARTESIAN_POINT('',(-0.01447848993776,0.0294965,0.002610098999999));
#2707=CARTESIAN_POINT('',(-0.01447848993776,-0.0347455,0.0022050494999995));
#2708=CARTESIAN_POINT('',(-0.01447848993776,0.0294965,0.003210098999999));
#2709=CARTESIAN_POINT('',(-0.01447848993776,0.0294945,0.003210098999999));
#2710=CARTESIAN_POINT('',(-0.01447848993776,-0.0128864077851176,0.003210098999999));
#2711=CARTESIAN_POINT('',(-0.01447848993776,0.0294945,0.0022050494999995));
#2712=CARTESIAN_POINT('',(-0.01447848993776,0.0294945,0.004410098999999));
#2713=CARTESIAN_POINT('',(-0.01447848993776,-0.0347455,0.004410098999999));
#2714=CARTESIAN_POINT('',(-0.01447848993776,-0.0128864077851176,0.004410098999999));
#2715=CARTESIAN_POINT('',(-0.01447848993776,-0.0128864077851176,0.0017938776846414));
#2716=CARTESIAN_POINT('',(0.017246510062235,-0.0329975,-0.006350099000001));
#2717=CARTESIAN_POINT('',(0.017246510062235,0.0260177987046801,-0.010102099000001));
#2718=CARTESIAN_POINT('',(0.017246510062235,0.0260177987046801,-0.002600099000001));
#2719=CARTESIAN_POINT('',(0.017246510062235,-0.0329975,-0.002600099000001));
#2720=CARTESIAN_POINT('',(0.017246510062235,0.0294945,-0.002600099000001));
#2721=CARTESIAN_POINT('',(0.017246510062235,0.0294945,-0.006350099000001));
#2722=CARTESIAN_POINT('',(0.017246510062235,0.0294945,-0.009100099000001));
#2723=CARTESIAN_POINT('',(0.017246510062235,0.0284945,-0.009100099000001));
#2724=CARTESIAN_POINT('',(0.017996510062235,-0.0329975,-0.002600099000001));
#2725=CARTESIAN_POINT('',(0.017996510062235,0.0260177987046801,-0.002600099000001));
#2726=CARTESIAN_POINT('',(0.018746510062235,0.0260177987046801,-0.002600099000001));
#2727=CARTESIAN_POINT('',(0.018746510062235,-0.0329975,-0.002600099000001));
#2728=CARTESIAN_POINT('',(0.018746510062235,0.0294945,-0.002600099000001));
#2729=CARTESIAN_POINT('',(0.017996510062235,0.0294945,-0.002600099000001));
#2730=CARTESIAN_POINT('',(-0.01622848993776,0.0294945,0.0022050494999995));
#2731=CARTESIAN_POINT('',(0.00431437743827707,0.0294945,0.000557388942979742));
#2732=CARTESIAN_POINT('',(0.00431437743827707,0.0294945,0.0010180416284129));
#2733=CARTESIAN_POINT('',(0.00431437743827707,0.0294945,9.67362575465813E-5));
#2734=CARTESIAN_POINT('',(0.00377986710565048,0.0294945,9.67362575465813E-5));
#2735=CARTESIAN_POINT('',(0.00324535677302389,0.0294945,9.67362575465813E-5));
#2736=CARTESIAN_POINT('',(0.00324535677302389,0.0294945,0.000557388942979742));
#2737=CARTESIAN_POINT('',(0.00324535677302389,0.0294945,0.0010180416284129));
#2738=CARTESIAN_POINT('',(0.00377986710565048,0.0294945,0.0010180416284129));
#2739=CARTESIAN_POINT('',(-0.0111080864444375,0.0294945,0.00301755336113274));
#2740=CARTESIAN_POINT('',(-0.0111080864444375,0.0294945,0.00211755336113274));
#2741=CARTESIAN_POINT('',(0.014032810062235,0.0294945,0.002789198999999));
#2742=CARTESIAN_POINT('',(0.010722910062235,0.0294945,0.00278919899999901));
#2743=CARTESIAN_POINT('',(0.015136110062235,0.0294945,0.002789198999999));
#2744=CARTESIAN_POINT('',(0.015136110062235,0.0294945,0.001585898999999));
#2745=CARTESIAN_POINT('',(0.015136110062235,0.0294945,0.000382598999999));
#2746=CARTESIAN_POINT('',(0.014032810062235,0.0294945,0.000382598999999));
#2747=CARTESIAN_POINT('',(0.010722910062235,0.0294945,0.000382598999999));
#2748=CARTESIAN_POINT('',(0.010722910062235,0.0294945,0.001585898999999));
#2749=CARTESIAN_POINT('',(-0.006596289937765,0.0294945,0.001895098999999));
#2750=CARTESIAN_POINT('',(-0.006596289937765,0.0294945,0.001295098999999));
#2751=CARTESIAN_POINT('',(-0.006596289937765,0.0294945,0.002495098999999));
#2752=CARTESIAN_POINT('',(-0.005396289937765,0.0294945,0.002495098999999));
#2753=CARTESIAN_POINT('',(-0.005396289937765,0.0294945,0.003695098999999));
#2754=CARTESIAN_POINT('',(-0.001896289937765,0.0294945,0.003695098999999));
#2755=CARTESIAN_POINT('',(0.001603710062235,0.0294945,0.003695098999999));
#2756=CARTESIAN_POINT('',(0.001603710062235,0.0294945,0.002495098999999));
#2757=CARTESIAN_POINT('',(0.002803710062235,0.0294945,0.002495098999999));
#2758=CARTESIAN_POINT('',(0.002803710062235,0.0294945,0.001895098999999));
#2759=CARTESIAN_POINT('',(0.002803710062235,0.0294945,0.001295098999999));
#2760=CARTESIAN_POINT('',(0.001603710062235,0.0294945,0.001295098999999));
#2761=CARTESIAN_POINT('',(0.001603710062235,0.0294945,9.50989999990003E-5));
#2762=CARTESIAN_POINT('',(-0.001896289937765,0.0294945,9.50989999990003E-5));
#2763=CARTESIAN_POINT('',(-0.005396289937765,0.0294945,9.50989999990003E-5));
#2764=CARTESIAN_POINT('',(-0.005396289937765,0.0294945,0.001295098999999));
#2765=CARTESIAN_POINT('',(0.018746510062235,0.0294945,0.0022050494999995));
#2766=CARTESIAN_POINT('',(0.018746510062235,0.0294945,0.002610098999999));
#2767=CARTESIAN_POINT('',(0.018746510062235,0.0294945,0.002910098999999));
#2768=CARTESIAN_POINT('',(-0.01622848993776,0.0294945,0.004410098999999));
#2769=CARTESIAN_POINT('',(-0.01447848993776,0.0294945,0.002910098999999));
#2770=CARTESIAN_POINT('',(-0.01372848993776,0.0294945,-0.002600099000001));
#2771=CARTESIAN_POINT('',(-0.01297848993776,0.0294945,-0.002600099000001));
#2772=CARTESIAN_POINT('',(-0.01297848993776,0.0294945,-0.006350099000001));
#2773=CARTESIAN_POINT('',(-0.01297848993776,0.0294945,-0.009100099000001));
#2774=CARTESIAN_POINT('',(-0.01622848993776,0.0294945,-0.009100099000001));
#2775=CARTESIAN_POINT('',(-0.01447848993776,-0.0347455,0.0022050494999995));
#2776=CARTESIAN_POINT('',(-0.01447848993776,-0.0305589903146029,0.00287654716521501));
#2777=CARTESIAN_POINT('',(-0.01447848993776,-0.029696222574413,0.003210098999999));
#2778=CARTESIAN_POINT('',(-0.01447848993776,0.0294965,0.003210098999999));
#2779=CARTESIAN_POINT('',(-0.01447848993776,-0.0271586552262306,0.003210098999999));
#2780=CARTESIAN_POINT('',(-0.01447848993776,-0.0271586552262306,0.0017938776846414));
#2781=CARTESIAN_POINT('',(-0.01447848993776,-0.0271586552262306,0.004410098999999));
#2782=CARTESIAN_POINT('',(-0.01447848993776,-0.0347455,0.004410098999999));
#2783=CARTESIAN_POINT('',(-0.01622848993776,0.0284945,-0.009100099000001));
#2784=CARTESIAN_POINT('',(-0.01297848993776,0.0284945,-0.009100099000001));
#2785=CARTESIAN_POINT('',(0.020496510062235,-0.0319955,-0.009100099000001));
#2786=CARTESIAN_POINT('',(0.017246510062235,-0.0319955,-0.009100099000001));
#2787=CARTESIAN_POINT('',(-0.01297848993776,-0.0319955,-0.009100099000001));
#2788=CARTESIAN_POINT('',(0.020496510062235,-0.0337455,0.004410098999999));
#2789=CARTESIAN_POINT('',(-0.00315685383975506,-0.0334420187183618,0.004410098999999));
#2790=CARTESIAN_POINT('',(-0.00315685383975506,-0.0338885374367237,0.004410098999999));
#2791=CARTESIAN_POINT('',(-0.01447848993776,-0.0271586552262306,0.004410098999999));
#2792=CARTESIAN_POINT('',(-0.01597848993776,-0.0271586552262306,0.004410098999999));
#2793=CARTESIAN_POINT('',(-0.01597848993776,-0.0347455,0.004410098999999));
#2794=CARTESIAN_POINT('',(-0.01597848993776,-0.0329955,0.004410098999999));
#2795=CARTESIAN_POINT('',(-0.01447848993776,-0.0329955,0.004410098999999));
#2796=CARTESIAN_POINT('',(-0.01447848993776,-0.0344955,0.004410098999999));
#2797=CARTESIAN_POINT('',(0.020496510062235,-0.0344955,0.004410098999999));
#2798=CARTESIAN_POINT('',(0.018746510062235,-0.0344955,0.004410098999999));
#2799=CARTESIAN_POINT('',(0.018746510062235,-0.0329955,0.004410098999999));
#2800=CARTESIAN_POINT('',(0.020246510062235,-0.0329955,0.004410098999999));
#2801=CARTESIAN_POINT('',(0.020246510062235,0.0312445,0.004410098999999));
#2802=CARTESIAN_POINT('',(0.020246510062235,0.0294945,0.004410098999999));
#2803=CARTESIAN_POINT('',(0.018746510062235,0.0294945,0.004410098999999));
#2804=CARTESIAN_POINT('',(0.018746510062235,0.0309945,0.004410098999999));
#2805=CARTESIAN_POINT('',(-0.01622848993776,0.0309945,0.004410098999999));
#2806=CARTESIAN_POINT('',(-0.01447848993776,0.0309945,0.004410098999999));
#2807=CARTESIAN_POINT('',(-0.01447848993776,0.0294945,0.004410098999999));
#2808=CARTESIAN_POINT('',(-0.01597848993776,0.0294945,0.004410098999999));
#2809=CARTESIAN_POINT('',(-0.01597848993776,-0.0347455,0.004410098999999));
#2810=CARTESIAN_POINT('',(-0.01597848993776,-0.0128864077851176,0.004410098999999));
#2811=CARTESIAN_POINT('',(-0.01447848993776,-0.0128864077851176,0.004410098999999));
#2812=CARTESIAN_POINT('',(0.0014080487890169,-0.0334420187183618,0.004410098999999));
#2813=CARTESIAN_POINT('',(0.0014080487890169,-0.0338885374367237,0.004410098999999));
#2814=CARTESIAN_POINT('',(-0.000874402525369078,-0.0338885374367237,0.004410098999999));
#2815=CARTESIAN_POINT('',(0.020496510062235,-0.0305003870953624,-0.011600099000001));
#2816=CARTESIAN_POINT('',(-0.011708489937765,-0.0010555,-0.011600099000001));
#2817=CARTESIAN_POINT('',(-0.011708489937765,-0.0118605,-0.011600099000001));
#2818=CARTESIAN_POINT('',(-0.011708489937765,0.0097495,-0.011600099000001));
#2819=CARTESIAN_POINT('',(-0.010208489937765,-0.0118605,-0.011600099000001));
#2820=CARTESIAN_POINT('',(-0.010208489937765,-0.0133605,-0.011600099000001));
#2821=CARTESIAN_POINT('',(-0.009183489937765,-0.0133605,-0.011600099000001));
#2822=CARTESIAN_POINT('',(-0.00815848993776501,-0.0133605,-0.011600099000001));
#2823=CARTESIAN_POINT('',(-0.00815848993776501,-0.0118605,-0.011600099000001));
#2824=CARTESIAN_POINT('',(-0.00665848993776501,-0.0118605,-0.011600099000001));
#2825=CARTESIAN_POINT('',(-0.006658489937765,-0.0010555,-0.011600099000001));
#2826=CARTESIAN_POINT('',(-0.006658489937765,0.0097495,-0.011600099000001));
#2827=CARTESIAN_POINT('',(-0.008158489937765,0.0097495,-0.011600099000001));
#2828=CARTESIAN_POINT('',(-0.008158489937765,0.0112495,-0.011600099000001));
#2829=CARTESIAN_POINT('',(-0.009183489937765,0.0112495,-0.011600099000001));
#2830=CARTESIAN_POINT('',(-0.010208489937765,0.0112495,-0.011600099000001));
#2831=CARTESIAN_POINT('',(-0.010208489937765,0.0097495,-0.011600099000001));
#2832=CARTESIAN_POINT('',(-0.01622848993776,0.0284945,-0.011600099000001));
#2833=CARTESIAN_POINT('',(-0.01347848993776,0.0284945,-0.011600099000001));
#2834=CARTESIAN_POINT('',(0.017746510062235,0.0284945,-0.011600099000001));
#2835=CARTESIAN_POINT('',(0.017746510062235,0.0312445,-0.011600099000001));
#2836=CARTESIAN_POINT('',(0.017746510062235,-0.0319955,-0.011600099000001));
#2837=CARTESIAN_POINT('',(0.020496510062235,-0.0319955,-0.011600099000001));
#2838=CARTESIAN_POINT('',(-0.01347848993776,-0.0319955,-0.011600099000001));
#2839=CARTESIAN_POINT('',(-0.01347848993776,-0.0347455,-0.011600099000001));
#2840=CARTESIAN_POINT('',(0.020496510062235,-0.0319955,-0.00910009900000102));
#2841=CARTESIAN_POINT('',(0.017746510062235,-0.0319955,-0.00910009900000102));
#2842=CARTESIAN_POINT('',(-0.01347848993776,-0.0319955,-0.00910009900000102));
#2843=CARTESIAN_POINT('',(0.020496510062235,-0.0344955,-0.002345000000001));
#2844=CARTESIAN_POINT('',(-0.01447848993776,-0.0344955,-0.002345000000001));
#2845=CARTESIAN_POINT('',(-0.01447848993776,-0.0344955,0.00343954292092394));
#2846=CARTESIAN_POINT('',(-0.01447848993776,-0.0344955,0.00343954292092394));
#2847=CARTESIAN_POINT('',(-0.0144275978955948,-0.0344955,0.00334374478184585));
#2848=CARTESIAN_POINT('',(-0.0143748352303106,-0.0344955,0.00324896632382905));
#2849=CARTESIAN_POINT('',(-0.0143206682267494,-0.0344955,0.00315499999999899));
#2850=CARTESIAN_POINT('',(-0.0143206682267494,-0.0344955,0.003154999999999));
#2851=CARTESIAN_POINT('',(0.018746510062235,-0.0344955,0.003154999999999));
#2852=CARTESIAN_POINT('',(0.0185886883512244,-0.0344955,0.003154999999999));
#2853=CARTESIAN_POINT('',(0.018746510062235,-0.0344955,0.00343954292092421));
#2854=CARTESIAN_POINT('',(0.018695618020079,-0.0344955,0.00334374478184094));
#2855=CARTESIAN_POINT('',(0.0186428553547699,-0.0344955,0.00324896632383818));
#2856=CARTESIAN_POINT('',(0.0185886883512244,-0.0344955,0.003154999999999));
#2857=CARTESIAN_POINT('',(0.018746510062235,-0.0344955,0.00343954292092421));
#2858=CARTESIAN_POINT('',(0.018746510062235,-0.0344955,-0.002345000000001));
#2859=CARTESIAN_POINT('',(-0.01347848993776,-0.0347455,-0.00910009900000102));
#2860=CARTESIAN_POINT('',(-0.01597848993776,-0.0347455,-0.009100099000001));
#2861=CARTESIAN_POINT('',(-0.01597848993776,-0.0329955,-0.009100099000001));
#2862=CARTESIAN_POINT('',(-0.01597848993776,0.0294945,-0.009100099000001));
#2863=CARTESIAN_POINT('',(-0.01347848993776,0.0284945,-0.00910009900000102));
#2864=CARTESIAN_POINT('',(-0.01347848993776,-0.0319955,-0.00910009900000102));
#2865=CARTESIAN_POINT('',(-0.01597848993776,-0.0347455,-0.002345000000001));
#2866=CARTESIAN_POINT('',(-0.01597848993776,-0.0305589903146029,0.00287654716521501));
#2867=CARTESIAN_POINT('',(-0.01597848993776,-0.0314839903146029,0.00287654716521501));
#2868=CARTESIAN_POINT('',(-0.01597848993776,0.0294945,-0.002345000000001));
#2869=CARTESIAN_POINT('',(-0.01597848993776,-0.0329955,-0.002345000000001));
#2870=CARTESIAN_POINT('',(-0.01597848993776,-0.0271586552262306,0.0017938776846414));
#2871=CARTESIAN_POINT('',(-0.01597848993776,-0.0271586552262306,-0.000822343630716205));
#2872=CARTESIAN_POINT('',(-0.01597848993776,-0.0200225315056741,-0.000822343630716205));
#2873=CARTESIAN_POINT('',(-0.01597848993776,-0.0128864077851176,-0.000822343630716205));
#2874=CARTESIAN_POINT('',(-0.01597848993776,-0.0128864077851176,0.0017938776846414));
#2875=CARTESIAN_POINT('',(0.018746510062235,0.0312445,0.0022050494999995));
#2876=CARTESIAN_POINT('',(0.018746510062235,-0.0305589903146029,0.00287654716521501));
#2877=CARTESIAN_POINT('',(0.018746510062235,-0.0296731966731417,0.002610098999999));
#2878=CARTESIAN_POINT('',(0.018746510062235,0.0294965,0.002610098999999));
#2879=CARTESIAN_POINT('',(0.018746510062235,0.0260177987046801,-0.010102099000001));
#2880=CARTESIAN_POINT('',(0.018746510062235,-0.0269518360787405,-0.010102099000001));
#2881=CARTESIAN_POINT('',(0.018746510062235,-0.0269518360787405,-0.002600099000001));
#2882=CARTESIAN_POINT('',(0.018746510062235,-0.0329975,-0.002600099000001));
#2883=CARTESIAN_POINT('',(0.017746510062235,0.0312445,-0.00910009900000102));
#2884=CARTESIAN_POINT('',(0.017746510062235,0.0284945,-0.00910009900000102));
#2885=CARTESIAN_POINT('',(0.020246510062235,0.0294945,-0.009100099000001));
#2886=CARTESIAN_POINT('',(0.020246510062235,0.0312445,-0.009100099000001));
#2887=CARTESIAN_POINT('',(0.020246510062235,-0.0329955,-0.009100099000001));
#2888=CARTESIAN_POINT('',(0.017746510062235,-0.0319955,-0.00910009900000102));
#2889=CARTESIAN_POINT('',(0.020246510062235,0.0312445,-0.002345000000001));
#2890=CARTESIAN_POINT('',(0.020246510062235,-0.0305589903146029,0.00287654716521501));
#2891=CARTESIAN_POINT('',(0.020246510062235,-0.0296339903146029,0.00287654716521501));
#2892=CARTESIAN_POINT('',(0.020246510062235,0.0294945,-0.002345000000001));
#2893=CARTESIAN_POINT('',(0.020246510062235,-0.0329955,-0.002345000000001));
#2894=CARTESIAN_POINT('',(-0.01622848993776,0.0284945,-0.00910009900000102));
#2895=CARTESIAN_POINT('',(-0.01347848993776,0.0284945,-0.00910009900000102));
#2896=CARTESIAN_POINT('',(-0.01447848993776,0.0309945,-0.009100099000001));
#2897=CARTESIAN_POINT('',(-0.01622848993776,0.0309945,-0.009100099000001));
#2898=CARTESIAN_POINT('',(0.018746510062235,0.0309945,-0.009100099000001));
#2899=CARTESIAN_POINT('',(0.017746510062235,0.0284945,-0.00910009900000102));
#2900=CARTESIAN_POINT('',(-0.01622848993776,0.0309945,-0.002345000000001));
#2901=CARTESIAN_POINT('',(0.00431437743827707,0.0309945,0.000557388942979742));
#2902=CARTESIAN_POINT('',(0.00431437743827707,0.0309945,0.0010180416284129));
#2903=CARTESIAN_POINT('',(0.00431437743827707,0.0309945,9.67362575465813E-5));
#2904=CARTESIAN_POINT('',(0.00377986710565048,0.0309945,0.0010180416284129));
#2905=CARTESIAN_POINT('',(0.00324535677302389,0.0309945,0.0010180416284129));
#2906=CARTESIAN_POINT('',(0.00324535677302389,0.0309945,0.000557388942979742));
#2907=CARTESIAN_POINT('',(0.00324535677302389,0.0309945,9.67362575465813E-5));
#2908=CARTESIAN_POINT('',(0.00377986710565048,0.0309945,9.67362575465813E-5));
#2909=CARTESIAN_POINT('',(-0.0111080864444375,0.0309945,0.00301755336113274));
#2910=CARTESIAN_POINT('',(-0.0111080864444375,0.0309945,0.00391755336113274));
#2911=CARTESIAN_POINT('',(0.001603710062235,0.0309945,0.002495098999999));
#2912=CARTESIAN_POINT('',(0.001603710062235,0.0309945,0.003695098999999));
#2913=CARTESIAN_POINT('',(0.002803710062235,0.0309945,0.002495098999999));
#2914=CARTESIAN_POINT('',(-0.001896289937765,0.0309945,0.003695098999999));
#2915=CARTESIAN_POINT('',(-0.005396289937765,0.0309945,0.003695098999999));
#2916=CARTESIAN_POINT('',(-0.005396289937765,0.0309945,0.002495098999999));
#2917=CARTESIAN_POINT('',(-0.006596289937765,0.0309945,0.002495098999999));
#2918=CARTESIAN_POINT('',(-0.006596289937765,0.0309945,0.001895098999999));
#2919=CARTESIAN_POINT('',(-0.006596289937765,0.0309945,0.001295098999999));
#2920=CARTESIAN_POINT('',(-0.005396289937765,0.0309945,0.001295098999999));
#2921=CARTESIAN_POINT('',(-0.005396289937765,0.0309945,9.50989999990003E-5));
#2922=CARTESIAN_POINT('',(-0.001896289937765,0.0309945,9.50989999990003E-5));
#2923=CARTESIAN_POINT('',(0.001603710062235,0.0309945,9.50989999990003E-5));
#2924=CARTESIAN_POINT('',(0.001603710062235,0.0309945,0.001295098999999));
#2925=CARTESIAN_POINT('',(0.002803710062235,0.0309945,0.001295098999999));
#2926=CARTESIAN_POINT('',(0.002803710062235,0.0309945,0.001895098999999));
#2927=CARTESIAN_POINT('',(0.014032810062235,0.0309945,0.002789198999999));
#2928=CARTESIAN_POINT('',(0.010722910062235,0.0309945,0.00278919899999901));
#2929=CARTESIAN_POINT('',(0.015136110062235,0.0309945,0.002789198999999));
#2930=CARTESIAN_POINT('',(0.010722910062235,0.0309945,0.001585898999999));
#2931=CARTESIAN_POINT('',(0.010722910062235,0.0309945,0.000382598999999));
#2932=CARTESIAN_POINT('',(0.014032810062235,0.0309945,0.000382598999999));
#2933=CARTESIAN_POINT('',(0.015136110062235,0.0309945,0.000382598999999));
#2934=CARTESIAN_POINT('',(0.015136110062235,0.0309945,0.001585898999999));
#2935=CARTESIAN_POINT('',(-0.01447848993776,0.0309945,-0.002345000000001));
#2936=CARTESIAN_POINT('',(0.018746510062235,0.0309945,-0.002345000000001));
#2937=CARTESIAN_POINT('',(-0.001896289937765,0.0294945,0.003695098999999));
#2938=CARTESIAN_POINT('',(0.001603710062235,0.0294945,0.003695098999999));
#2939=CARTESIAN_POINT('',(-0.005396289937765,0.0294945,0.003695098999999));
#2940=CARTESIAN_POINT('',(0.001603710062235,0.0294945,0.002495098999999));
#2941=CARTESIAN_POINT('',(0.002803710062235,0.0294945,0.002495098999999));
#2942=CARTESIAN_POINT('',(0.002803710062235,0.0294945,0.001895098999999));
#2943=CARTESIAN_POINT('',(0.002803710062235,0.0294945,0.001295098999999));
#2944=CARTESIAN_POINT('',(0.001603710062235,0.0294945,0.001295098999999));
#2945=CARTESIAN_POINT('',(0.001603710062235,0.0294945,9.50989999990003E-5));
#2946=CARTESIAN_POINT('',(-0.001896289937765,0.0294945,9.50989999990003E-5));
#2947=CARTESIAN_POINT('',(-0.005396289937765,0.0294945,9.50989999990003E-5));
#2948=CARTESIAN_POINT('',(-0.005396289937765,0.0294945,0.001295098999999));
#2949=CARTESIAN_POINT('',(-0.006596289937765,0.0294945,0.001295098999999));
#2950=CARTESIAN_POINT('',(-0.006596289937765,0.0294945,0.001895098999999));
#2951=CARTESIAN_POINT('',(-0.006596289937765,0.0294945,0.002495098999999));
#2952=CARTESIAN_POINT('',(-0.005396289937765,0.0294945,0.002495098999999));
#2953=CARTESIAN_POINT('',(0.014032810062235,0.0294945,0.002789198999999));
#2954=CARTESIAN_POINT('',(0.015136110062235,0.0294945,0.002789198999999));
#2955=CARTESIAN_POINT('',(0.010722910062235,0.0294945,0.00278919899999901));
#2956=CARTESIAN_POINT('',(0.015136110062235,0.0294945,0.001585898999999));
#2957=CARTESIAN_POINT('',(0.015136110062235,0.0294945,0.000382598999999));
#2958=CARTESIAN_POINT('',(0.014032810062235,0.0294945,0.000382598999999));
#2959=CARTESIAN_POINT('',(0.010722910062235,0.0294945,0.000382598999999));
#2960=CARTESIAN_POINT('',(0.010722910062235,0.0294945,0.001585898999999));
#2961=CARTESIAN_POINT('',(-0.01447848993776,-0.0128864077851176,0.0017938776846414));
#2962=CARTESIAN_POINT('',(-0.01447848993776,-0.0128864077851176,0.002910098999999));
#2963=CARTESIAN_POINT('',(-0.01447848993776,-0.0128864077851176,-0.000822343630716205));
#2964=CARTESIAN_POINT('',(-0.01447848993776,-0.0200225315056741,-0.000822343630716205));
#2965=CARTESIAN_POINT('',(-0.01447848993776,-0.0271586552262306,-0.000822343630716205));
#2966=CARTESIAN_POINT('',(-0.01447848993776,-0.0271586552262306,0.0017938776846414));
#2967=CARTESIAN_POINT('',(-0.01447848993776,-0.0271586552262306,0.002910098999999));
#2968=CARTESIAN_POINT('',(-0.01297848993776,-0.0329975,-0.006350099000001));
#2969=CARTESIAN_POINT('',(-0.01297848993776,-0.0329975,-0.002600099000001));
#2970=CARTESIAN_POINT('',(-0.01372848993776,-0.0329975,-0.002600099000001));
#2971=CARTESIAN_POINT('',(0.017246510062235,-0.0329975,-0.006350099000001));
#2972=CARTESIAN_POINT('',(0.017246510062235,-0.0269518360787405,-0.010102099000001));
#2973=CARTESIAN_POINT('',(0.017246510062235,-0.0269518360787405,-0.002600099000001));
#2974=CARTESIAN_POINT('',(0.017246510062235,-0.0329975,-0.002600099000001));
#2975=CARTESIAN_POINT('',(0.017996510062235,-0.0329975,-0.002600099000001));
#2976=CARTESIAN_POINT('',(0.017996510062235,-0.0269518360787405,-0.002600099000001));
#2977=CARTESIAN_POINT('',(0.017996510062235,0.0260177987046801,-0.010102099000001));
#2978=CARTESIAN_POINT('',(0.017996510062235,-0.0269518360787405,-0.010102099000001));
#2979=CARTESIAN_POINT('',(-0.01447848993776,0.0294965,0.002910098999999));
#2980=CARTESIAN_POINT('',(-0.01447848993776,-0.029696222574413,0.003210098999999));
#2981=CARTESIAN_POINT('',(-0.0146382549166196,-0.029696222574413,0.003210098999999));
#2982=CARTESIAN_POINT('',(-0.0149187289736557,-0.029584607271452,0.00291329752584894));
#2983=CARTESIAN_POINT('',(-0.0146382298360419,-0.0296731966731417,0.002610098999999));
#2984=CARTESIAN_POINT('',(-0.01447848993776,-0.0296731966731417,0.002610098999999));
#2985=CARTESIAN_POINT('',(-0.01447848993776,0.0294965,0.002910098999999));
#2986=CARTESIAN_POINT('',(0.018746510062235,0.0294965,0.002910098999999));
#2987=CARTESIAN_POINT('',(0.018746510062235,-0.0296731966731417,0.002610098999999));
#2988=CARTESIAN_POINT('',(0.0189062479526107,-0.0296731966731417,0.002610098999999));
#2989=CARTESIAN_POINT('',(0.0191867394248129,-0.0295845605890194,0.00291205904203903));
#2990=CARTESIAN_POINT('',(0.018906307043745,-0.0296962225744131,0.00321009899999901));
#2991=CARTESIAN_POINT('',(0.018746510062235,-0.029696222574413,0.00321009899999901));
#2992=CARTESIAN_POINT('',(-0.01447848993776,0.0294945,-0.002345000000001));
#2993=CARTESIAN_POINT('',(-0.01447848993776,0.0294945,-0.009100099000001));
#2994=CARTESIAN_POINT('',(-0.01347848993776,0.0284945,-0.011600099000001));
#2995=CARTESIAN_POINT('',(-0.01347848993776,0.0284945,-0.011600099000001));
#2996=CARTESIAN_POINT('',(-0.01347848993776,0.0284945,-0.011600099000001));
#2997=CARTESIAN_POINT('',(-0.01380573922705,0.0286253997157164,-0.011600099000001));
#2998=CARTESIAN_POINT('',(-0.0137075643993612,0.0287235744616026,-0.0115999601613162));
#2999=CARTESIAN_POINT('',(-0.0136093896534759,0.0288217492892905,-0.011600099000001));
#3000=CARTESIAN_POINT('',(-0.0144600850602698,0.0288871380490049,-0.0114699271023138));
#3001=CARTESIAN_POINT('',(-0.0141838766291562,0.0291998866913956,-0.0115474790639327));
#3002=CARTESIAN_POINT('',(-0.0138711279867651,0.0294760951225096,-0.0114699271023138));
#3003=CARTESIAN_POINT('',(-0.0152922845605169,0.0292200178490987,-0.0109138936295758));
#3004=CARTESIAN_POINT('',(-0.0149195207929944,0.0299355308552345,-0.0112695259969355));
#3005=CARTESIAN_POINT('',(-0.0142040077868587,0.030308294622757,-0.0109138936295757));
#3006=CARTESIAN_POINT('',(-0.0158483180420207,0.0294424312417195,-0.0100816940971876));
#3007=CARTESIAN_POINT('',(-0.015692087656886,0.0307080977191265,-0.0105722764042588));
#3008=CARTESIAN_POINT('',(-0.0144264211794794,0.0308643281042607,-0.0100816940971876));
#3009=CARTESIAN_POINT('',(-0.01597848993776,0.0294944999999673,-0.00942734834383337));
#3010=CARTESIAN_POINT('',(-0.0159784899365981,0.0309944999988366,-0.00962369821180968));
#3011=CARTESIAN_POINT('',(-0.0144784899377274,0.0309945,-0.00942734834383337));
#3012=CARTESIAN_POINT('',(-0.01597848993776,0.0294945,-0.00910009900000102));
#3013=CARTESIAN_POINT('',(-0.01597848993776,0.0309945,-0.00910009900000101));
#3014=CARTESIAN_POINT('',(-0.01447848993776,0.0309945,-0.00910009900000102));
#3015=CARTESIAN_POINT('',(0.018746510062235,0.0294945,-0.002345000000001));
#3016=CARTESIAN_POINT('',(0.018746510062235,0.0294945,-0.009100099000001));
#3017=CARTESIAN_POINT('',(0.017746510062235,0.0284945,-0.011600099000001));
#3018=CARTESIAN_POINT('',(0.017746510062235,0.0284945,-0.011600099000001));
#3019=CARTESIAN_POINT('',(0.017746510062235,0.0284945,-0.011600099000001));
#3020=CARTESIAN_POINT('',(0.0178774097779514,0.0288217492892905,-0.011600099000001));
#3021=CARTESIAN_POINT('',(0.0179755845238371,0.0287235744616026,-0.0115999601613162));
#3022=CARTESIAN_POINT('',(0.0180737593515255,0.0286253997157164,-0.011600099000001));
#3023=CARTESIAN_POINT('',(0.0181391481112399,0.0294760951225096,-0.0114699271023138));
#3024=CARTESIAN_POINT('',(0.0184518967536308,0.0291998866913956,-0.0115474790639327));
#3025=CARTESIAN_POINT('',(0.0187281051847446,0.0288871380490049,-0.0114699271023138));
#3026=CARTESIAN_POINT('',(0.0184720279113337,0.030308294622757,-0.0109138936295757));
#3027=CARTESIAN_POINT('',(0.0191875409174695,0.0299355308552346,-0.0112695259969355));
#3028=CARTESIAN_POINT('',(0.019560304684992,0.0292200178490987,-0.0109138936295757));
#3029=CARTESIAN_POINT('',(0.0186944413039545,0.0308643281042607,-0.0100816940971876));
#3030=CARTESIAN_POINT('',(0.0199601077813612,0.0307080977191264,-0.0105722764042588));
#3031=CARTESIAN_POINT('',(0.0201163381664957,0.0294424312417195,-0.0100816940971876));
#3032=CARTESIAN_POINT('',(0.0187465100622023,0.0309945,-0.00942734834383337));
#3033=CARTESIAN_POINT('',(0.0202465100610725,0.0309944999988369,-0.00962369821180973));
#3034=CARTESIAN_POINT('',(0.020246510062235,0.0294944999999673,-0.00942734834383337));
#3035=CARTESIAN_POINT('',(0.018746510062235,0.0309945,-0.00910009900000102));
#3036=CARTESIAN_POINT('',(0.020246510062235,0.0309945,-0.00910009900000101));
#3037=CARTESIAN_POINT('',(0.020246510062235,0.0294945,-0.00910009900000102));
#3038=CARTESIAN_POINT('',(0.018746510062235,-0.0329955,-0.002345000000001));
#3039=CARTESIAN_POINT('',(0.0196242903383741,-0.0342118477244691,-0.001345000000001));
#3040=CARTESIAN_POINT('',(0.0196242903383741,-0.0342118477244691,-0.00659573192751071));
#3041=CARTESIAN_POINT('',(0.0196242903383741,-0.0342118477244691,0.000905731927509242));
#3042=CARTESIAN_POINT('',(0.0196242903383741,-0.0342118477244691,-0.00659573192751126));
#3043=CARTESIAN_POINT('',(0.0196242903383738,-0.0342118477244693,-0.0069700878708045));
#3044=CARTESIAN_POINT('',(0.0195212093989688,-0.0343058146980826,-0.00752626123225563));
#3045=CARTESIAN_POINT('',(0.0190872425229025,-0.0344739112899831,-0.00811685602540769));
#3046=CARTESIAN_POINT('',(0.0188353455744127,-0.0344954999999999,-0.0083932349282141));
#3047=CARTESIAN_POINT('',(0.018746510062236,-0.0344955,-0.0085604570790743));
#3048=CARTESIAN_POINT('',(0.018746510062235,-0.0329955,-0.009100099000001));
#3049=CARTESIAN_POINT('',(0.018746510062235,-0.0344955,0.00343954292092421));
#3050=CARTESIAN_POINT('',(0.0186903605743112,-0.0344955,0.00333384827347636));
#3051=CARTESIAN_POINT('',(0.0186265720561918,-0.0344910419528415,0.00309191152056936));
#3052=CARTESIAN_POINT('',(0.018797444573156,-0.0344996917689759,0.00276019523962505));
#3053=CARTESIAN_POINT('',(0.0190227349748822,-0.034475987090103,0.00249199891759459));
#3054=CARTESIAN_POINT('',(0.019317797268409,-0.0343962584865965,0.00212881996229028));
#3055=CARTESIAN_POINT('',(0.019578167330236,-0.0342503697215361,0.00161021454363592));
#3056=CARTESIAN_POINT('',(0.0196242903383739,-0.0342118477244692,0.00114232503350253));
#3057=CARTESIAN_POINT('',(0.0196242903383741,-0.0342118477244691,0.000905731927509246));
#3058=CARTESIAN_POINT('',(0.017746510062235,-0.0319955,-0.011600099000001));
#3059=CARTESIAN_POINT('',(0.017746510062235,-0.0319955,-0.011600099000001));
#3060=CARTESIAN_POINT('',(0.017746510062235,-0.0319955,-0.011600099000001));
#3061=CARTESIAN_POINT('',(0.0180737593515265,-0.0321263997157154,-0.011600099000001));
#3062=CARTESIAN_POINT('',(0.0179755845238371,-0.032224574461601,-0.0115999601613162));
#3063=CARTESIAN_POINT('',(0.0178774097779514,-0.0323227492892886,-0.011600099000001));
#3064=CARTESIAN_POINT('',(0.0187281051847441,-0.0323881380490054,-0.0114699271023138));
#3065=CARTESIAN_POINT('',(0.0184518967536308,-0.0327008866913963,-0.0115474790639327));
#3066=CARTESIAN_POINT('',(0.0181391481112399,-0.0329770951225105,-0.0114699271023138));
#3067=CARTESIAN_POINT('',(0.0195603046849921,-0.0327210178490986,-0.0109138936295757));
#3068=CARTESIAN_POINT('',(0.0191875409174695,-0.0334365308552345,-0.0112695259969355));
#3069=CARTESIAN_POINT('',(0.0184720279113337,-0.0338092946227567,-0.0109138936295757));
#3070=CARTESIAN_POINT('',(0.0201163381664956,-0.0329434312417195,-0.0100816940971876));
#3071=CARTESIAN_POINT('',(0.0199601077813612,-0.0342090977191258,-0.0105722764042588));
#3072=CARTESIAN_POINT('',(0.0186944413039545,-0.0343653281042607,-0.0100816940971876));
#3073=CARTESIAN_POINT('',(0.020246510062235,-0.0329954999999673,-0.00942734834383337));
#3074=CARTESIAN_POINT('',(0.0202465100610725,-0.0344954999988385,-0.00962369821180973));
#3075=CARTESIAN_POINT('',(0.0187465100622023,-0.0344955,-0.00942734834383337));
#3076=CARTESIAN_POINT('',(0.020246510062235,-0.0329955,-0.00910009900000102));
#3077=CARTESIAN_POINT('',(0.020246510062235,-0.0344955,-0.00910009900000101));
#3078=CARTESIAN_POINT('',(0.018746510062235,-0.0344955,-0.00910009900000102));
#3079=CARTESIAN_POINT('',(-0.01447848993776,-0.0329955,-0.002345000000001));
#3080=CARTESIAN_POINT('',(-0.01447848993776,-0.0344955,-0.00856045707907395));
#3081=CARTESIAN_POINT('',(-0.0145672159607882,-0.0344955,-0.00839344102834755));
#3082=CARTESIAN_POINT('',(-0.0148182220965402,-0.0344741367464216,-0.00811801793065475));
#3083=CARTESIAN_POINT('',(-0.0152535635797014,-0.0343057862763208,-0.00752602519679893));
#3084=CARTESIAN_POINT('',(-0.0153562702138989,-0.0342118477244693,-0.00696991541263241));
#3085=CARTESIAN_POINT('',(-0.0153562702138991,-0.0342118477244691,-0.0065957319275113));
#3086=CARTESIAN_POINT('',(-0.015356270213899,-0.0342118477244691,-0.0065957319275113));
#3087=CARTESIAN_POINT('',(-0.015356270213899,-0.0342118477244691,-0.001345000000001));
#3088=CARTESIAN_POINT('',(-0.015356270213899,-0.0342118477244691,0.00090573192750873));
#3089=CARTESIAN_POINT('',(-0.0153562702138989,-0.0342118477244694,0.00090573192750873));
#3090=CARTESIAN_POINT('',(-0.0153562702138988,-0.0342118477244695,0.00114266910483419));
#3091=CARTESIAN_POINT('',(-0.015309465352546,-0.034250883305557,0.00161332401323237));
#3092=CARTESIAN_POINT('',(-0.015048693908044,-0.0343966816098192,0.00213032264868772));
#3093=CARTESIAN_POINT('',(-0.0147535286595579,-0.0344762531226863,0.00249329612717862));
#3094=CARTESIAN_POINT('',(-0.014527361563257,-0.0344997196352005,0.00276321160963547));
#3095=CARTESIAN_POINT('',(-0.014358856061979,-0.034491025471906,0.00309228207751991));
#3096=CARTESIAN_POINT('',(-0.0144226119636228,-0.0344954999999983,0.0033343593655805));
#3097=CARTESIAN_POINT('',(-0.0144784899377149,-0.0344955,0.00343954292093847));
#3098=CARTESIAN_POINT('',(-0.01447848993776,-0.0329955,-0.009100099000001));
#3099=CARTESIAN_POINT('',(-0.01347848993776,-0.0319955,-0.011600099000001));
#3100=CARTESIAN_POINT('',(-0.01347848993776,-0.0319955,-0.011600099000001));
#3101=CARTESIAN_POINT('',(-0.01347848993776,-0.0319955,-0.011600099000001));
#3102=CARTESIAN_POINT('',(-0.0136093896534759,-0.0323227492892886,-0.011600099000001));
#3103=CARTESIAN_POINT('',(-0.0137075643993605,-0.032224574461601,-0.0115999601613162));
#3104=CARTESIAN_POINT('',(-0.0138057392270496,-0.0321263997157154,-0.011600099000001));
#3105=CARTESIAN_POINT('',(-0.0138711279867651,-0.0329770951225105,-0.0114699271023138));
#3106=CARTESIAN_POINT('',(-0.0141838766291565,-0.0327008866913963,-0.0115474790639327));
#3107=CARTESIAN_POINT('',(-0.01446008506027,-0.0323881380490054,-0.0114699271023138));
#3108=CARTESIAN_POINT('',(-0.0142040077868587,-0.0338092946227567,-0.0109138936295757));
#3109=CARTESIAN_POINT('',(-0.0149195207929944,-0.0334365308552345,-0.0112695259969355));
#3110=CARTESIAN_POINT('',(-0.0152922845605169,-0.0327210178490986,-0.0109138936295757));
#3111=CARTESIAN_POINT('',(-0.0144264211794794,-0.0343653281042607,-0.0100816940971876));
#3112=CARTESIAN_POINT('',(-0.0156920876568859,-0.0342090977191258,-0.0105722764042588));
#3113=CARTESIAN_POINT('',(-0.0158483180420207,-0.0329434312417195,-0.0100816940971876));
#3114=CARTESIAN_POINT('',(-0.0144784899377274,-0.0344955,-0.00942734834383337));
#3115=CARTESIAN_POINT('',(-0.0159784899365984,-0.0344954999988384,-0.00962369821180968));
#3116=CARTESIAN_POINT('',(-0.01597848993776,-0.0329954999999673,-0.00942734834383337));
#3117=CARTESIAN_POINT('',(-0.01447848993776,-0.0344955,-0.00910009900000102));
#3118=CARTESIAN_POINT('',(-0.01597848993776,-0.0344955,-0.00910009900000101));
#3119=CARTESIAN_POINT('',(-0.01597848993776,-0.0329955,-0.00910009900000102));
#3120=CARTESIAN_POINT('',(-0.0153562702138874,-0.0342118477244883,0.00095074071063885));
#3121=CARTESIAN_POINT('',(-0.0153562702138874,-0.0342118477244883,-0.00664074071064142));
#3122=CARTESIAN_POINT('',(-0.0144536514407031,-0.0356976636984797,0.00095074071063885));
#3123=CARTESIAN_POINT('',(-0.0144536514407031,-0.0356976636984797,-0.00664074071064142));
#3124=CARTESIAN_POINT('',(-0.0126805024200284,-0.0371514282733921,0.00095074071063885));
#3125=CARTESIAN_POINT('',(-0.0126805024200284,-0.0371514282733921,-0.00664074071064142));
#3126=CARTESIAN_POINT('',(-0.00994359095923236,-0.0383032921773995,0.00095074071063885));
#3127=CARTESIAN_POINT('',(-0.00994359095923236,-0.0383032921773995,-0.00664074071064142));
#3128=CARTESIAN_POINT('',(-0.00714620395365017,-0.0392172844203742,0.00095074071063885));
#3129=CARTESIAN_POINT('',(-0.00714620395365017,-0.0392172844203742,-0.00664074071064142));
#3130=CARTESIAN_POINT('',(-0.0035636897927504,-0.0401337056752987,0.00095074071063885));
#3131=CARTESIAN_POINT('',(-0.0035636897927504,-0.0401337056752987,-0.00664074071064142));
#3132=CARTESIAN_POINT('',(2.04096767349437E-5,-0.0404257181212027,0.00095074071063885));
#3133=CARTESIAN_POINT('',(2.04096767349437E-5,-0.0404257181212027,-0.00664074071064142));
#3134=CARTESIAN_POINT('',(0.00213401006223751,-0.0404257181212027,0.00095074071063885));
#3135=CARTESIAN_POINT('',(0.00213401006223751,-0.0404257181212027,-0.00664074071064142));
#3136=CARTESIAN_POINT('',(0.00213401006223751,-0.0404257181212028,-0.001345000000001));
#3137=CARTESIAN_POINT('',(0.00213401006223751,-0.0404257181212028,-0.00284459419372706));
#3138=CARTESIAN_POINT('',(0.00213401006223751,-0.0404257181212028,-0.00284540580627493));
#3139=CARTESIAN_POINT('',(0.00213401006223751,-0.0404257181212027,-0.00284459419372706));
#3140=CARTESIAN_POINT('',(0.000443244808122624,-0.0404257181212027,-0.00284459418132288));
#3141=CARTESIAN_POINT('',(-0.00209717742141946,-0.0402825080031105,-0.00284899454504811));
#3142=CARTESIAN_POINT('',(-0.00543498732028382,-0.0396632739695082,-0.00280070118041594));
#3143=CARTESIAN_POINT('',(-0.00787650410804694,-0.0389823189532368,-0.00268415980351887));
#3144=CARTESIAN_POINT('',(-0.0102811823924678,-0.038193400859851,-0.00244344733380224));
#3145=CARTESIAN_POINT('',(-0.0125737078912756,-0.0371439628246207,-0.00199945662942471));
#3146=CARTESIAN_POINT('',(-0.0144359963393644,-0.0356073112655131,-0.00105106169450898));
#3147=CARTESIAN_POINT('',(-0.0151369755912107,-0.034572832298558,0.000163284950823297));
#3148=CARTESIAN_POINT('',(-0.0153562702138991,-0.034211847724469,0.000905731927508776));
#3149=CARTESIAN_POINT('',(-0.0153562702138992,-0.0342118477244688,-0.00659573192751117));
#3150=CARTESIAN_POINT('',(-0.0151369755887744,-0.0345728323025684,-0.0058532849425769));
#3151=CARTESIAN_POINT('',(-0.0144359974557401,-0.0356073112844028,-0.00463893828739457));
#3152=CARTESIAN_POINT('',(-0.01257370389093,-0.0371439628555033,-0.00369054335469092));
#3153=CARTESIAN_POINT('',(-0.0102811970004588,-0.0381934008889919,-0.00324655265525634));
#3154=CARTESIAN_POINT('',(-0.007876449207932,-0.0389823189875018,-0.00300584018824283));
#3155=CARTESIAN_POINT('',(-0.00543519166680516,-0.0396632740022225,-0.00288929881513602));
#3156=CARTESIAN_POINT('',(-0.00209609155982007,-0.0402825080251165,-0.00284100545753698));
#3157=CARTESIAN_POINT('',(0.000438430002046142,-0.0404257181212027,-0.00284540580627493));
#3158=CARTESIAN_POINT('',(0.00213401006223751,-0.0404257181212027,-0.00284540580627493));
#3159=CARTESIAN_POINT('',(0.0196242903383624,-0.0342118477244883,0.000950740710639362));
#3160=CARTESIAN_POINT('',(0.0196242903383624,-0.0342118477244883,-0.00664074071064083));
#3161=CARTESIAN_POINT('',(0.0187216715651781,-0.0356976636984797,0.000950740710639362));
#3162=CARTESIAN_POINT('',(0.0187216715651781,-0.0356976636984797,-0.00664074071064083));
#3163=CARTESIAN_POINT('',(0.0169485225445034,-0.037151428273392,0.000950740710639362));
#3164=CARTESIAN_POINT('',(0.0169485225445034,-0.037151428273392,-0.00664074071064083));
#3165=CARTESIAN_POINT('',(0.0142116110837074,-0.0383032921773995,0.000950740710639362));
#3166=CARTESIAN_POINT('',(0.0142116110837074,-0.0383032921773995,-0.00664074071064083));
#3167=CARTESIAN_POINT('',(0.0114142240781252,-0.0392172844203741,0.000950740710639362));
#3168=CARTESIAN_POINT('',(0.0114142240781252,-0.0392172844203741,-0.00664074071064083));
#3169=CARTESIAN_POINT('',(0.0078317099172254,-0.0401337056752987,0.000950740710639362));
#3170=CARTESIAN_POINT('',(0.0078317099172254,-0.0401337056752987,-0.00664074071064083));
#3171=CARTESIAN_POINT('',(0.00424761044774006,-0.0404257181212027,0.000950740710639362));
#3172=CARTESIAN_POINT('',(0.00424761044774006,-0.0404257181212027,-0.00664074071064083));
#3173=CARTESIAN_POINT('',(0.0021340100622375,-0.0404257181212027,0.000950740710639362));
#3174=CARTESIAN_POINT('',(0.0021340100622375,-0.0404257181212027,-0.00664074071064083));
#3175=CARTESIAN_POINT('',(0.0196242903383742,-0.0342118477244689,0.000905731927509132));
#3176=CARTESIAN_POINT('',(0.0194049957132494,-0.0345728323025684,0.000163284942574874));
#3177=CARTESIAN_POINT('',(0.0187040175802151,-0.0356073112844028,-0.00105106171260744));
#3178=CARTESIAN_POINT('',(0.016841724015405,-0.0371439628555033,-0.0019994566453111));
#3179=CARTESIAN_POINT('',(0.0145492171249337,-0.0381934008889919,-0.00244344734474567));
#3180=CARTESIAN_POINT('',(0.012144469332407,-0.0389823189875018,-0.00268415981175916));
#3181=CARTESIAN_POINT('',(0.00970321179128015,-0.0396632740022225,-0.00280070118486598));
#3182=CARTESIAN_POINT('',(0.00636411168429507,-0.0402825080251166,-0.00284899454246501));
#3183=CARTESIAN_POINT('',(0.00382959012242886,-0.0404257181212027,-0.00284459419372706));
#3184=CARTESIAN_POINT('',(0.0021340100622375,-0.0404257181212027,-0.00284459419372706));
#3185=CARTESIAN_POINT('',(0.0021340100622375,-0.0404257181212027,-0.00284540580627493));
#3186=CARTESIAN_POINT('',(0.00382477531635164,-0.0404257170082279,-0.00284540581922006));
#3187=CARTESIAN_POINT('',(0.00636519754589462,-0.0402825082540651,-0.00284100545483192));
#3188=CARTESIAN_POINT('',(0.00970300744475878,-0.0396632739222421,-0.00288929881960903));
#3189=CARTESIAN_POINT('',(0.0121445242325219,-0.0389823189659021,-0.00300584019647698));
#3190=CARTESIAN_POINT('',(0.0145492025169427,-0.0381934008564562,-0.00324655266620141));
#3191=CARTESIAN_POINT('',(0.0168417280157506,-0.0371439628255347,-0.00369054337057684));
#3192=CARTESIAN_POINT('',(0.0187040164638394,-0.035607311265252,-0.00463893830549312));
#3193=CARTESIAN_POINT('',(0.0194049957156857,-0.034572832298558,-0.00585328495082529));
#3194=CARTESIAN_POINT('',(0.019624290338374,-0.0342118477244691,-0.00659573192751077));
#3195=CARTESIAN_POINT('',(0.0021340100622375,-0.0378273605617376,-0.001345000000001));
#3196=CARTESIAN_POINT('',(0.00205011648526306,-0.0389431034558649,-0.00134469494545705));
#3197=CARTESIAN_POINT('',(0.00207803862368657,-0.0389452029431943,-0.00134471939286556));
#3198=CARTESIAN_POINT('',(0.00210600314158658,-0.038946253022251,-0.00134473051806345));
#3199=CARTESIAN_POINT('',(0.00213401006474911,-0.0389462530221881,-0.00134473051806276));
#3200=CARTESIAN_POINT('',(0.00205011648526307,-0.0389431034558648,-0.00134469494545705));
#3201=CARTESIAN_POINT('',(0.00213401006474911,-0.0389462530221881,-0.00134473051806277));
#3202=CARTESIAN_POINT('',(0.00213401006474911,-0.0389462530221881,-0.00134473051806276));
#3203=CARTESIAN_POINT('',(0.00216193219291343,-0.0389462530221255,-0.00134473051806208));
#3204=CARTESIAN_POINT('',(0.00218989646813101,-0.0389452093368664,-0.00134471946731646));
#3205=CARTESIAN_POINT('',(0.00221790363922847,-0.0389431034558636,-0.00134469494545703));
#3206=CARTESIAN_POINT('',(0.00221790363922847,-0.0389431034558636,-0.00134469494545703));
#3207=CARTESIAN_POINT('',(0.00221790363922847,-0.0389431034558636,-0.00134469494545703));
#3208=CARTESIAN_POINT('',(0.00251038359974208,-0.0389211116598909,-0.00134443886273981));
#3209=CARTESIAN_POINT('',(0.00307639299109064,-0.0386340214774575,-0.00134927685235413));
#3210=CARTESIAN_POINT('',(0.00335913304005906,-0.0377430495381154,-0.00120255421711206));
#3211=CARTESIAN_POINT('',(0.00299211706512048,-0.0369505440480727,-0.000872005442698194));
#3212=CARTESIAN_POINT('',(0.00213786237609346,-0.0365877419893818,-0.000644906401774363));
#3213=CARTESIAN_POINT('',(0.00127524853876382,-0.0369493128162558,-0.000871366786628272));
#3214=CARTESIAN_POINT('',(0.000909162209030807,-0.0377428069700817,-0.00120258674674811));
#3215=CARTESIAN_POINT('',(0.00119127984014711,-0.0386346030318877,-0.00134932257578647));
#3216=CARTESIAN_POINT('',(0.00175940736092734,-0.0389212448104475,-0.00134444041320692));
#3217=CARTESIAN_POINT('',(0.00205011648526306,-0.0389431034558649,-0.00134469494545705));
#3218=CARTESIAN_POINT('',(0.00205011648531021,-0.0389431034558684,-0.00434530505454491));
#3219=CARTESIAN_POINT('',(0.00207803862371805,-0.0389452029431955,-0.00434528060713643));
#3220=CARTESIAN_POINT('',(0.00210600314160234,-0.038946253022251,-0.00434526948193855));
#3221=CARTESIAN_POINT('',(0.00213401006474912,-0.0389462530221881,-0.00434526948193923));
#3222=CARTESIAN_POINT('',(0.00205011648531021,-0.0389431034558684,-0.00434530505454491));
#3223=CARTESIAN_POINT('',(0.00213401006474912,-0.0389462530221881,-0.00434526948193924));
#3224=CARTESIAN_POINT('',(0.00221790363921194,-0.0389431034558649,-0.00434530505454495));
#3225=CARTESIAN_POINT('',(0.00251038359972804,-0.0389211116598963,-0.00434556113726213));
#3226=CARTESIAN_POINT('',(0.00307639299108655,-0.0386340214774662,-0.00434072314764707));
#3227=CARTESIAN_POINT('',(0.00335913304006104,-0.0377430495381157,-0.00448744578288906));
#3228=CARTESIAN_POINT('',(0.00299211706511683,-0.0369505440480659,-0.00481799455730725));
#3229=CARTESIAN_POINT('',(0.00213786237607562,-0.0365877419893796,-0.00504509359822908));
#3230=CARTESIAN_POINT('',(0.00127524853874554,-0.0369493128162713,-0.00481863321336464));
#3231=CARTESIAN_POINT('',(0.000909162209025885,-0.0377428069701143,-0.00448741325324373));
#3232=CARTESIAN_POINT('',(0.00119127984017402,-0.0386346030319232,-0.00434067742421348));
#3233=CARTESIAN_POINT('',(0.00175940736097134,-0.0389212448104632,-0.00434555958679488));
#3234=CARTESIAN_POINT('',(0.00205011648531021,-0.0389431034558684,-0.00434530505454491));
#3235=CARTESIAN_POINT('',(0.00221790363921194,-0.0389431034558648,-0.00434530505454495));
#3236=CARTESIAN_POINT('',(0.00213401006474912,-0.0389462530221881,-0.00434526948193923));
#3237=CARTESIAN_POINT('',(0.00216193219290794,-0.0389462530221255,-0.00434526948193992));
#3238=CARTESIAN_POINT('',(0.00218989646812001,-0.0389452093368668,-0.00434528053268554));
#3239=CARTESIAN_POINT('',(0.00221790363921194,-0.0389431034558649,-0.00434530505454495));
#3240=CARTESIAN_POINT('',(0.020496510062235,-0.0389955,-0.008845000000001));
#3241=CARTESIAN_POINT('',(0.00205011648531041,-0.0389431034558649,-0.00434530505454495));
#3242=CARTESIAN_POINT('',(0.000416057576136549,-0.0389407572735778,-0.00434533237458448));
#3243=CARTESIAN_POINT('',(-0.00203098999571159,-0.0388332640368543,-0.00434173245401437));
#3244=CARTESIAN_POINT('',(-0.00526832720707535,-0.0383702619506667,-0.00438130303139521));
#3245=CARTESIAN_POINT('',(-0.00766123495201245,-0.0378557734973775,-0.00447904547508357));
#3246=CARTESIAN_POINT('',(-0.0100281381788087,-0.037269243966539,-0.00467181832373089));
#3247=CARTESIAN_POINT('',(-0.0119383962899991,-0.0365554038452643,-0.00501467810614383));
#3248=CARTESIAN_POINT('',(-0.0131954409098917,-0.035731246287143,-0.0057011688292275));
#3249=CARTESIAN_POINT('',(-0.0138723300648371,-0.0350864121184212,-0.00652208153609716));
#3250=CARTESIAN_POINT('',(-0.0142441704001953,-0.0346099208482527,-0.00761472233705609));
#3251=CARTESIAN_POINT('',(-0.0143206682267494,-0.0344955,-0.00843141192309479));
#3252=CARTESIAN_POINT('',(-0.0143206682267494,-0.0344955,-0.008845000000001));
#3253=CARTESIAN_POINT('',(0.0185886883512245,-0.0344955,-0.008845000000001));
#3254=CARTESIAN_POINT('',(0.0185886883512245,-0.0344955,-0.00843141192309578));
#3255=CARTESIAN_POINT('',(0.0185121905246707,-0.0346099208482521,-0.00761472233705906));
#3256=CARTESIAN_POINT('',(0.0181403501893144,-0.0350864121184185,-0.00652208153610207));
#3257=CARTESIAN_POINT('',(0.0174634610343723,-0.0357312462871383,-0.0057011688292325));
#3258=CARTESIAN_POINT('',(0.0162064164144854,-0.0365554038452586,-0.0050146781061474));
#3259=CARTESIAN_POINT('',(0.0142961583033006,-0.0372692439665341,-0.00467181832373286));
#3260=CARTESIAN_POINT('',(0.0119292550765105,-0.0378557734973719,-0.00447904547508505));
#3261=CARTESIAN_POINT('',(0.00953634733157938,-0.0383702619506613,-0.00438130303139594));
#3262=CARTESIAN_POINT('',(0.00629901012022402,-0.0388332640368508,-0.0043417324540144));
#3263=CARTESIAN_POINT('',(0.00385196254838178,-0.0389407572735764,-0.00434533237458449));
#3264=CARTESIAN_POINT('',(0.00221790363921194,-0.0389431034558648,-0.00434530505454495));
#3265=CARTESIAN_POINT('',(0.0021340100622375,-0.0389955,0.003154999999999));
#3266=CARTESIAN_POINT('',(-0.0143206682267494,-0.0344955,0.003154999999999));
#3267=CARTESIAN_POINT('',(-0.0143206682267494,-0.0344955,0.00274141192309379));
#3268=CARTESIAN_POINT('',(-0.0142441704001957,-0.0346099208482521,0.00192472233705706));
#3269=CARTESIAN_POINT('',(-0.0138723300648394,-0.0350864121184184,0.000832081536100066));
#3270=CARTESIAN_POINT('',(-0.0131954409098974,-0.0357312462871383,1.11688292304933E-5));
#3271=CARTESIAN_POINT('',(-0.0119383962900104,-0.0365554038452585,-0.000675321893854578));
#3272=CARTESIAN_POINT('',(-0.0100281381788256,-0.0372692439665341,-0.00101818167626915));
#3273=CARTESIAN_POINT('',(-0.00766123495203546,-0.0378557734973719,-0.00121095452491695));
#3274=CARTESIAN_POINT('',(-0.00526832720710438,-0.0383702619506613,-0.00130869696860606));
#3275=CARTESIAN_POINT('',(-0.00203098999574902,-0.0388332640368508,-0.00134826754598759));
#3276=CARTESIAN_POINT('',(0.000416057576093227,-0.0389407572735764,-0.00134466762541751));
#3277=CARTESIAN_POINT('',(0.00205011648526306,-0.0389431034558649,-0.00134469494545705));
#3278=CARTESIAN_POINT('',(0.00221790363922854,-0.0389431034558648,-0.00134469494545705));
#3279=CARTESIAN_POINT('',(0.00385196254839697,-0.0389407572735759,-0.0013446676254175));
#3280=CARTESIAN_POINT('',(0.00629901012023715,-0.0388332640368496,-0.00134826754598757));
#3281=CARTESIAN_POINT('',(0.00953634733158957,-0.0383702619506594,-0.00130869696860583));
#3282=CARTESIAN_POINT('',(0.0119292550765185,-0.0378557734973699,-0.00121095452491643));
#3283=CARTESIAN_POINT('',(0.0142961583033066,-0.0372692439665324,-0.00101818167626846));
#3284=CARTESIAN_POINT('',(0.0162064164144893,-0.0365554038452565,-0.000675321893853312));
#3285=CARTESIAN_POINT('',(0.0174634610343744,-0.0357312462871366,1.11688292322306E-5));
#3286=CARTESIAN_POINT('',(0.0181403501893152,-0.0350864121184175,0.0008320815361018));
#3287=CARTESIAN_POINT('',(0.0185121905246708,-0.034609920848252,0.00192472233705806));
#3288=CARTESIAN_POINT('',(0.0185886883512244,-0.0344955,0.00274141192309413));
#3289=CARTESIAN_POINT('',(0.0185886883512244,-0.0344955,0.003154999999999));
#3290=CARTESIAN_POINT('',(0.0021340100622375,-0.0404257181212027,-0.00284459419372707));
#3291=CARTESIAN_POINT('',(0.0021340100622375,-0.0404257181212027,-0.00136193938498913));
#3292=CARTESIAN_POINT('',(0.0021340100622375,-0.0389431635909021,-0.00134469564529555));
#3293=CARTESIAN_POINT('',(0.00307215615836516,-0.0404257181212027,-0.00284459419373769));
#3294=CARTESIAN_POINT('',(0.00307180078025614,-0.0404257181219792,-0.00136193938482659));
#3295=CARTESIAN_POINT('',(0.00304124472363469,-0.0389431635914278,-0.00134469564530166));
#3296=CARTESIAN_POINT('',(0.00495288446186193,-0.0403680553221896,-0.00284446940316699));
#3297=CARTESIAN_POINT('',(0.00493749701309253,-0.0403688566193504,-0.00137549169263878));
#3298=CARTESIAN_POINT('',(0.00485037287371875,-0.0389014113217277,-0.00134460205237635));
#3299=CARTESIAN_POINT('',(0.00779153641863377,-0.0400495335298753,-0.00283429427721059));
#3300=CARTESIAN_POINT('',(0.0077475199975808,-0.0400553307847592,-0.00143784512691945));
#3301=CARTESIAN_POINT('',(0.00755434256574427,-0.0386730075055518,-0.00133697070790796));
#3302=CARTESIAN_POINT('',(0.0106088747552247,-0.0394436310387906,-0.00277566444044473));
#3303=CARTESIAN_POINT('',(0.0105134774929329,-0.0394677757697432,-0.00150382038854891));
#3304=CARTESIAN_POINT('',(0.0102138680024631,-0.0382449009929271,-0.00129299833033386));
#3305=CARTESIAN_POINT('',(0.0132638878386897,-0.0386273438407351,-0.00258991204775041));
#3306=CARTESIAN_POINT('',(0.0131180643131536,-0.0386741537850558,-0.00147933137724447));
#3307=CARTESIAN_POINT('',(0.0128080725214279,-0.0376480155829617,-0.00115368403581304));
#3308=CARTESIAN_POINT('',(0.0155297802492161,-0.0378054056999599,-0.00229856466158956));
#3309=CARTESIAN_POINT('',(0.0153374854232429,-0.0378813062198645,-0.00133165009502711));
#3310=CARTESIAN_POINT('',(0.0149239880131738,-0.0370665003755818,-0.000935173496192428));
#3311=CARTESIAN_POINT('',(0.0172954530696258,-0.0367662580514628,-0.00177132817391454));
#3312=CARTESIAN_POINT('',(0.0170105285488783,-0.0369556085995988,-0.000942330959714978));
#3313=CARTESIAN_POINT('',(0.0164309794476831,-0.0363974548681859,-0.000539746130436158));
#3314=CARTESIAN_POINT('',(0.0184266807718413,-0.035807959497636,-0.0011273987375028));
#3315=CARTESIAN_POINT('',(0.0180665086465461,-0.0361546077040146,-0.000418749096488314));
#3316=CARTESIAN_POINT('',(0.0173597529520255,-0.0358063374547193,-5.67990531273646E-5));
#3317=CARTESIAN_POINT('',(0.0192213885772871,-0.0348551375416202,-0.000198649133316463));
#3318=CARTESIAN_POINT('',(0.0188174695742533,-0.0353945799246987,0.000362439453760928));
#3319=CARTESIAN_POINT('',(0.0180079698329906,-0.0352236712897732,0.000639763150012458));
#3320=CARTESIAN_POINT('',(0.0198463425500432,-0.0338671768548903,0.00135902807702471));
#3321=CARTESIAN_POINT('',(0.0194246533271528,-0.0346272684817223,0.00167284522002613));
#3322=CARTESIAN_POINT('',(0.0185261899061304,-0.0346099031726469,0.00180802105776638));
#3323=CARTESIAN_POINT('',(0.0199528095900293,-0.0336242263269298,0.00275499481115498));
#3324=CARTESIAN_POINT('',(0.0195322547792171,-0.0344458742030852,0.00282220943399638));
#3325=CARTESIAN_POINT('',(0.0186173394549322,-0.0344546370493666,0.00285499610837532));
#3326=CARTESIAN_POINT('',(0.0199057623961231,-0.0337138162084508,0.00365560244013352));
#3327=CARTESIAN_POINT('',(0.0194852876191138,-0.034514507648836,0.00357007672510005));
#3328=CARTESIAN_POINT('',(0.018577741846258,-0.0345111900281901,0.00353045183009989));
#3329=CARTESIAN_POINT('',(0.00213401006223751,-0.0389257181212028,-0.00284459419372706));
#3330=CARTESIAN_POINT('',(0.0021340100622375,-0.0389431635909021,-0.00134469564529555));
#3331=CARTESIAN_POINT('',(0.00213401006223751,-0.0404257181212027,-0.00136193938498913));
#3332=CARTESIAN_POINT('',(0.00213401006223751,-0.0404257181212027,-0.00284459419372707));
#3333=CARTESIAN_POINT('',(0.00122677540085302,-0.0389431635914403,-0.00134469564530181));
#3334=CARTESIAN_POINT('',(0.00119621934423249,-0.0404257181219782,-0.00136193938483474));
#3335=CARTESIAN_POINT('',(0.00119586396611996,-0.0404257181212027,-0.00284459419373533));
#3336=CARTESIAN_POINT('',(-0.00058235274925265,-0.0389014113217218,-0.00134460205237629));
#3337=CARTESIAN_POINT('',(-0.000669476888630323,-0.0403688566193506,-0.00137549169263507));
#3338=CARTESIAN_POINT('',(-0.000684864337394747,-0.0403680553221895,-0.00284446940316809));
#3339=CARTESIAN_POINT('',(-0.00328632244127275,-0.0386730075055528,-0.00133697070790796));
#3340=CARTESIAN_POINT('',(-0.00347949987310712,-0.0400553307847585,-0.00143784512692055));
#3341=CARTESIAN_POINT('',(-0.00352351629416284,-0.0400495335298745,-0.00283429427721027));
#3342=CARTESIAN_POINT('',(-0.00594584787799607,-0.0382449009929252,-0.00129299833033364));
#3343=CARTESIAN_POINT('',(-0.00624545736846705,-0.0394677757697411,-0.0015038203885488));
#3344=CARTESIAN_POINT('',(-0.00634085463075806,-0.0394436310387885,-0.00277566444044452));
#3345=CARTESIAN_POINT('',(-0.00854005239696265,-0.0376480155829595,-0.00115368403581236));
#3346=CARTESIAN_POINT('',(-0.00885004418868779,-0.0386741537850528,-0.00147933137724427));
#3347=CARTESIAN_POINT('',(-0.00899586771422446,-0.038627343840732,-0.00258991204774949));
#3348=CARTESIAN_POINT('',(-0.0106559678887105,-0.037066500375578,-0.000935173496190847));
#3349=CARTESIAN_POINT('',(-0.0110694652987804,-0.0378813062198593,-0.00133165009502583));
#3350=CARTESIAN_POINT('',(-0.0112617601247541,-0.0378054056999543,-0.00229856466158744));
#3351=CARTESIAN_POINT('',(-0.0121629593232192,-0.0363974548681801,-0.000539746130432223));
#3352=CARTESIAN_POINT('',(-0.0127425084244157,-0.0369556085995911,-0.000942330959710984));
#3353=CARTESIAN_POINT('',(-0.013027432945164,-0.0367662580514536,-0.00177132817390932));
#3354=CARTESIAN_POINT('',(-0.0130917328275594,-0.0358063374547124,-5.67990531207638E-5));
#3355=CARTESIAN_POINT('',(-0.0137984885220814,-0.0361546077040049,-0.000418749096480731));
#3356=CARTESIAN_POINT('',(-0.0141586606473775,-0.0358079594976247,-0.00112739873749397));
#3357=CARTESIAN_POINT('',(-0.0137399497085227,-0.0352236712897664,0.000639763150022473));
#3358=CARTESIAN_POINT('',(-0.0145494494497868,-0.0353945799246916,0.000362439453771391));
#3359=CARTESIAN_POINT('',(-0.0149533684528202,-0.0348551375416089,-0.000198649133303219));
#3360=CARTESIAN_POINT('',(-0.0142581697816553,-0.0346099031726424,0.00180802105777949));
#3361=CARTESIAN_POINT('',(-0.0151566332026753,-0.0346272684817099,0.00167284522004359));
#3362=CARTESIAN_POINT('',(-0.0155783224255707,-0.0338671768548852,0.00135902807704274));
#3363=CARTESIAN_POINT('',(-0.0143493193304713,-0.0344546370493657,0.00285499610839291));
#3364=CARTESIAN_POINT('',(-0.01526423465477,-0.0344458742031148,0.00282220943400837));
#3365=CARTESIAN_POINT('',(-0.0156847894655597,-0.0336242263269197,0.00275499481117596));
#3366=CARTESIAN_POINT('',(-0.0143097217217821,-0.0345111900281914,0.00353045183011539));
#3367=CARTESIAN_POINT('',(-0.0152172674946378,-0.0345145076488376,0.00357007672511719));
#3368=CARTESIAN_POINT('',(-0.015637742271647,-0.0337138162084529,0.00365560244015418));
#3369=CARTESIAN_POINT('',(0.0021340100622375,-0.0389431635909021,-0.00434530435470645));
#3370=CARTESIAN_POINT('',(0.0021340100622375,-0.0404257181212027,-0.00432806061501287));
#3371=CARTESIAN_POINT('',(0.0021340100622375,-0.0404257181212027,-0.00284540580627494));
#3372=CARTESIAN_POINT('',(0.00302561820149275,-0.038943163591431,-0.0043453043547003));
#3373=CARTESIAN_POINT('',(0.00305564795007158,-0.0404257181219654,-0.00432806061516737));
#3374=CARTESIAN_POINT('',(0.00305599720702953,-0.0404257181212027,-0.00284540580626527));
#3375=CARTESIAN_POINT('',(0.00480380826175906,-0.0389028643904647,-0.00434539481104177));
#3376=CARTESIAN_POINT('',(0.0048896843387639,-0.0403708356960276,-0.0043149653247979));
#3377=CARTESIAN_POINT('',(0.00490429170222768,-0.0403700923288499,-0.00284552641472271));
#3378=CARTESIAN_POINT('',(0.0074609733694855,-0.0386827892223025,-0.00435264207943468));
#3379=CARTESIAN_POINT('',(0.00765169627046355,-0.0400685242049961,-0.00425471610565087));
#3380=CARTESIAN_POINT('',(0.00769351286482765,-0.0400631165867016,-0.00285518943924573));
#3381=CARTESIAN_POINT('',(0.0100781113059217,-0.0382714801606183,-0.00439331158928687));
#3382=CARTESIAN_POINT('',(0.010373476679453,-0.0395039533735016,-0.00418860242475782));
#3383=CARTESIAN_POINT('',(0.0104642703091884,-0.0394815590098909,-0.00290941545238222));
#3384=CARTESIAN_POINT('',(0.0126305193053322,-0.0376898108216183,-0.00452420404053744));
#3385=CARTESIAN_POINT('',(0.0129456450447644,-0.038728048957197,-0.00420594249962454));
#3386=CARTESIAN_POINT('',(0.0130874966911429,-0.0386826304936641,-0.00308393872071622));
#3387=CARTESIAN_POINT('',(0.0147143236998156,-0.0371324796685506,-0.004727353753211));
#3388=CARTESIAN_POINT('',(0.0151140874568745,-0.0379714869065077,-0.00433730060552227));
#3389=CARTESIAN_POINT('',(0.0152962828246634,-0.0379018432416476,-0.00335480500428104));
#3390=CARTESIAN_POINT('',(0.0162288341559353,-0.0364998829655014,-0.00508283453814587));
#3391=CARTESIAN_POINT('',(0.0167850843468974,-0.037096030999435,-0.00467869841619934));
#3392=CARTESIAN_POINT('',(0.0170542836318257,-0.0369283443771088,-0.00382877938419424));
#3393=CARTESIAN_POINT('',(0.0171897137894758,-0.0359306064630077,-0.00551843450547868));
#3394=CARTESIAN_POINT('',(0.0178712766844704,-0.0363211348375958,-0.00514432152796684));
#3395=CARTESIAN_POINT('',(0.0182177396516993,-0.0360112920700532,-0.00440957934063755));
#3396=CARTESIAN_POINT('',(0.0178835772721095,-0.0353495508110973,-0.00615493475874327));
#3397=CARTESIAN_POINT('',(0.0186727889613004,-0.0355559546558826,-0.00585586907865575));
#3398=CARTESIAN_POINT('',(0.0190697216581845,-0.0350601116048899,-0.00525824634499207));
#3399=CARTESIAN_POINT('',(0.0184682788330427,-0.0346956859457776,-0.00725705520571611));
#3400=CARTESIAN_POINT('',(0.0193563142828139,-0.0347306100102654,-0.00709448504402525));
#3401=CARTESIAN_POINT('',(0.0197777976750236,-0.0340030950229983,-0.00672774027428067));
#3402=CARTESIAN_POINT('',(0.0185978359614228,-0.034482347477475,-0.0082735355441233));
#3403=CARTESIAN_POINT('',(0.019509104352815,-0.0344795688461684,-0.00821306526672557));
#3404=CARTESIAN_POINT('',(0.0199296264837729,-0.0336681444035785,-0.00808304739219562));
#3405=CARTESIAN_POINT('',(0.0185879828230207,-0.034496514669361,-0.00894055623838976));
#3406=CARTESIAN_POINT('',(0.0194974225704947,-0.0344967285734355,-0.00895062728460832));
#3407=CARTESIAN_POINT('',(0.0199179264844757,-0.033690574635946,-0.00897240831785268));
#3408=CARTESIAN_POINT('',(0.00213401006223751,-0.0389257181212028,-0.00284540580627493));
#3409=CARTESIAN_POINT('',(0.00213401006223751,-0.0404257181212027,-0.00284540580627494));
#3410=CARTESIAN_POINT('',(0.00213401006223751,-0.0404257181212027,-0.00432806061501287));
#3411=CARTESIAN_POINT('',(0.0021340100622375,-0.0389431635909021,-0.00434530435470645));
#3412=CARTESIAN_POINT('',(0.0012120229174563,-0.0404257181212027,-0.00284540580626449));
#3413=CARTESIAN_POINT('',(0.00121237217441389,-0.0404257181219654,-0.00432806061516574));
#3414=CARTESIAN_POINT('',(0.00124240192299559,-0.038943163591431,-0.0043453043547003));
#3415=CARTESIAN_POINT('',(-0.000636271577757708,-0.0403700923288499,-0.00284552641472307));
#3416=CARTESIAN_POINT('',(-0.000621664214293742,-0.0403708356960275,-0.00431496532479866));
#3417=CARTESIAN_POINT('',(-0.000535788137290256,-0.0389028643904646,-0.00434539481104177));
#3418=CARTESIAN_POINT('',(-0.00342549274035132,-0.0400631165867016,-0.00285518943924563));
#3419=CARTESIAN_POINT('',(-0.0033836761459873,-0.040068524204996,-0.00425471610565066));
#3420=CARTESIAN_POINT('',(-0.00319295324500888,-0.0386827892223025,-0.00435264207943468));
#3421=CARTESIAN_POINT('',(-0.00619625018471375,-0.0394815590098909,-0.00290941545238225));
#3422=CARTESIAN_POINT('',(-0.00610545655497833,-0.0395039533735015,-0.00418860242475789));
#3423=CARTESIAN_POINT('',(-0.00581009118144714,-0.0382714801606183,-0.00439331158928688));
#3424=CARTESIAN_POINT('',(-0.00881947656666789,-0.0386826304936641,-0.00308393872071621));
#3425=CARTESIAN_POINT('',(-0.00867762492028938,-0.038728048957197,-0.0042059424996245));
#3426=CARTESIAN_POINT('',(-0.00836249918085715,-0.0376898108216183,-0.00452420404053743));
#3427=CARTESIAN_POINT('',(-0.0110282627001884,-0.0379018432416476,-0.00335480500428105));
#3428=CARTESIAN_POINT('',(-0.0108460673323996,-0.0379714869065076,-0.00433730060552233));
#3429=CARTESIAN_POINT('',(-0.0104463035753406,-0.0371324796685506,-0.004727353753211));
#3430=CARTESIAN_POINT('',(-0.0127862635073508,-0.0369283443771088,-0.00382877938419424));
#3431=CARTESIAN_POINT('',(-0.0125170642224224,-0.0370960309994351,-0.00467869841619926));
#3432=CARTESIAN_POINT('',(-0.0119608140314603,-0.0364998829655014,-0.00508283453814588));
#3433=CARTESIAN_POINT('',(-0.0139497195272242,-0.0360112920700533,-0.00440957934063757));
#3434=CARTESIAN_POINT('',(-0.0136032565599953,-0.0363211348375956,-0.00514432152796708));
#3435=CARTESIAN_POINT('',(-0.0129216936650007,-0.0359306064630077,-0.00551843450547866));
#3436=CARTESIAN_POINT('',(-0.0148017015337098,-0.0350601116048893,-0.00525824634499209));
#3437=CARTESIAN_POINT('',(-0.014404768836826,-0.0355559546558831,-0.00585586907865505));
#3438=CARTESIAN_POINT('',(-0.0136155571476349,-0.0353495508110972,-0.00615493475874342));
#3439=CARTESIAN_POINT('',(-0.0155097775505472,-0.034003095023001,-0.00672774027428083));
#3440=CARTESIAN_POINT('',(-0.015088294158335,-0.034730610010263,-0.00709448504402779));
#3441=CARTESIAN_POINT('',(-0.0142002587085659,-0.0346956859457776,-0.00725705520571549));
#3442=CARTESIAN_POINT('',(-0.0156616063593041,-0.0336681444035667,-0.00808304739219487));
#3443=CARTESIAN_POINT('',(-0.0152410842283582,-0.034479568846178,-0.00821306526671999));
#3444=CARTESIAN_POINT('',(-0.0143298158369555,-0.034482347477475,-0.00827353554412602));
#3445=CARTESIAN_POINT('',(-0.0156499063600007,-0.033690574635946,-0.00897240831785269));
#3446=CARTESIAN_POINT('',(-0.0152294024460197,-0.0344967285734355,-0.00895062728460833));
#3447=CARTESIAN_POINT('',(-0.0143199626985457,-0.034496514669361,-0.00894055623838977));
#3448=CARTESIAN_POINT('',(0.0167050948366523,-0.0339955,-0.00266581188434292));
#3449=CARTESIAN_POINT('',(0.0167050948366523,-0.0339955,-0.00266581188434292));
#3450=CARTESIAN_POINT('',(0.0167050948366523,-0.0339955,-0.00835501495748758));
#3451=CARTESIAN_POINT('',(0.0167050948366523,-0.0339955,-0.00835501495748758));
#3452=CARTESIAN_POINT('',(0.00222999276593331,-0.0339955,-0.00835501495748758));
#3453=CARTESIAN_POINT('',(-0.0122451093047857,-0.0339955,-0.00835501495748758));
#3454=CARTESIAN_POINT('',(-0.0122451093047857,-0.0339955,-0.00835501495748758));
#3455=CARTESIAN_POINT('',(0.00222999276593331,-0.0339955,-0.00835501495748758));
#3456=CARTESIAN_POINT('',(-0.0122451093047857,-0.0339955,-0.00266581188434292));
#3457=CARTESIAN_POINT('',(-0.0122451093047857,-0.0339955,-0.00266581188434292));
#3458=CARTESIAN_POINT('',(0.0021340100622375,-0.0339955,-0.002345000000001));
#3459=CARTESIAN_POINT('',(-0.00315685383975506,-0.0334420187183618,-0.011602099000001));
#3460=CARTESIAN_POINT('',(-0.00315685383975506,-0.0338885374367237,-0.011602099000001));
#3461=CARTESIAN_POINT('',(-0.000874402525369078,-0.0338885374367237,-0.011602099000001));
#3462=CARTESIAN_POINT('',(0.0014080487890169,-0.0338885374367237,-0.011602099000001));
#3463=CARTESIAN_POINT('',(0.0014080487890169,-0.0334420187183618,-0.011602099000001));
#3464=CARTESIAN_POINT('',(0.0695441603798028,-0.0305589903146029,0.00287654716521501));
#3465=CARTESIAN_POINT('',(0.0695441603798028,-0.0305589903146029,0.00287654716521501));
#3466=CARTESIAN_POINT('',(-0.0111080864444375,0.0059945,0.00301755336113274));
#3467=CARTESIAN_POINT('',(0.00431437743827707,-0.0404277181212028,0.000557388942979742));
#3468=CARTESIAN_POINT('',(0.00431437743827707,-0.0404277181212028,0.0010180416284129));
#3469=CARTESIAN_POINT('',(0.00431437743827707,-0.0404277181212028,9.67362575465813E-5));
#3470=CARTESIAN_POINT('',(0.00377986710565048,-0.0404277181212028,9.67362575465813E-5));
#3471=CARTESIAN_POINT('',(0.00324535677302389,-0.0404277181212028,9.67362575465813E-5));
#3472=CARTESIAN_POINT('',(0.00377986710565048,-0.0404277181212028,0.0010180416284129));
#3473=CARTESIAN_POINT('',(0.00324535677302389,-0.0404277181212028,0.0010180416284129));
#3474=CARTESIAN_POINT('',(0.00324535677302389,-0.0404277181212028,0.000557388942979742));
#3475=CARTESIAN_POINT('',(-0.011708489937765,-0.0010555,0.00441209899999899));
#3476=CARTESIAN_POINT('',(-0.011708489937765,0.0097495,-0.010100099000001));
#3477=CARTESIAN_POINT('',(-0.011708489937765,-0.0118605,0.00441209899999899));
#3478=CARTESIAN_POINT('',(-0.009183489937765,0.0112495,0.00441209899999899));
#3479=CARTESIAN_POINT('',(-0.010208489937765,0.0112495,-0.011600099000001));
#3480=CARTESIAN_POINT('',(-0.008158489937765,0.0112495,0.00441209899999899));
#3481=CARTESIAN_POINT('',(-0.006658489937765,0.0112495,-0.009900099000001));
#3482=CARTESIAN_POINT('',(-0.006658489937765,0.0112495,-0.009900099000001));
#3483=CARTESIAN_POINT('',(-0.009183489937765,0.0112495,-0.009900099000001));
#3484=CARTESIAN_POINT('',(-0.011708489937765,0.0112495,-0.009900099000001));
#3485=CARTESIAN_POINT('',(-0.011708489937765,0.0112495,-0.009900099000001));
#3486=CARTESIAN_POINT('',(-0.009183489937765,-0.0133605,0.00441209899999899));
#3487=CARTESIAN_POINT('',(-0.010208489937765,-0.0133605,0.00441209899999899));
#3488=CARTESIAN_POINT('',(-0.011708489937765,-0.0133605,-0.009900099000001));
#3489=CARTESIAN_POINT('',(-0.011708489937765,-0.0133605,-0.009900099000001));
#3490=CARTESIAN_POINT('',(-0.009183489937765,-0.0133605,-0.009900099000001));
#3491=CARTESIAN_POINT('',(-0.00665848993776501,-0.0133605,-0.009900099000001));
#3492=CARTESIAN_POINT('',(-0.00665848993776501,-0.0133605,-0.009900099000001));
#3493=CARTESIAN_POINT('',(-0.00815848993776501,-0.0133605,-0.011600099000001));
#3494=CARTESIAN_POINT('',(-0.006658489937765,-0.0010555,0.00441209899999899));
#3495=CARTESIAN_POINT('',(-0.00665848993776501,-0.0118605,-0.010100099000001));
#3496=CARTESIAN_POINT('',(-0.006658489937765,0.0097495,0.00441209899999899));
#3497=CARTESIAN_POINT('',(-0.011708489937765,-0.0161976644953489,-0.009900099000001));
#3498=CARTESIAN_POINT('',(-0.011708489937765,-0.0190348289906979,-0.009900099000001));
#3499=CARTESIAN_POINT('',(-0.011708489937765,-0.0190348289906979,-0.009900099000001));
#3500=CARTESIAN_POINT('',(-0.011708489937765,-0.0161976644953489,-0.009900099000001));
#3501=CARTESIAN_POINT('',(-0.009183489937765,-0.0190348289906979,-0.009900099000001));
#3502=CARTESIAN_POINT('',(-0.006658489937765,-0.0190348289906979,-0.009900099000001));
#3503=CARTESIAN_POINT('',(-0.006658489937765,-0.0190348289906979,-0.009900099000001));
#3504=CARTESIAN_POINT('',(-0.009183489937765,-0.0190348289906979,-0.009900099000001));
#3505=CARTESIAN_POINT('',(-0.006658489937765,-0.0161976644953489,-0.009900099000001));
#3506=CARTESIAN_POINT('',(-0.006658489937765,-0.0161976644953489,-0.009900099000001));
#3507=CARTESIAN_POINT('',(0.00288401006223749,-0.0017505,-0.009900099000001));
#3508=CARTESIAN_POINT('',(-0.011708489937765,0.0143913201285005,-0.009900099000001));
#3509=CARTESIAN_POINT('',(-0.011708489937765,0.0143913201285005,-0.009900099000001));
#3510=CARTESIAN_POINT('',(-0.011708489937765,0.0175331402570009,-0.009900099000001));
#3511=CARTESIAN_POINT('',(-0.011708489937765,0.0175331402570009,-0.009900099000001));
#3512=CARTESIAN_POINT('',(-0.006658489937765,0.0143913201285005,-0.009900099000001));
#3513=CARTESIAN_POINT('',(-0.006658489937765,0.0175331402570009,-0.009900099000001));
#3514=CARTESIAN_POINT('',(-0.006658489937765,0.0175331402570009,-0.009900099000001));
#3515=CARTESIAN_POINT('',(-0.006658489937765,0.0143913201285005,-0.009900099000001));
#3516=CARTESIAN_POINT('',(-0.009183489937765,0.0175331402570009,-0.009900099000001));
#3517=CARTESIAN_POINT('',(-0.009183489937765,0.0175331402570009,-0.009900099000001));
#3518=CARTESIAN_POINT('',(0.00288401006223749,-0.0017505,-0.009900099000001));
#3519=CARTESIAN_POINT('',(-0.010208489937765,0.0097495,0.00441209899999899));
#3520=CARTESIAN_POINT('',(-0.010208489937765,-0.0118605,0.00441209899999899));
#3521=CARTESIAN_POINT('',(-0.00815848993776501,-0.0118605,0.00441209899999899));
#3522=CARTESIAN_POINT('',(-0.008158489937765,0.0097495,0.00441209899999899));
#3523=MECHANICAL_DESIGN_GEOMETRIC_PRESENTATION_REPRESENTATION('',(#1906),
#3524);
#3524=(
GEOMETRIC_REPRESENTATION_CONTEXT(3)
GLOBAL_UNCERTAINTY_ASSIGNED_CONTEXT((#3525))
GLOBAL_UNIT_ASSIGNED_CONTEXT((#3528,#3527,#3526))
REPRESENTATION_CONTEXT('Bottom','TOP_LEVEL_ASSEMBLY_PART')
);
#3525=UNCERTAINTY_MEASURE_WITH_UNIT(LENGTH_MEASURE(2.E-5),#3528,
'DISTANCE_ACCURACY_VALUE','Maximum Tolerance applied to model');
#3526=(
NAMED_UNIT(*)
SI_UNIT($,.STERADIAN.)
SOLID_ANGLE_UNIT()
);
#3527=(
NAMED_UNIT(*)
PLANE_ANGLE_UNIT()
SI_UNIT($,.RADIAN.)
);
#3528=(
LENGTH_UNIT()
NAMED_UNIT(*)
SI_UNIT($,.METRE.)
);
#3529=PRODUCT_DEFINITION_SHAPE('','',#3530);
#3530=PRODUCT_DEFINITION('','',#3532,#3531);
#3531=PRODUCT_DEFINITION_CONTEXT('',#3538,'design');
#3532=PRODUCT_DEFINITION_FORMATION_WITH_SPECIFIED_SOURCE('','',#3534,
 .NOT_KNOWN.);
#3533=PRODUCT_RELATED_PRODUCT_CATEGORY('','',(#3534));
#3534=PRODUCT('Bottom','Bottom','Bottom',(#3536));
#3535=PRODUCT_CATEGORY('','');
#3536=PRODUCT_CONTEXT('',#3538,'mechanical');
#3537=APPLICATION_PROTOCOL_DEFINITION('international standard',
'ap242_managed_model_based_3d_engineering',2020,#3538);
#3538=APPLICATION_CONTEXT('managed model based 3d engineering');
ENDSEC;
END-ISO-10303-21;
